Calendar Date	Type	Pen. Mag.	Umbral Mag.	Pen. Begins	Alt	Partial Begins	Alt	Total Begins	Alt	Mid-Eclipse	Alt	Total Ends	Alt	Partial Ends	Alt	Pen. Ends	Alt
-1499-Jul-18	P	1.087	0.14	0:38	+40	2:03	+34	-	-	2:43	+29	-	-	3:23	+24	4:48	+09
-1498-Jul-07	T	2.406	1.44	16:29	-34	17:26	-22	18:27	-10	19:10	-2	19:54	+07	20:55	+17	21:52	+26
-1497-Jun-27	P	1.875	0.86	4:33	+08	5:42	-5	-	-	7:17	-24	-	-	8:52	-43	10:00	-58
-1497-Dec-20	N	0.937	-0.062	21:02	+44	-	-	-	-	23:05	+71	-	-	-	-	1:08	+81
-1496-May-16	N	0.17	-0.898	20:39	+22	-	-	-	-	21:42	+33	-	-	-	-	22:46	+42
-1496-Nov-10	P	0.994	0.018	1:06	+71	2:53	+50	-	-	3:08	+47	-	-	3:23	+44	5:10	+21
-1495-May-05	P	1.579	0.529	20:13	+19	21:34	+34	-	-	22:56	+46	-	-	0:18	+51	1:39	+47
-1495-Oct-30	T	2.203	1.19	14:14	-45	15:17	-34	16:27	-20	16:58	-14	17:30	-7	18:40	+08	19:42	+21
-1494-Apr-25	T	2.694	1.696	3:03	+37	4:02	+25	5:03	+13	5:53	+02	6:44	-9	7:44	-22	8:44	-35
-1494-Oct-19	T	2.257	1.187	21:51	+49	23:01	+62	0:15	+68	0:48	+67	1:21	+64	2:35	+52	3:45	+37
-1493-Apr-14	P	1.309	0.356	17:23	-16	18:36	-1	-	-	19:39	+13	-	-	20:41	+25	21:55	+39
-1493-Oct-08	N	0.973	-0.129	23:24	+61	-	-	-	-	1:45	+57	-	-	-	-	4:06	+31
-1492-Mar-05	P	1.003	0.039	2:51	+56	4:33	+34	-	-	4:54	+29	-	-	5:16	+25	6:58	+02
-1491-Feb-22	T	2.323	1.307	15:02	-36	16:05	-26	17:12	-14	17:51	-6	18:30	+02	19:37	+16	20:40	+29
-1491-Aug-17	T	2.082	1.094	16:34	-33	17:35	-20	18:51	-5	19:14	+00	19:37	+05	20:53	+19	21:54	+30
-1490-Feb-11	P	2.06	0.988	20:42	+34	21:55	+50	-	-	23:38	+72	-	-	1:22	+78	2:35	+64
-1489-Jan-31	N	0.75	-0.342	21:36	+47	-	-	-	-	23:42	+74	-	-	-	-	1:49	+74
-1489-Jul-28	N	0.961	-0.001	1:08	+39	-	-	-	-	3:09	+27	-	-	-	-	5:10	+06
-1488-Jun-17	P	1.294	0.265	2:33	+29	4:02	+15	-	-	5:01	+04	-	-	6:00	-7	7:30	-25
-1488-Dec-10	T	2.254	1.266	19:00	+18	19:58	+30	21:04	+44	21:40	+52	22:15	+60	23:21	+74	0:19	+85
-1487-Jun-06	T	2.7	1.634	5:12	+02	6:21	-12	7:26	-25	8:18	-36	9:10	-47	10:15	-61	11:24	-76
-1486-Nov-20	N	0.967	-0.035	1:36	+67	-	-	-	-	3:41	+41	-	-	-	-	5:45	+15
-1485-Apr-16	N	0.556	-0.428	3:06	+38	-	-	-	-	4:46	+19	-	-	-	-	6:25	-3
-1485-Oct-10	N	0.785	-0.297	18:18	+00	-	-	-	-	20:24	+28	-	-	-	-	22:30	+53
-1484-Apr-04	T	1.965	1.017	17:18	-17	18:15	-4	19:40	+14	19:49	+16	19:59	+18	21:24	+35	22:21	+46
-1484-Sep-28	P	2.023	0.923	17:15	-16	18:32	+00	-	-	20:15	+23	-	-	21:58	+43	23:15	+56
-1483-Sep-17	T	2.481	1.415	18:04	-8	19:12	+06	20:19	+20	21:04	+29	21:49	+38	22:56	+48	0:04	+55
-1482-Mar-15	N	0.973	-0.024	1:06	+71	-	-	-	-	3:13	+49	-	-	-	-	5:20	+22
-1482-Sep-07	P	1.176	0.17	2:30	+39	4:00	+24	-	-	4:46	+15	-	-	5:32	+06	7:03	-13
-1481-Feb-02	N	0.974	-0.111	16:45	-16	-	-	-	-	19:05	+12	-	-	-	-	21:24	+42
-1480-Jan-22	T	2.262	1.172	15:34	-26	16:47	-13	18:05	+01	18:37	+08	19:09	+14	20:27	+31	21:40	+47
-1480-Jul-18	T	2.293	1.323	0:07	+39	1:05	+38	2:09	+33	2:48	+28	3:27	+23	4:31	+12	5:28	+02
-1479-Jan-10	T	2.21	1.162	18:44	+12	19:52	+26	21:06	+42	21:37	+49	22:07	+55	23:22	+71	0:29	+85
-1479-Dec-31	N	0.954	-0.041	5:42	+19	-	-	-	-	7:46	-5	-	-	-	-	9:49	-25
-1478-May-28	N	0.012	-1.057	3:49	+22	-	-	-	-	4:06	+19	-	-	-	-	4:23	+15
-1478-Jun-26	N	0.562	-0.502	17:02	-27	-	-	-	-	18:52	-5	-	-	-	-	20:43	+15
-1477-May-17	P	1.423	0.377	2:55	+33	4:21	+17	-	-	5:32	+03	-	-	6:42	-12	8:09	-31
-1477-Nov-10	T	2.202	1.185	22:59	+67	0:01	+76	1:12	+71	1:43	+65	2:15	+59	3:25	+45	4:28	+31
-1476-Oct-30	T	2.267	1.193	6:09	+04	7:19	-11	8:34	-26	9:07	-32	9:40	-37	10:54	-48	12:05	-53
-1475-Apr-25	P	1.441	0.491	0:50	+53	1:58	+47	-	-	3:09	+35	-	-	4:21	+22	5:29	+07
-1474-Apr-14	N	0.134	-0.81	19:31	+11	-	-	-	-	20:19	+21	-	-	-	-	21:08	+31
-1474-Sep-08	N	0.633	-0.415	15:34	-45	-	-	-	-	17:25	-21	-	-	-	-	19:17	+03
-1473-Mar-05	T	2.23	1.214	22:41	+58	23:45	+70	0:56	+74	1:30	+71	2:04	+65	3:15	+51	4:19	+38
-1473-Aug-29	T	2.017	1.029	0:42	+47	1:43	+43	3:07	+32	3:20	+30	3:33	+28	4:57	+13	5:59	+01
-1472-Feb-23	T	2.145	1.074	4:01	+41	5:13	+25	6:37	+07	6:59	+03	7:21	-2	8:46	-19	9:58	-32
-1472-Aug-17	T	2.357	1.401	16:05	-39	17:00	-28	18:01	-15	18:42	-6	19:24	+02	20:24	+14	21:19	+24
-1471-Feb-11	N	0.821	-0.266	4:54	+30	-	-	-	-	7:05	+02	-	-	-	-	9:17	-23
-1470-Jan-01	N	0.928	-0.105	16:30	-13	-	-	-	-	18:37	+11	-	-	-	-	20:45	+37
-1470-Dec-22	T	2.248	1.264	3:51	+42	4:49	+30	5:55	+16	6:30	+09	7:06	+02	8:11	-10	9:09	-20
-1469-Dec-11	T	2.215	1.244	19:25	+23	20:22	+35	21:27	+49	22:01	+57	22:35	+64	23:40	+78	0:37	+85
-1467-May-25	N	0.472	-0.533	19:52	+12	-	-	-	-	21:27	+29	-	-	-	-	23:02	+41
-1467-Oct-21	N	0.768	-0.319	2:27	+52	-	-	-	-	4:32	+26	-	-	-	-	6:38	-1
-1466-Apr-16	P	1.843	0.898	0:58	+57	1:57	+50	-	-	3:28	+35	-	-	4:58	+17	5:57	+04
-1466-Oct-10	P	1.995	0.893	1:07	+61	2:25	+50	-	-	4:07	+30	-	-	5:48	+08	7:06	-9
-1465-Apr-05	T	2.478	1.526	17:55	-8	18:49	+03	19:48	+16	20:34	+25	21:19	+35	22:18	+46	23:13	+55
-1465-Sep-29	T	2.517	1.451	2:05	+50	3:13	+38	4:18	+25	5:05	+15	5:51	+05	6:57	-9	8:05	-23
-1463-Feb-13	N	0.897	-0.186	0:14	+78	-	-	-	-	2:29	+63	-	-	-	-	4:45	+34
-1463-Aug-08	N	0.904	-0.049	16:42	-32	-	-	-	-	18:39	-7	-	-	-	-	20:35	+15
-1463-Sep-07	N	0.034	-0.93	2:54	+36	-	-	-	-	3:19	+32	-	-	-	-	3:44	+28
-1462-Feb-01	T	2.2	1.116	23:10	+68	0:23	+82	1:44	+74	2:11	+69	2:38	+63	3:59	+45	5:13	+29
-1461-Jan-22	T	2.248	1.206	2:50	+59	3:56	+44	5:08	+29	5:42	+22	6:16	+15	7:28	+00	8:34	-12
-1461-Jul-18	T	2.127	1.1	18:44	-6	19:51	+06	21:10	+20	21:34	+24	21:59	+27	23:18	+36	0:24	+39
-1460-Jan-11	N	0.979	-0.01	14:17	-34	-	-	-	-	16:21	-16	-	-	-	-	18:25	+06
-1460-Jul-06	N	0.701	-0.367	23:30	+36	-	-	-	-	1:32	+35	-	-	-	-	3:33	+20
-1460-Dec-01	P	0.99	0.013	19:05	+18	20:54	+41	-	-	21:07	+44	-	-	21:19	+47	23:09	+70
-1458-May-16	T	2.727	1.738	17:17	-20	18:16	-7	19:15	+05	20:06	+15	20:57	+24	21:56	+34	22:55	+41
-1458-Nov-10	T	2.272	1.194	14:29	-38	15:40	-26	16:55	-12	17:28	-5	18:01	+02	19:16	+18	20:26	+33
-1457-Oct-30	N	1.008	-0.098	15:23	-32	-	-	-	-	17:47	-3	-	-	-	-	20:10	+29
-1456-Mar-26	N	0.789	-0.175	18:38	+02	-	-	-	-	20:30	+26	-	-	-	-	22:23	+48
-1456-Apr-25	N	0.257	-0.687	2:47	+38	-	-	-	-	3:53	+26	-	-	-	-	4:59	+13
-1456-Sep-18	N	0.594	-0.453	23:38	+52	-	-	-	-	1:26	+52	-	-	-	-	3:14	+37
-1455-Mar-16	T	2.125	1.108	6:12	+08	7:17	-6	8:35	-22	9:00	-27	9:25	-32	10:43	-46	11:48	-54
-1454-Aug-29	T	2.425	1.467	0:21	+47	1:16	+46	2:15	+40	2:59	+34	3:42	+27	4:42	+16	5:36	+05
-1453-Aug-18	P	1.127	0.155	16:56	-28	18:23	-9	-	-	19:05	-1	-	-	19:48	+08	21:15	+24
-1452-Jan-13	N	0.904	-0.123	0:51	+86	-	-	-	-	2:57	+59	-	-	-	-	5:02	+32
-1452-Jul-08	N	1.02	-0.019	16:36	-33	-	-	-	-	18:54	-6	-	-	-	-	21:11	+19
-1451-Jan-01	T	2.23	1.25	12:36	-39	13:34	-37	14:39	-31	15:14	-27	15:49	-22	16:54	-11	17:52	+00
-1451-Jun-27	T	2.393	1.322	18:13	-12	19:24	+02	20:35	+15	21:17	+22	21:59	+28	23:11	+36	0:22	+39
-1451-Dec-22	T	2.222	1.252	4:19	+36	5:16	+24	6:21	+10	6:55	+04	7:30	-3	8:35	-15	9:31	-24
-1450-Jun-16	P	1.993	0.938	19:14	+02	20:27	+16	-	-	22:08	+31	-	-	23:50	+40	1:03	+39
-1450-Dec-11	N	0.957	-0.048	19:15	+20	-	-	-	-	21:20	+47	-	-	-	-	23:25	+74
-1449-May-07	N	0.304	-0.672	18:02	-10	-	-	-	-	19:17	+05	-	-	-	-	20:32	+20
-1449-Jun-06	N	0.622	-0.381	2:41	+31	-	-	-	-	4:28	+13	-	-	-	-	6:15	-8
-1447-Apr-16	T	2.601	1.649	1:29	+54	2:23	+47	3:21	+37	4:09	+27	4:58	+17	5:55	+05	6:50	-7
-1446-Apr-05	P	1.189	0.19	15:45	-36	17:15	-18	-	-	18:04	-8	-	-	18:53	+03	20:23	+22
-1446-Sep-28	P	1.258	0.252	19:11	+08	20:35	+26	-	-	21:30	+37	-	-	22:25	+47	23:50	+58
-1445-Aug-20	N	0.829	-0.127	0:55	+45	-	-	-	-	2:47	+35	-	-	-	-	4:40	+16
-1444-Feb-13	T	2.126	1.047	6:38	+07	7:52	-8	9:20	-24	9:37	-27	9:55	-30	11:23	-42	12:37	-47
-1444-Aug-08	T	2.102	1.121	15:42	-45	16:42	-32	17:56	-17	18:21	-11	18:47	-6	20:01	+08	21:01	+19
-1443-Jul-29	T	2.238	1.205	1:59	+35	3:05	+26	4:17	+15	4:51	+08	5:25	+02	6:38	-12	7:44	-26
-1442-Jan-21	P	1.014	0.03	22:45	+64	0:32	+86	-	-	0:51	+86	-	-	1:10	+83	2:56	+60
-1442-Dec-13	P	0.984	0.007	4:01	+39	5:54	+15	-	-	6:03	+13	-	-	6:12	+11	8:05	-11
-1441-Jun-07	P	1.12	0.078	16:25	-33	18:15	-10	-	-	18:48	-3	-	-	19:22	+03	21:12	+23
-1441-Dec-02	T	2.203	1.18	16:28	-14	17:31	-2	18:42	+13	19:13	+19	19:45	+26	20:56	+41	21:59	+55
-1440-May-27	T	2.581	1.595	0:26	+44	1:25	+41	2:25	+34	3:14	+27	4:02	+18	5:03	+07	6:02	-5
-1440-Nov-20	T	2.275	1.195	22:50	+68	0:01	+80	1:15	+73	1:49	+67	2:22	+60	3:37	+43	4:48	+28
-1439-May-16	P	1.715	0.769	15:39	-41	16:40	-29	-	-	18:06	-11	-	-	19:31	+07	20:33	+18
-1439-Nov-09	N	1.019	-0.088	23:28	+73	-	-	-	-	1:52	+64	-	-	-	-	4:16	+33
-1438-Apr-07	N	0.667	-0.297	2:22	+52	-	-	-	-	4:07	+31	-	-	-	-	5:51	+09
-1437-Mar-27	P	2.005	0.987	13:32	-57	14:39	-48	-	-	16:19	-30	-	-	17:58	-9	19:05	+05
-1437-Sep-19	P	1.926	0.937	17:24	-17	18:27	-4	-	-	20:00	+16	-	-	21:34	+35	22:36	+46
-1436-Mar-15	T	2.356	1.288	18:09	-3	19:20	+12	20:32	+27	21:12	+36	21:52	+44	23:04	+58	0:14	+68
-1435-Mar-04	N	1.007	-0.071	19:02	+09	-	-	-	-	21:24	+40	-	-	-	-	23:46	+67
-1435-Aug-29	P	1.192	0.214	1:02	+47	2:25	+39	-	-	3:15	+32	-	-	4:05	+23	5:28	+07
-1434-Jul-19	N	0.895	-0.151	23:44	+37	-	-	-	-	1:55	+34	-	-	-	-	4:05	+17
-1433-Jan-12	T	2.206	1.23	21:17	+45	22:14	+58	23:21	+72	23:54	+79	0:28	+86	1:34	+78	2:32	+65
-1433-Jul-09	T	2.249	1.175	0:50	+37	2:03	+32	3:20	+22	3:53	+17	4:26	+12	5:43	-3	6:56	-17
-1432-Jan-02	T	2.236	1.267	13:09	-39	14:05	-35	15:10	-28	15:45	-23	16:20	-17	17:25	-5	18:21	+05
-1432-Jun-27	T	2.142	1.088	1:52	+34	3:03	+25	4:26	+11	4:49	+07	5:13	+03	6:35	-14	7:46	-28
-1432-Dec-22	N	0.959	-0.048	3:58	+41	-	-	-	-	6:03	+14	-	-	-	-	8:09	-10
-1431-May-18	N	0.177	-0.795	1:36	+41	-	-	-	-	2:33	+34	-	-	-	-	3:30	+25
-1431-Nov-11	N	0.75	-0.343	18:53	+15	-	-	-	-	20:58	+42	-	-	-	-	23:03	+69
-1430-May-07	P	1.58	0.639	16:09	-34	17:12	-21	-	-	18:32	-4	-	-	19:51	+12	20:54	+24
-1430-Oct-31	P	1.968	0.863	17:11	-9	18:30	+07	-	-	20:10	+29	-	-	21:50	+51	23:09	+66
-1429-Oct-20	T	2.557	1.492	18:32	+05	19:39	+20	20:44	+34	21:31	+44	22:18	+53	23:23	+64	0:30	+69
-1428-Apr-15	P	1.313	0.312	22:53	+52	0:16	+58	-	-	1:18	+56	-	-	2:19	+49	3:42	+34
-1428-Oct-09	P	1.282	0.276	3:45	+33	5:08	+15	-	-	6:05	+03	-	-	7:02	-9	8:24	-26
-1427-Mar-06	N	0.701	-0.377	14:46	-43	-	-	-	-	16:48	-21	-	-	-	-	18:50	+04
-1427-Sep-28	N	0.112	-0.856	19:46	+15	-	-	-	-	20:30	+24	-	-	-	-	21:14	+33
-1426-Feb-23	P	2.038	0.964	13:57	-45	15:12	-36	-	-	16:55	-18	-	-	18:38	+03	19:52	+19
-1426-Aug-19	T	2.025	1.037	23:39	+44	0:41	+45	2:03	+40	2:18	+38	2:32	+36	3:55	+24	4:57	+12
-1425-Feb-12	T	2.359	1.331	18:40	+07	19:44	+20	20:51	+35	21:32	+44	22:12	+52	23:19	+67	0:23	+78
-1424-Feb-02	P	1.062	0.083	7:04	+04	8:40	-15	-	-	9:12	-20	-	-	9:43	-25	11:19	-38
-1423-Jun-17	N	0.976	-0.063	23:18	+39	-	-	-	-	1:33	+37	-	-	-	-	3:48	+20
-1423-Dec-13	T	2.199	1.174	1:08	+77	2:12	+64	3:24	+48	3:55	+42	4:25	+35	5:37	+20	6:41	+07
-1421-May-27	P	1.855	0.911	23:03	+41	0:02	+44	-	-	1:33	+40	-	-	3:04	+28	4:02	+18
-1420-May-16	N	0.513	-0.432	17:20	-20	-	-	-	-	18:52	-1	-	-	-	-	20:24	+17
-1420-Oct-10	N	0.553	-0.493	16:11	-29	-	-	-	-	17:55	-7	-	-	-	-	19:39	+16
-1419-Apr-06	P	1.876	0.857	20:46	+29	21:55	+43	-	-	23:30	+58	-	-	1:05	+60	2:14	+53
-1419-Sep-30	P	1.899	0.909	1:58	+51	3:01	+40	-	-	4:33	+22	-	-	6:05	+03	7:08	-10
-1418-Mar-27	T	2.481	1.414	1:00	+65	2:10	+56	3:18	+43	4:04	+34	4:50	+24	5:59	+09	7:08	-6
-1418-Sep-19	T	2.524	1.56	17:18	-18	18:13	-6	19:11	+06	19:57	+16	20:43	+26	21:41	+37	22:35	+46
-1417-Mar-16	P	1.121	0.047	1:53	+62	3:54	+39	-	-	4:21	+33	-	-	4:47	+27	6:49	+01
-1416-Feb-03	N	0.822	-0.193	17:15	-9	-	-	-	-	19:15	+15	-	-	-	-	21:15	+40
-1415-Jan-23	T	2.167	1.196	5:49	+19	6:47	+07	7:55	-6	8:26	-12	8:57	-17	10:05	-28	11:03	-35
-1414-Jan-12	T	2.261	1.293	21:51	+53	22:47	+65	23:51	+79	0:27	+85	1:04	+83	2:08	+70	3:04	+58
-1413-Jun-27	N	0.904	-0.094	16:40	-31	-	-	-	-	18:44	-6	-	-	-	-	20:49	+17
-1413-Nov-23	N	0.746	-0.349	3:08	+48	-	-	-	-	5:13	+21	-	-	-	-	7:18	-4
-1412-May-17	P	1.444	0.504	23:43	+45	0:49	+45	-	-	2:01	+39	-	-	3:13	+28	4:19	+17
-1412-Nov-11	P	1.962	0.858	1:19	+69	2:38	+54	-	-	4:18	+32	-	-	5:58	+11	7:17	-6
-1411-May-07	T	2.801	1.847	16:24	-31	17:19	-19	18:16	-7	19:06	+03	19:56	+13	20:53	+24	21:47	+33
-1411-Oct-31	T	2.563	1.499	2:56	+47	4:02	+33	5:07	+19	5:54	+09	6:41	-1	7:46	-15	8:53	-28
-1410-Apr-27	P	1.445	0.442	5:56	+01	7:13	-16	-	-	8:25	-31	-	-	9:38	-47	10:55	-62
-1409-Mar-17	N	0.585	-0.492	21:51	+45	-	-	-	-	23:44	+64	-	-	-	-	1:37	+64
-1409-Sep-10	N	0.719	-0.244	17:44	-14	-	-	-	-	19:30	+09	-	-	-	-	21:16	+30
-1409-Oct-10	N	0.134	-0.836	4:28	+24	-	-	-	-	5:16	+14	-	-	-	-	6:05	+04
-1408-Mar-05	P	1.937	0.868	21:09	+38	22:24	+53	-	-	0:04	+70	-	-	1:43	+68	2:58	+54
-1407-Feb-23	T	2.432	1.411	2:24	+63	3:27	+49	4:32	+35	5:16	+26	6:00	+16	7:04	+02	8:07	-11
-1407-Aug-19	T	2.427	1.38	16:47	-30	17:54	-16	19:01	-2	19:44	+07	20:28	+15	21:35	+27	22:41	+37
-1406-Feb-12	P	1.12	0.146	15:17	-32	16:44	-17	-	-	17:26	-10	-	-	18:07	-1	19:35	+17
-1406-Aug-08	N	1.059	-0.022	19:44	+06	-	-	-	-	22:09	+30	-	-	-	-	0:34	+42
-1405-Jan-03	N	0.952	-0.024	21:41	+51	-	-	-	-	23:42	+77	-	-	-	-	1:42	+75
-1404-Jun-17	T	2.302	1.32	14:56	-53	15:56	-41	17:01	-27	17:40	-19	18:20	-11	19:25	+02	20:25	+13
-1404-Dec-12	T	2.286	1.202	15:24	-24	16:35	-12	17:50	+02	18:24	+09	18:58	+16	20:13	+32	21:24	+47
-1403-Dec-01	N	1.032	-0.075	15:43	-22	-	-	-	-	18:08	+06	-	-	-	-	20:32	+37
-1402-Apr-28	N	0.4	-0.566	17:37	-15	-	-	-	-	19:00	+03	-	-	-	-	20:24	+20
-1402-May-28	N	0.646	-0.301	0:37	+43	-	-	-	-	2:18	+34	-	-	-	-	4:00	+18
-1402-Oct-22	N	0.547	-0.498	0:37	+67	-	-	-	-	2:21	+54	-	-	-	-	4:04	+33
-1401-Apr-18	P	1.736	0.716	3:51	+30	5:03	+15	-	-	6:32	-4	-	-	8:02	-24	9:14	-39
-1400-Sep-30	T	2.555	1.589	1:59	+51	2:54	+42	3:51	+31	4:38	+21	5:24	+12	6:22	-1	7:17	-12