Work,Cluster,Group,WorkUrl
sa_Anandavardhana-dhvanyAloka,4,Alamkara,https://gretil.sub.uni-goettingen.de/gretil/corpustei/transformations/plaintext/sa_Anandavardhana-dhvanyAloka.txt
sa_bhAmaha-kAvyAlaMkAra,0,Alamkara,https://gretil.sub.uni-goettingen.de/gretil/corpustei/transformations/plaintext/sa_bhAmaha-kAvyAlaMkAra.txt
sa_daNDin-kAvyAdarza-1-2,2,Alamkara,https://gretil.sub.uni-goettingen.de/gretil/corpustei/transformations/plaintext/sa_daNDin-kAvyAdarza-1-2.txt
sa_daNDin-kAvyAdarza1--2.1-144--2.310-368,2,Alamkara,https://gretil.sub.uni-goettingen.de/gretil/corpustei/transformations/plaintext/sa_daNDin-kAvyAdarza1--2.1-144--2.310-368.txt
sa_daNDin-kAvyAdarza-3,2,Alamkara,https://gretil.sub.uni-goettingen.de/gretil/corpustei/transformations/plaintext/sa_daNDin-kAvyAdarza-3.txt
sa_jagannAthapaNDitarAja-rasagaGgAdhara-1,4,Alamkara,https://gretil.sub.uni-goettingen.de/gretil/corpustei/transformations/plaintext/sa_jagannAthapaNDitarAja-rasagaGgAdhara-1.txt
sa_jayadeva-candrAloka,4,Alamkara,https://gretil.sub.uni-goettingen.de/gretil/corpustei/transformations/plaintext/sa_jayadeva-candrAloka.txt
sa_mammaTa-kAvyaprakAza,3,Alamkara,https://gretil.sub.uni-goettingen.de/gretil/corpustei/transformations/plaintext/sa_mammaTa-kAvyaprakAza.txt
sa_mammaTa-zabdavyApAravicAra,4,Alamkara,https://gretil.sub.uni-goettingen.de/gretil/corpustei/transformations/plaintext/sa_mammaTa-zabdavyApAravicAra.txt
sa_rAjazekhara-kAvyamImAMsA-1,3,Alamkara,https://gretil.sub.uni-goettingen.de/gretil/corpustei/transformations/plaintext/sa_rAjazekhara-kAvyamImAMsA-1.txt
sa_rUpagosvAmin-nATakacandrikA,4,Alamkara,https://gretil.sub.uni-goettingen.de/gretil/corpustei/transformations/plaintext/sa_rUpagosvAmin-nATakacandrikA.txt
sa_rUpagosvAmin-ujjvalanIlamaNi,4,Alamkara,https://gretil.sub.uni-goettingen.de/gretil/corpustei/transformations/plaintext/sa_rUpagosvAmin-ujjvalanIlamaNi.txt
sa_ruyyaka-alaMkArasarvasva-1-34,3,Alamkara,https://gretil.sub.uni-goettingen.de/gretil/corpustei/transformations/plaintext/sa_ruyyaka-alaMkArasarvasva-1-34.txt
sa_ruyyaka-alaMkArasarvasva,3,Alamkara,https://gretil.sub.uni-goettingen.de/gretil/corpustei/transformations/plaintext/sa_ruyyaka-alaMkArasarvasva.txt
sa_ruyyaka-vyaktivivekavyAkhyA-2,4,Alamkara,https://gretil.sub.uni-goettingen.de/gretil/corpustei/transformations/plaintext/sa_ruyyaka-vyaktivivekavyAkhyA-2.txt
sa_siMhabhUpAla-rasArNavasudhAkara,4,Alamkara,https://gretil.sub.uni-goettingen.de/gretil/corpustei/transformations/plaintext/sa_siMhabhUpAla-rasArNavasudhAkara.txt
sa_udbhaTa-kAvyAlaMkArasArasaMgraha,3,Alamkara,https://gretil.sub.uni-goettingen.de/gretil/corpustei/transformations/plaintext/sa_udbhaTa-kAvyAlaMkArasArasaMgraha.txt
sa_vAmana-kAvyAlaMkArasUtra,3,Alamkara,https://gretil.sub.uni-goettingen.de/gretil/corpustei/transformations/plaintext/sa_vAmana-kAvyAlaMkArasUtra.txt
sa_vidyAnAtha-pratAparudrIya,3,Alamkara,https://gretil.sub.uni-goettingen.de/gretil/corpustei/transformations/plaintext/sa_vidyAnAtha-pratAparudrIya.txt
sa_vizvanAthakavirAja-sAhityadarpaNa,4,Alamkara,https://gretil.sub.uni-goettingen.de/gretil/corpustei/transformations/plaintext/sa_vizvanAthakavirAja-sAhityadarpaNa.txt
sa_vizvezvarakavicandra-camatkAracandrikA,3,Alamkara,https://gretil.sub.uni-goettingen.de/gretil/corpustei/transformations/plaintext/sa_vizvezvarakavicandra-camatkAracandrikA.txt
sa_abhinanda-kAdambarIkathAsAra,2,Kavya,https://gretil.sub.uni-goettingen.de/gretil/corpustei/transformations/plaintext/sa_abhinanda-kAdambarIkathAsAra.txt
sa_abhinanda-rAmacaritamahAkAvye,2,Kavya,https://gretil.sub.uni-goettingen.de/gretil/corpustei/transformations/plaintext/sa_abhinanda-rAmacaritamahAkAvye.txt
sa_amaru-amaruzataka,3,Kavya,https://gretil.sub.uni-goettingen.de/gretil/corpustei/transformations/plaintext/sa_amaru-amaruzataka.txt
sa_AnandabhaTTa-vallAlacarita,3,Kavya,https://gretil.sub.uni-goettingen.de/gretil/corpustei/transformations/plaintext/sa_AnandabhaTTa-vallAlacarita.txt
sa_appayadIkSita-vairAgyazatakam,3,Kavya,https://gretil.sub.uni-goettingen.de/gretil/corpustei/transformations/plaintext/sa_appayadIkSita-vairAgyazatakam.txt
sa_azvaghoSa-buddhacarita,4,Kavya,https://gretil.sub.uni-goettingen.de/gretil/corpustei/transformations/plaintext/sa_azvaghoSa-buddhacarita.txt
sa_azvaghoSa-saundarAnanda-edmatsunami,4,Kavya,https://gretil.sub.uni-goettingen.de/gretil/corpustei/transformations/plaintext/sa_azvaghoSa-saundarAnanda-edmatsunami.txt
sa_azvaghoSa-saundarAnanda,3,Kavya,https://gretil.sub.uni-goettingen.de/gretil/corpustei/transformations/plaintext/sa_azvaghoSa-saundarAnanda.txt
sa_bANa-harSacarita,4,Kavya,https://gretil.sub.uni-goettingen.de/gretil/corpustei/transformations/plaintext/sa_bANa-harSacarita.txt
sa_bANa-harSacaritapariziSTa,0,Kavya,https://gretil.sub.uni-goettingen.de/gretil/corpustei/transformations/plaintext/sa_bANa-harSacaritapariziSTa.txt
sa_bhallaTa-bhallaTazataka,2,Kavya,https://gretil.sub.uni-goettingen.de/gretil/corpustei/transformations/plaintext/sa_bhallaTa-bhallaTazataka.txt
sa_bhAravi-kirAtArjunIya,2,Kavya,https://gretil.sub.uni-goettingen.de/gretil/corpustei/transformations/plaintext/sa_bhAravi-kirAtArjunIya.txt
sa_bhaTTi-rAvaNavadha,3,Kavya,https://gretil.sub.uni-goettingen.de/gretil/corpustei/transformations/plaintext/sa_bhaTTi-rAvaNavadha.txt
sa_bilhaNa-caurapaJcAzikA,4,Kavya,https://gretil.sub.uni-goettingen.de/gretil/corpustei/transformations/plaintext/sa_bilhaNa-caurapaJcAzikA.txt
sa_dAmodaragupta-kuTTanImata,3,Kavya,https://gretil.sub.uni-goettingen.de/gretil/corpustei/transformations/plaintext/sa_dAmodaragupta-kuTTanImata.txt
sa_daNDin-dazakumAracarita,3,Kavya,https://gretil.sub.uni-goettingen.de/gretil/corpustei/transformations/plaintext/sa_daNDin-dazakumAracarita.txt
sa_daNDin-dazakumAracarita3--5-6,4,Kavya,https://gretil.sub.uni-goettingen.de/gretil/corpustei/transformations/plaintext/sa_daNDin-dazakumAracarita3--5-6.txt
sa_kuzalamizra-gUDhArthadIpikA,4,Kavya,https://gretil.sub.uni-goettingen.de/gretil/corpustei/transformations/plaintext/sa_kuzalamizra-gUDhArthadIpikA.txt
sa_govardhana-AryAsaptazatI,2,Kavya,https://gretil.sub.uni-goettingen.de/gretil/corpustei/transformations/plaintext/sa_govardhana-AryAsaptazatI.txt
sa_jagannAtha-sudhAlaharI,3,Kavya,https://gretil.sub.uni-goettingen.de/gretil/corpustei/transformations/plaintext/sa_jagannAtha-sudhAlaharI.txt
sa_jalhaNa-mugdhopadeza,4,Kavya,https://gretil.sub.uni-goettingen.de/gretil/corpustei/transformations/plaintext/sa_jalhaNa-mugdhopadeza.txt
sa_jayadeva-gItagovinda,1,Kavya,https://gretil.sub.uni-goettingen.de/gretil/corpustei/transformations/plaintext/sa_jayadeva-gItagovinda.txt
sa_jIvagosvAmin-gopAlacampUp1-33u1-3u5-6u29,4,Kavya,https://gretil.sub.uni-goettingen.de/gretil/corpustei/transformations/plaintext/sa_jIvagosvAmin-gopAlacampUp1-33u1-3u5-6u29.txt
sa_jIvagosvAmin-saMkalpakalpadruma,2,Kavya,https://gretil.sub.uni-goettingen.de/gretil/corpustei/transformations/plaintext/sa_jIvagosvAmin-saMkalpakalpadruma.txt
sa_kAlidAsa-kumArasaMbhava,2,Kavya,https://gretil.sub.uni-goettingen.de/gretil/corpustei/transformations/plaintext/sa_kAlidAsa-kumArasaMbhava.txt
sa_kAlidAsa-meghadUta,4,Kavya,https://gretil.sub.uni-goettingen.de/gretil/corpustei/transformations/plaintext/sa_kAlidAsa-meghadUta.txt
sa_kAlidAsa-meghadUta-acc-vallabhadeva,4,Kavya,https://gretil.sub.uni-goettingen.de/gretil/corpustei/transformations/plaintext/sa_kAlidAsa-meghadUta-acc-vallabhadeva.txt
sa_kAlidAsa-meghadUta-edkale,2,Kavya,https://gretil.sub.uni-goettingen.de/gretil/corpustei/transformations/plaintext/sa_kAlidAsa-meghadUta-edkale.txt
sa_kAlidAsa-raghuvaMza,2,Kavya,https://gretil.sub.uni-goettingen.de/gretil/corpustei/transformations/plaintext/sa_kAlidAsa-raghuvaMza.txt
sa_kAlidAsa-raghuvaMza-kashm1-6,3,Kavya,https://gretil.sub.uni-goettingen.de/gretil/corpustei/transformations/plaintext/sa_kAlidAsa-raghuvaMza-kashm1-6.txt
sa_kAlidAsa-RtusaMhAra,3,Kavya,https://gretil.sub.uni-goettingen.de/gretil/corpustei/transformations/plaintext/sa_kAlidAsa-RtusaMhAra.txt
sa_kAlidAsa-zyAmalAdaNDaka,3,Kavya,https://gretil.sub.uni-goettingen.de/gretil/corpustei/transformations/plaintext/sa_kAlidAsa-zyAmalAdaNDaka.txt
sa_kSemendra-bhAratamaJjarI-6-19,3,Kavya,https://gretil.sub.uni-goettingen.de/gretil/corpustei/transformations/plaintext/sa_kSemendra-bhAratamaJjarI-6-19.txt
sa_kSemendra-kalAvilAsa,3,Kavya,https://gretil.sub.uni-goettingen.de/gretil/corpustei/transformations/plaintext/sa_kSemendra-kalAvilAsa.txt
sa_kSemendra-narmamAlA,3,Kavya,https://gretil.sub.uni-goettingen.de/gretil/corpustei/transformations/plaintext/sa_kSemendra-narmamAlA.txt
sa_kulazekhara-mukundamAlA-eddurgaprasad,3,Kavya,https://gretil.sub.uni-goettingen.de/gretil/corpustei/transformations/plaintext/sa_kulazekhara-mukundamAlA-eddurgaprasad.txt
sa_laGkezvara-zivastuti,6,Kavya,https://gretil.sub.uni-goettingen.de/gretil/corpustei/transformations/plaintext/sa_laGkezvara-zivastuti.txt
sa_mAgha-zizupAlavadha,3,Kavya,https://gretil.sub.uni-goettingen.de/gretil/corpustei/transformations/plaintext/sa_mAgha-zizupAlavadha.txt
sa_nArAyaNabhaTTa-nArAyaNIya,3,Kavya,https://gretil.sub.uni-goettingen.de/gretil/corpustei/transformations/plaintext/sa_nArAyaNabhaTTa-nArAyaNIya.txt
sa_nIlakaNThadIkSita-kaliviDambana,4,Kavya,https://gretil.sub.uni-goettingen.de/gretil/corpustei/transformations/plaintext/sa_nIlakaNThadIkSita-kaliviDambana.txt
sa_padmagupta-navasAhasAGkacarita,2,Kavya,https://gretil.sub.uni-goettingen.de/gretil/corpustei/transformations/plaintext/sa_padmagupta-navasAhasAGkacarita.txt
sa_hetvAbhAsadazaka,4,Kavya,https://gretil.sub.uni-goettingen.de/gretil/corpustei/transformations/plaintext/sa_hetvAbhAsadazaka.txt
sa_rAmodanta,4,Kavya,https://gretil.sub.uni-goettingen.de/gretil/corpustei/transformations/plaintext/sa_rAmodanta.txt
sa_ravideva-rAkSasakAvyawithTIkA,4,Kavya,https://gretil.sub.uni-goettingen.de/gretil/corpustei/transformations/plaintext/sa_ravideva-rAkSasakAvyawithTIkA.txt
sa_rudrabhaTTaH-zRGgAratilaka,4,Kavya,https://gretil.sub.uni-goettingen.de/gretil/corpustei/transformations/plaintext/sa_rudrabhaTTaH-zRGgAratilaka.txt
sa_rUpagosvAmin-haMsadUta,3,Kavya,https://gretil.sub.uni-goettingen.de/gretil/corpustei/transformations/plaintext/sa_rUpagosvAmin-haMsadUta.txt
sa_rUpagosvAmin-padyAvalI,4,Kavya,https://gretil.sub.uni-goettingen.de/gretil/corpustei/transformations/plaintext/sa_rUpagosvAmin-padyAvalI.txt
sa_ruyyaka-sahRdayalIlA,0,Kavya,https://gretil.sub.uni-goettingen.de/gretil/corpustei/transformations/plaintext/sa_ruyyaka-sahRdayalIlA.txt
sa_subandhu-vAsavadattA,2,Kavya,https://gretil.sub.uni-goettingen.de/gretil/corpustei/transformations/plaintext/sa_subandhu-vAsavadattA.txt
sa_uddaNDa-kokilasaMdesa,3,Kavya,https://gretil.sub.uni-goettingen.de/gretil/corpustei/transformations/plaintext/sa_uddaNDa-kokilasaMdesa.txt
sa_AryabhaTa-AryabhaTIya,1,"Astrology, astronomy, mathematics",https://gretil.sub.uni-goettingen.de/gretil/corpustei/transformations/plaintext/sa_AryabhaTa-AryabhaTIya.txt
sa_bhAskara-bIjagaNita,5,"Astrology, astronomy, mathematics",https://gretil.sub.uni-goettingen.de/gretil/corpustei/transformations/plaintext/sa_bhAskara-bIjagaNita.txt
sa_bhAskara-lIlAvatI,5,"Astrology, astronomy, mathematics",https://gretil.sub.uni-goettingen.de/gretil/corpustei/transformations/plaintext/sa_bhAskara-lIlAvatI.txt
sa_brahmagupta-brAhmasphuTasiddhAnta,1,"Astrology, astronomy, mathematics",https://gretil.sub.uni-goettingen.de/gretil/corpustei/transformations/plaintext/sa_brahmagupta-brAhmasphuTasiddhAnta.txt
sa_lagadha-RgvedavedAGgajyotiSa,0,"Astrology, astronomy, mathematics",https://gretil.sub.uni-goettingen.de/gretil/corpustei/transformations/plaintext/sa_lagadha-RgvedavedAGgajyotiSa.txt
sa_sUryasiddhAnta,4,"Astrology, astronomy, mathematics",https://gretil.sub.uni-goettingen.de/gretil/corpustei/transformations/plaintext/sa_sUryasiddhAnta.txt
sa_varAhamihira-bRhatsaMhitA,4,"Astrology, astronomy, mathematics",https://gretil.sub.uni-goettingen.de/gretil/corpustei/transformations/plaintext/sa_varAhamihira-bRhatsaMhitA.txt
sa_varAhamihira-tikanikayAtra,4,"Astrology, astronomy, mathematics",https://gretil.sub.uni-goettingen.de/gretil/corpustei/transformations/plaintext/sa_varAhamihira-tikanikayAtra.txt
sa_varAhamihira-vivAhapaTala,4,"Astrology, astronomy, mathematics",https://gretil.sub.uni-goettingen.de/gretil/corpustei/transformations/plaintext/sa_varAhamihira-vivAhapaTala.txt
sa_varAhamihira-yogayAtrA-edpingree,4,"Astrology, astronomy, mathematics",https://gretil.sub.uni-goettingen.de/gretil/corpustei/transformations/plaintext/sa_varAhamihira-yogayAtrA-edpingree.txt
sa_varAhamihira-yogayAtrA-edjha,4,"Astrology, astronomy, mathematics",https://gretil.sub.uni-goettingen.de/gretil/corpustei/transformations/plaintext/sa_varAhamihira-yogayAtrA-edjha.txt
