yr	jd	season	sun_lon	moon_lon	moon_naks	moon_phase	sun_न	moon_न	moon_lon_adj	sun_lon_adj	jd_diff	kv_pair	moon_lon_adj_packed	yr_grp	kv_adj
-2398	844924.01	1	0.28	180.06	N17-Anu/δ Sco	1	N04-Roh	N17-Anu	180.06	0.28	915.66	False	45.06	0	
-2396	845839.67	4	180.86	0.31	N04-Roh/γ Tau	1	N17-Anu	N04-Roh	0.31	180.86	3100.06	False	0.31	0	
-2387	848939.73	1	358.42	177.65	N17-Anu/δ Sco	1	N03-Kri	N17-Anu	177.65	-1.58	915.64	False	42.65	0	
-2385	849855.37	4	178.85	358.61	N03-Kri/* 17 Tau	1	N17-Anu	N03-Kri	-1.39	178.85	2007.97	False	-1.39	0	
-2379	851863.34	1	0.03	179.53	N17-Anu/δ Sco	1	N04-Roh	N17-Anu	179.53	0.03	915.82	False	44.53	0	
-2377	852779.16	4	180.73	0.48	N04-Roh/γ Tau	1	N17-Anu	N04-Roh	0.48	180.73	2007.94	False	0.48	0	
-2371	854787.10	1	1.75	181.57	N17-Anu/δ Sco	1	N04-Roh	N17-Anu	181.57	1.75	1092.55	False	46.57	0	
-2368	855879.65	1	358.73	178.55	N17-Anu/δ Sco	1	N03-Kri	N17-Anu	178.55	-1.27	915.10	False	43.55	0	
-2366	856794.75	4	178.61	358.20	N03-Kri/* 17 Tau	1	N17-Anu	N03-Kri	-1.80	178.61	2008.35	False	-1.80	0	
-2360	858803.10	1	0.18	181.13	N17-Anu/δ Sco	1	N03-Kri	N17-Anu	181.13	0.18	915.36	False	46.13	0	
-2358	859718.46	4	180.41	0.23	N03-Kri/* 27 Tau	1	N17-Anu	N03-Kri	0.23	180.41	2008.06	False	0.23	0	
-2352	861726.53	1	1.60	181.37	N17-Anu/δ Sco	1	N03-Kri	N17-Anu	181.37	1.60	1093.15	False	46.37	0	
-2349	862819.67	1	359.14	178.96	N17-Anu/δ Sco	1	N03-Kri	N17-Anu	178.96	-0.86	914.84	False	43.96	0	
-2347	863734.51	4	178.76	358.76	N03-Kri/* 17 Tau	1	N17-Anu	N03-Kri	-1.24	178.76	2008.44	False	-1.24	0	
-2341	865742.95	1	0.43	180.14	N17-Anu/δ Sco	1	N03-Kri	N17-Anu	180.14	0.43	915.01	False	45.14	0	
-2339	866657.96	4	180.28	0.14	N03-Kri/* 27 Tau	1	N17-Anu	N03-Kri	0.14	180.28	2008.34	False	0.14	0	
-2333	868666.30	1	1.77	181.69	N17-Anu/δ Sco	1	N03-Kri	N17-Anu	181.69	1.77	915.23	False	46.69	0	
-2331	869581.53	4	181.94	1.20	N03-Kri/* 27 Tau	1	N17-Anu	N03-Kri	1.20	181.94	178.11	False	1.20	0	
-2330	869759.64	1	359.50	179.46	N17-Anu/δ Sco	1	N03-Kri	N17-Anu	179.46	-0.50	914.83	False	44.46	0	
-2328	870674.47	4	179.10	358.86	N03-Kri/* 17 Tau	1	N17-Anu	N03-Kri	-1.14	179.10	2008.59	False	-1.14	0	
-2322	872683.06	1	0.92	181.78	N17-Anu/δ Sco	1	N03-Kri	N17-Anu	181.78	0.92	914.73	False	46.78	0	
-2320	873597.79	4	180.50	0.41	N03-Kri/η Tau	1	N17-Anu	N03-Kri	0.41	180.50	1093.28	False	0.41	0	
-2317	874691.07	4	178.01	357.88	N03-Kri/* 17 Tau	1	N17-Anu	N03-Kri	-2.12	178.01	1830.11	False	-2.12	0	
-2312	876521.18	4	181.97	1.76	N03-Kri/* 27 Tau	1	N17-Anu	N03-Kri	1.76	181.97	178.06	False	1.76	0	
-2311	876699.24	1	359.50	178.58	N17-Anu/δ Sco	1	N03-Kri	N17-Anu	178.58	-0.50	915.21	False	43.58	0	
-2309	877614.45	4	179.47	358.86	N03-Kri/* 17 Tau	1	N17-Anu	N03-Kri	-1.14	179.47	2008.41	False	-1.14	0	
-2303	879622.86	1	1.11	180.87	N17-Anu/δ Sco	1	N03-Kri	N17-Anu	180.87	1.11	914.94	False	45.87	0	
-2301	880537.80	4	180.90	0.72	N03-Kri/* 27 Tau	1	N17-Anu	N03-Kri	0.72	180.90	3100.86	False	0.72	0	
-2292	883638.65	1	359.32	179.07	N17-Anu/δ Sco	1	N02-Bha	N17-Anu	179.07	-0.68	915.62	False	44.07	0	
-2290	884554.28	4	179.69	359.26	N02-Bha/* 39 Ari	1	N17-Anu	N02-Bha	-0.74	179.69	2008.15	False	-0.74	0	
-2284	886562.42	1	1.08	180.89	N17-Anu/δ Sco	1	N03-Kri	N17-Anu	180.89	1.08	915.36	False	45.89	0	
-2282	887477.78	4	181.27	1.30	N03-Kri/* 27 Tau	1	N17-Anu	N03-Kri	1.30	181.27	3100.17	False	1.30	0	
-2273	890577.95	1	359.04	178.39	N17-Anu/δ Sco	1	N02-Bha	N17-Anu	178.39	-0.96	915.83	False	43.39	0	
-2271	891493.78	4	179.58	359.36	N02-Bha/* 39 Ari	1	N17-Anu	N02-Bha	-0.64	179.58	2007.94	False	-0.64	0	
-2265	893501.73	1	0.80	180.57	N17-Anu/δ Sco	1	N03-Kri	N17-Anu	180.57	0.80	915.71	False	45.57	0	
-2263	894417.43	4	181.31	0.50	N03-Kri/* 17 Tau	1	N17-Anu	N03-Kri	0.50	181.31	3100.20	False	0.50	0	
-2254	897517.64	1	359.13	179.22	N17-Anu/δ Sco	1	N02-Bha	N17-Anu	179.22	-0.87	915.45	False	44.22	0	
-2252	898433.08	4	179.26	359.08	N02-Bha/* 39 Ari	1	N17-Anu	N02-Bha	-0.92	179.26	2008.04	False	-0.92	0	
-2246	900441.12	1	0.61	180.27	N17-Anu/δ Sco	1	N03-Kri	N17-Anu	180.27	0.61	915.75	False	45.27	0	
-2244	901356.88	4	181.13	0.88	N03-Kri/* 19 Tau	1	N17-Anu	N03-Kri	0.88	181.13	177.37	False	0.88	0	
-2243	901534.25	1	358.11	177.90	N17-Anu/δ Sco	1	N02-Bha	N17-Anu	177.90	-1.89	2923.29	False	42.90	0	
-2235	904457.54	1	359.42	179.18	N17-Anu/δ Sco	1	N02-Bha	N17-Anu	179.18	-0.58	915.01	False	44.18	0	
-2233	905372.54	4	179.10	358.92	N02-Bha/* 39 Ari	1	N17-Anu	N02-Bha	-1.08	179.10	2008.34	False	-1.08	0	
-2227	907380.88	1	0.76	180.74	N17-Anu/δ Sco	1	N03-Kri	N17-Anu	180.74	0.76	915.25	False	45.74	0	
-2225	908296.14	4	180.77	359.93	N02-Bha/* 39 Ari	1	N17-Anu	N02-Bha	-0.07	180.77	178.09	False	-0.07	0	
-2224	908474.23	1	358.49	178.50	N17-Anu/δ Sco	1	N02-Bha	N17-Anu	178.50	-1.51	2923.35	False	43.50	0	
-2216	911397.58	1	359.84	179.76	N17-Anu/δ Sco	1	N02-Bha	N17-Anu	179.76	-0.16	914.77	False	44.76	0	
-2214	912312.34	4	179.28	359.20	N02-Bha/* 39 Ari	1	N17-Anu	N02-Bha	-0.80	179.28	2008.51	False	-0.80	0	
-2208	914320.85	1	1.11	180.85	N17-Anu/δ Sco	1	N03-Kri	N17-Anu	180.85	1.11	914.87	False	45.85	0	
-2206	915235.72	4	180.74	359.95	N02-Bha/* 39 Ari	1	N17-Anu	N02-Bha	-0.05	180.74	178.15	False	-0.05	0	
-2205	915413.87	1	358.52	177.75	N17-Anu/δ Sco	1	N02-Bha	N17-Anu	177.75	-1.48	915.18	False	42.75	0	
-2203	916329.04	4	178.29	358.55	N02-Bha/* 39 Ari	1	N17-Anu	N02-Bha	-1.45	178.29	2008.43	False	-1.45	0	
-2197	918337.47	1	0.12	179.97	N17-Anu/δ Sco	1	N03-Kri	N17-Anu	179.97	0.12	914.86	False	44.97	0	
-2195	919252.33	4	179.66	359.40	N02-Bha/* 39 Ari	1	N17-Anu	N02-Bha	-0.60	179.66	2008.51	False	-0.60	0	
-2189	921260.84	1	1.49	180.88	N17-Anu/δ Sco	1	N03-Kri	N17-Anu	180.88	1.49	914.81	False	45.88	0	
-2187	922175.65	4	181.05	0.86	N03-Kri/* 17 Tau	1	N17-Anu	N03-Kri	0.86	181.05	177.64	False	0.86	0	
-2186	922353.29	1	358.36	178.13	N17-Anu/δ Sco	1	N02-Bha	N17-Anu	178.13	-1.64	915.55	False	43.13	0	
-2184	923268.85	4	178.48	358.16	N02-Bha/* 39 Ari	1	N17-Anu	N02-Bha	-1.84	178.48	2008.22	False	-1.84	0	
-2178	925277.06	1	0.13	179.97	N17-Anu/δ Sco	1	N03-Kri	N17-Anu	179.97	0.13	915.27	False	44.97	0	
-2176	926192.33	4	180.06	0.10	N03-Kri/* 17 Tau	1	N17-Anu	N03-Kri	0.10	180.06	2008.33	False	0.10	0	
-2170	928200.66	1	1.71	181.25	N17-Anu/δ Sco	1	N03-Kri	N17-Anu	181.25	1.71	915.01	False	46.25	0	
-2168	929115.67	4	181.47	1.33	N03-Kri/* 17 Tau	1	N17-Anu	N03-Kri	1.33	181.47	176.90	False	1.33	0	
-2167	929292.57	1	358.06	177.36	N17-Anu/δ Sco	1	N02-Bha	N17-Anu	177.36	-1.94	915.81	False	42.36	0	
-2165	930208.38	4	178.39	358.19	N02-Bha/* 39 Ari	1	N17-Anu	N02-Bha	-1.81	178.39	2008.00	False	-1.81	0	
-2159	932216.37	1	359.85	179.63	N17-Anu/δ Sco	1	N02-Bha	N17-Anu	179.63	-0.15	915.65	False	44.63	0	
-2157	933132.02	4	180.13	359.49	N02-Bha/* 39 Ari	1	N17-Anu	N02-Bha	-0.51	180.13	2008.14	False	-0.51	0	
-2151	935140.16	1	1.62	181.40	N17-Anu/δ Sco	1	N03-Kri	N17-Anu	181.40	1.62	915.44	False	46.40	0	
-2149	936055.60	4	181.78	1.74	N03-Kri/* 17 Tau	1	N17-Anu	N03-Kri	1.74	181.78	176.60	False	1.74	0	
-2148	936232.20	1	358.09	177.96	N17-Anu/δ Sco	1	N02-Bha	N17-Anu	177.96	-1.91	915.47	False	42.96	0	
-2146	937147.68	4	178.07	357.88	N02-Bha/* 39 Ari	1	N17-Anu	N02-Bha	-2.12	178.07	2008.06	False	-2.12	0	
-2140	939155.74	1	359.63	179.22	N17-Anu/δ Sco	1	N02-Bha	N17-Anu	179.22	-0.37	915.74	False	44.22	0	
-2138	940071.48	4	179.97	359.73	N02-Bha/* 39 Ari	1	N17-Anu	N02-Bha	-0.27	179.97	2007.98	False	-0.27	0	
-2132	942079.46	1	1.33	181.15	N17-Anu/δ Sco	1	N03-Kri	N17-Anu	181.15	1.33	915.77	False	46.15	0	
-2130	942995.23	4	181.80	1.68	N03-Kri/* 17 Tau	1	N17-Anu	N03-Kri	1.68	181.80	176.85	False	1.68	0	
-2129	943172.09	1	358.37	178.11	N17-Anu/δ Sco	1	N02-Bha	N17-Anu	178.11	-1.63	2923.38	False	43.11	0	
-2121	946095.47	1	359.75	179.74	N17-Anu/δ Sco	1	N02-Bha	N17-Anu	179.74	-0.25	915.25	False	44.74	0	
-2119	947010.72	4	179.58	358.70	N02-Bha/* 39 Ari	1	N17-Anu	N02-Bha	-1.30	179.58	2008.21	False	-1.30	0	
-2113	949018.93	1	1.21	181.04	N17-Anu/δ Sco	1	N03-Kri	N17-Anu	181.04	1.21	915.63	False	46.04	0	
-2111	949934.57	4	181.52	1.28	N03-Kri/* 17 Tau	1	N17-Anu	N03-Kri	1.28	181.52	177.55	False	1.28	0	
-2110	950112.12	1	358.78	178.62	N17-Anu/δ Sco	1	N02-Bha	N17-Anu	178.62	-1.22	914.77	False	43.62	0	
-2108	951026.89	4	178.06	358.02	N02-Bha/* 39 Ari	1	N17-Anu	N02-Bha	-1.98	178.06	2008.52	False	-1.98	0	
-2102	953035.41	1	0.08	179.76	N17-Anu/δ Sco	1	N03-Kri	N17-Anu	179.76	0.08	914.85	False	44.76	0	
-2100	953950.26	4	179.51	358.52	N02-Bha/* 39 Ari	1	N17-Anu	N02-Bha	-1.48	179.51	2008.49	False	-1.48	0	
-2094	955958.74	1	1.42	181.31	N17-Anu/δ Sco	1	N03-Kri	N17-Anu	181.31	1.42	915.14	False	46.31	0	
-2092	956873.89	4	181.21	0.66	N03-Kri/* 17 Tau	1	N17-Anu	N03-Kri	0.66	181.21	178.16	False	0.66	0	
-2091	957052.05	1	359.10	179.02	N17-Anu/δ Sco	1	N02-Bha	N17-Anu	179.02	-0.90	914.82	False	44.02	0	
-2089	957966.87	4	178.43	358.19	N02-Bha/* 39 Ari	1	N17-Anu	N02-Bha	-1.81	178.43	2008.59	False	-1.81	0	
-2083	959975.46	1	0.53	180.76	N17-Anu/δ Sco	1	N03-Kri	N17-Anu	180.76	0.53	914.72	False	45.76	0	
-2081	960890.18	4	179.82	359.66	N02-Bha/* 39 Ari	1	N17-Anu	N02-Bha	-0.34	179.82	2008.56	False	-0.34	0	
-2075	962898.74	1	1.80	181.53	N17-Anu/δ Sco	1	N03-Kri	N17-Anu	181.53	1.80	914.90	False	46.53	0	
-2073	963813.64	4	181.35	2.06	N03-Kri/* 17 Tau	1	N17-Anu	N03-Kri	2.06	181.35	177.95	False	2.06	0	
-2072	963991.59	1	359.05	178.07	N17-Anu/δ Sco	1	N02-Bha	N17-Anu	178.07	-0.95	915.30	False	43.07	0	
-2070	964906.89	4	178.84	358.88	N02-Bha/* 39 Ari	1	N17-Anu	N02-Bha	-1.12	178.84	2008.37	False	-1.12	0	
-2064	966915.26	1	0.71	180.40	N17-Anu/δ Sco	1	N03-Kri	N17-Anu	180.40	0.71	914.94	False	45.40	0	
-2062	967830.20	4	180.23	0.07	N03-Kri/* 17 Tau	1	N17-Anu	N03-Kri	0.07	180.23	2923.29	False	0.07	0	
-2054	970753.49	4	181.60	1.32	N03-Kri/* 17 Tau	1	N17-Anu	N03-Kri	1.32	181.60	177.49	False	1.32	0	
-2053	970930.99	1	358.85	178.63	N17-Anu/δ Sco	1	N02-Bha	N17-Anu	178.63	-1.15	915.63	False	43.63	0	
-2051	971846.62	4	178.96	358.35	N02-Bha/* 39 Ari	1	N17-Anu	N02-Bha	-1.65	178.96	2008.16	False	-1.65	0	
-2045	973854.78	1	0.64	180.45	N17-Anu/δ Sco	1	N03-Kri	N17-Anu	180.45	0.64	915.38	False	45.45	0	
-2043	974770.16	4	180.58	0.56	N03-Kri/* 17 Tau	1	N17-Anu	N03-Kri	0.56	180.58	3100.16	False	0.56	0	
-2034	977870.32	1	358.61	178.14	N17-Anu/δ Sco	1	N02-Bha	N17-Anu	178.14	-1.39	915.78	False	43.14	0	
-2032	978786.10	4	178.82	358.57	N02-Bha/* 39 Ari	1	N17-Anu	N02-Bha	-1.43	178.82	2007.98	False	-1.43	0	
-2026	980794.08	1	0.35	180.17	N17-Anu/δ Sco	1	N03-Kri	N17-Anu	180.17	0.35	915.68	False	45.17	0	
-2024	981709.76	4	180.56	359.61	N02-Bha/* 39 Ari	1	N17-Anu	N02-Bha	-0.39	180.56	3100.27	False	-0.39	0	
-2015	984810.03	1	358.72	178.72	N17-Anu/δ Sco	1	N02-Bha	N17-Anu	178.72	-1.28	915.38	False	43.72	0	
-2013	985725.41	4	178.50	358.34	N02-Bha/* 39 Ari	1	N17-Anu	N02-Bha	-1.66	178.50	2008.11	False	-1.66	0	
-2007	987733.52	1	0.20	180.00	N17-Anu/δ Sco	1	N03-Kri	N17-Anu	180.00	0.20	915.67	False	45.00	0	
-2005	988649.18	4	180.37	0.11	N03-Kri/* 17 Tau	1	N17-Anu	N03-Kri	0.11	180.37	2007.94	False	0.11	0	
-1999	990657.13	1	1.80	181.00	N17-Anu/δ Sco	1	N03-Kri	N17-Anu	181.00	1.80	1092.83	False	46.00	0	
-1996	991749.96	1	359.03	178.75	N17-Anu/δ Sco	1	N02-Bha	N17-Anu	178.75	-0.97	914.96	False	43.75	0	
-1994	992664.92	4	178.40	358.28	N02-Bha/* 39 Ari	1	N16-Vis	N02-Bha	-1.72	178.40	2008.38	False	-1.72	0	
-1988	994673.30	1	0.39	180.30	N17-Anu/δ Sco	1	N03-Kri	N17-Anu	180.30	0.39	915.18	False	45.30	0	
-1986	995588.47	4	180.04	359.34	N02-Bha/* 39 Ari	1	N17-Anu	N02-Bha	-0.66	180.04	178.17	False	-0.66	0	
-1985	995766.64	1	358.09	178.04	N16-Vis/α2 Lib	1	N02-Bha	N16-Vis	178.04	-1.91	1830.05	False	43.04	0	
-1980	997596.69	1	1.76	181.10	N17-Anu/δ Sco	1	N03-Kri	N17-Anu	181.10	1.76	915.58	False	46.10	0	
-1978	998512.27	4	181.91	1.69	N03-Kri/* 17 Tau	1	N17-Anu	N03-Kri	1.69	181.91	177.78	False	1.69	0	
-1977	998690.05	1	359.50	180.10	N17-Anu/δ Sco	1	N02-Bha	N17-Anu	180.10	-0.50	914.71	False	45.10	0	
-1975	999604.76	4	178.63	358.52	N02-Bha/* 39 Ari	1	N16-Vis	N02-Bha	-1.48	178.63	2008.52	False	-1.48	0	
-1969	1001613.28	1	0.75	180.45	N17-Anu/δ Sco	1	N03-Kri	N17-Anu	180.45	0.75	914.87	False	45.45	0	
-1967	1002528.15	4	180.10	0.02	N03-Kri/* 17 Tau	1	N17-Anu	N03-Kri	0.02	180.10	178.08	False	0.02	0	
-1966	1002706.22	1	358.08	177.12	N16-Vis/α2 Lib	1	N02-Bha	N16-Vis	177.12	-1.92	2745.43	False	42.12	0	
-1959	1005451.66	4	181.68	1.32	N03-Kri/* 17 Tau	1	N17-Anu	N03-Kri	1.32	181.68	178.20	False	1.32	0	
-1958	1005629.86	1	359.71	179.43	N17-Anu/δ Sco	1	N02-Bha	N17-Anu	179.43	-0.29	914.91	False	44.43	0	
-1956	1006544.77	4	179.03	358.86	N02-Bha/* 39 Ari	1	N16-Vis	N02-Bha	-1.14	179.03	2008.54	False	-1.14	0	
-1950	1008553.30	1	1.16	181.18	N17-Anu/δ Sco	1	N03-Kri	N17-Anu	181.18	1.16	914.76	False	46.18	0	
-1948	1009468.06	4	180.40	0.20	N03-Kri/* 17 Tau	1	N17-Anu	N03-Kri	0.20	180.40	2923.36	False	0.20	0	
-1940	1012391.42	4	181.83	1.82	N03-Kri/* 17 Tau	1	N17-Anu	N03-Kri	1.82	181.83	177.99	False	1.82	0	
-1939	1012569.41	1	359.67	179.48	N17-Anu/δ Sco	1	N02-Bha	N17-Anu	179.48	-0.33	915.34	False	44.48	0	
-1937	1013484.75	4	179.40	359.42	N02-Bha/* 39 Ari	1	N17-Anu	N02-Bha	-0.58	179.40	2008.28	False	-0.58	0	
-1931	1015493.03	1	1.28	180.71	N17-Anu/δ Sco	1	N03-Kri	N17-Anu	180.71	1.28	915.14	False	45.71	0	
-1929	1016408.17	4	180.89	1.81	N03-Kri/* 17 Tau	1	N17-Anu	N03-Kri	1.81	180.89	3100.55	False	1.81	0	
-1920	1019508.71	1	359.38	179.17	N16-Vis/α2 Lib	1	N02-Bha	N16-Vis	179.17	-0.62	915.67	False	44.17	0	
-1918	1020424.38	4	179.42	358.58	N02-Bha/* 39 Ari	1	N16-Vis	N02-Bha	-1.42	179.42	2008.12	False	-1.42	0	
-1912	1022432.50	1	1.16	180.92	N17-Anu/δ Sco	1	N03-Kri	N17-Anu	180.92	1.16	915.49	False	45.92	0	
-1910	1023347.99	4	181.11	0.94	N03-Kri/* 17 Tau	1	N17-Anu	N03-Kri	0.94	181.11	3100.13	False	0.94	0	
-1901	1026448.12	1	359.20	178.88	N16-Vis/α2 Lib	1	N02-Bha	N16-Vis	178.88	-0.80	915.70	False	43.88	0	
-1899	1027363.81	4	179.24	358.99	N02-Bha/* 39 Ari	1	N16-Vis	N02-Bha	-1.01	179.24	2007.92	False	-1.01	0	
-1893	1029371.73	1	0.81	179.88	N16-Vis/α2 Lib	1	N03-Kri	N16-Vis	179.88	0.81	915.85	True	44.88	0	False
-1891	1030287.59	4	181.09	0.92	N03-Kri/* 17 Tau	1	N17-Anu	N03-Kri	0.92	181.09	176.96	False	0.92	0	
-1890	1030464.54	1	358.01	177.77	N16-Vis/α2 Lib	1	N02-Bha	N16-Vis	177.77	-1.99	2923.35	False	42.77	0	
-1882	1033387.89	1	359.37	179.34	N16-Vis/α2 Lib	1	N02-Bha	N16-Vis	179.34	-0.63	915.20	False	44.34	0	
-1880	1034303.08	4	178.88	358.10	N02-Bha/* 39 Ari	1	N16-Vis	N02-Bha	-1.90	178.88	2008.24	False	-1.90	0	
-1874	1036311.32	1	0.80	180.71	N17-Anu/δ Sco	1	N03-Kri	N17-Anu	180.71	0.80	915.58	False	45.71	0	
-1872	1037226.90	4	180.78	0.54	N03-Kri/* 17 Tau	1	N17-Anu	N03-Kri	0.54	180.78	177.75	False	0.54	0	
-1871	1037404.65	1	358.51	179.44	N16-Vis/α2 Lib	1	N02-Bha	N16-Vis	179.44	-1.49	2923.21	False	44.44	0	
-1863	1040327.86	1	359.73	179.47	N16-Vis/α2 Lib	1	N02-Bha	N16-Vis	179.47	-0.27	914.84	False	44.47	0	
-1861	1041242.70	4	178.89	358.38	N02-Bha/* 39 Ari	1	N16-Vis	N02-Bha	-1.62	178.89	2008.47	False	-1.62	0	
-1855	1043251.17	1	1.04	180.91	N17-Anu/δ Sco	1	N03-Kri	N17-Anu	180.91	1.04	915.09	False	45.91	0	
-1853	1044166.26	4	180.52	0.05	N03-Kri/* 17 Tau	1	N16-Vis	N03-Kri	0.05	180.52	178.21	True	0.05	0	False
-1852	1044344.47	1	358.71	178.54	N16-Vis/α2 Lib	1	N02-Bha	N16-Vis	178.54	-1.29	2923.37	False	43.54	0	
-1844	1047267.83	1	0.10	179.31	N16-Vis/α2 Lib	1	N03-Kri	N16-Vis	179.31	0.10	914.78	True	44.31	0	False
-1842	1048182.61	4	179.19	358.97	N02-Bha/* 39 Ari	1	N16-Vis	N02-Bha	-1.03	179.19	2008.57	False	-1.03	0	
-1836	1050191.19	1	1.45	181.26	N17-Anu/δ Sco	1	N03-Kri	N17-Anu	181.26	1.45	914.89	False	46.26	0	
-1834	1051106.07	4	180.72	1.72	N03-Kri/* 17 Tau	1	N16-Vis	N03-Kri	1.72	180.72	177.98	True	1.72	0	False
-1833	1051284.05	1	358.70	178.53	N16-Vis/α2 Lib	1	N02-Bha	N16-Vis	178.53	-1.30	915.25	False	43.53	0	
-1831	1052199.29	4	178.17	358.21	N02-Bha/* 39 Ari	1	N16-Vis	N02-Bha	-1.79	178.17	2008.37	False	-1.79	0	
-1825	1054207.66	1	0.31	179.83	N16-Vis/α2 Lib	1	N03-Kri	N16-Vis	179.83	0.31	914.98	True	44.83	0	False
-1823	1055122.64	4	179.60	359.47	N02-Bha/* 39 Ari	1	N16-Vis	N02-Bha	-0.53	179.60	2008.53	False	-0.53	0	
-1817	1057131.17	1	1.81	181.80	N17-Anu/δ Sco	1	N03-Kri	N17-Anu	181.80	1.81	914.77	False	46.80	0	
-1815	1058045.94	4	180.97	0.70	N03-Kri/* 17 Tau	1	N16-Vis	N03-Kri	0.70	180.97	177.42	True	0.70	0	False
-1814	1058223.35	1	358.42	178.20	N16-Vis/α2 Lib	1	N02-Bha	N16-Vis	178.20	-1.58	915.61	False	43.20	0	
-1812	1059138.97	4	178.24	357.55	N02-Bha/* 39 Ari	1	N16-Vis	N02-Bha	-2.45	178.24	2008.18	False	-2.45	0	
-1806	1061147.15	1	0.20	179.98	N16-Vis/α2 Lib	1	N03-Kri	N16-Vis	179.98	0.20	915.41	True	44.98	0	False
-1804	1062062.56	4	179.91	359.85	N02-Bha/* 39 Ari	1	N16-Vis	N02-Bha	-0.15	179.91	2008.24	False	-0.15	0	
-1798	1064070.80	1	1.85	181.01	N16-Vis/α2 Lib	1	N03-Kri	N16-Vis	181.01	1.85	915.16	True	46.01	0	False
-1796	1064985.96	4	181.39	1.38	N03-Kri/* 17 Tau	1	N17-Anu	N03-Kri	1.38	181.39	176.76	False	1.38	0	
-1795	1065162.73	1	358.20	177.84	N16-Vis/α2 Lib	1	N02-Bha	N16-Vis	177.84	-1.80	915.69	False	42.84	0	
-1793	1066078.42	4	178.07	357.83	N02-Bha/* 39 Ari	1	N16-Vis	N02-Bha	-2.17	178.07	2008.03	False	-2.17	0	
-1787	1068086.45	1	359.92	179.75	N16-Vis/α2 Lib	1	N02-Bha	N16-Vis	179.75	-0.08	915.73	False	44.75	0	
-1785	1069002.18	4	179.92	359.79	N02-Bha/* 39 Ari	1	N16-Vis	N02-Bha	-0.21	179.92	2008.05	False	-0.21	0	
-1779	1071010.23	1	1.68	181.43	N16-Vis/α2 Lib	1	N03-Kri	N16-Vis	181.43	1.68	915.55	True	46.43	0	False
-1777	1071925.78	4	181.59	1.27	N03-Kri/* 17 Tau	1	N16-Vis	N03-Kri	1.27	181.59	176.69	True	1.27	0	False
-1776	1072102.47	1	358.34	178.31	N16-Vis/α2 Lib	1	N02-Bha	N16-Vis	178.31	-1.66	2923.47	False	43.31	0	
-1768	1075025.93	1	359.81	179.67	N16-Vis/α2 Lib	1	N02-Bha	N16-Vis	179.67	-0.19	915.57	False	44.67	0	
-1766	1075941.51	4	179.63	359.40	N02-Bha/* 39 Ari	1	N16-Vis	N02-Bha	-0.60	179.63	2008.00	False	-0.60	0	
-1760	1077949.51	1	1.38	180.65	N16-Vis/α2 Lib	1	N03-Kri	N16-Vis	180.65	1.38	915.80	True	45.65	0	False
-1758	1078865.30	4	181.50	1.31	N03-Kri/* 17 Tau	1	N16-Vis	N03-Kri	1.31	181.50	177.10	True	1.31	0	False
-1757	1079042.41	1	358.67	178.34	N16-Vis/α2 Lib	1	N02-Bha	N16-Vis	178.34	-1.33	2923.34	False	43.34	0	
-1749	1081965.75	1	0.03	179.90	N16-Vis/α2 Lib	1	N03-Kri	N16-Vis	179.90	0.03	915.09	True	44.90	0	False
-1747	1082880.84	4	179.34	358.83	N02-Bha/* 39 Ari	1	N16-Vis	N02-Bha	-1.17	179.34	2008.30	False	-1.17	0	
-1741	1084889.14	1	1.41	181.07	N16-Vis/α2 Lib	1	N03-Kri	N16-Vis	181.07	1.41	915.47	True	46.07	0	False
-1739	1085804.60	4	181.18	0.99	N03-Kri/* 17 Tau	1	N16-Vis	N03-Kri	0.99	181.18	177.85	True	0.99	0	False
-1738	1085982.45	1	359.10	179.21	N16-Vis/α2 Lib	1	N02-Bha	N16-Vis	179.21	-0.90	2923.29	False	44.21	0	
-1730	1088905.74	1	0.40	180.14	N16-Vis/α2 Lib	1	N03-Kri	N16-Vis	180.14	0.40	914.87	True	45.14	0	False
-1728	1089820.61	4	179.50	0.41	N03-Kri/* 17 Tau	1	N16-Vis	N03-Kri	0.41	179.50	2008.44	True	0.41	0	False
-1722	1091829.05	1	1.71	181.47	N16-Vis/α2 Lib	1	N03-Kri	N16-Vis	181.47	1.71	914.99	True	46.47	0	False
-1720	1092744.04	4	181.00	0.78	N03-Kri/* 17 Tau	1	N16-Vis	N03-Kri	0.78	181.00	178.21	True	0.78	0	False
-1719	1092922.25	1	359.29	178.95	N16-Vis/α2 Lib	1	N02-Bha	N16-Vis	178.95	-0.71	914.92	False	43.95	0	
-1717	1093837.18	4	178.38	358.23	N02-Bha/* 39 Ari	1	N16-Vis	N02-Bha	-1.77	178.38	2008.57	False	-1.77	0	
-1711	1095845.74	1	0.79	180.82	N16-Vis/α2 Lib	1	N03-Kri	N16-Vis	180.82	0.79	914.72	True	45.82	0	False
-1709	1096760.46	4	179.75	359.47	N02-Bha/* 39 Ari	1	N16-Vis	N02-Bha	-0.53	179.75	2923.36	False	-0.53	0	
-1701	1099683.82	4	181.17	1.11	N03-Kri/* 17 Tau	1	N16-Vis	N03-Kri	1.11	181.17	177.94	True	1.11	0	False
-1700	1099861.76	1	359.21	179.01	N16-Vis/α2 Lib	1	N02-Bha	N16-Vis	179.01	-0.79	915.36	False	44.01	0	
-1698	1100777.13	4	178.72	358.68	N02-Bha/* 39 Ari	1	N16-Vis	N02-Bha	-1.32	178.72	2008.29	False	-1.32	0	
-1692	1102785.42	1	0.87	180.21	N16-Vis/α2 Lib	1	N03-Kri	N16-Vis	180.21	0.87	915.13	True	45.21	0	False
-1690	1103700.55	4	180.22	0.85	N03-Kri/* 17 Tau	1	N16-Vis	N03-Kri	0.85	180.22	2923.25	True	0.85	0	False
-1682	1106623.79	4	181.54	1.25	N03-Kri/* 17 Tau	1	N16-Vis	N03-Kri	1.25	181.54	177.27	True	1.25	0	False
-1681	1106801.06	1	358.93	178.75	N16-Vis/α2 Lib	1	N02-Bha	N16-Vis	178.75	-1.07	915.73	False	43.75	0	
-1679	1107716.79	4	178.76	358.64	N02-Bha/* 39 Ari	1	N16-Vis	N02-Bha	-1.36	178.76	2008.07	False	-1.36	0	
-1673	1109724.85	1	0.72	180.49	N16-Vis/α2 Lib	1	N03-Kri	N16-Vis	180.49	0.72	915.50	True	45.49	0	False
-1671	1110640.35	4	180.42	0.15	N03-Kri/* 17 Tau	1	N16-Vis	N03-Kri	0.15	180.42	2923.46	True	0.15	0	False
-1663	1113563.81	4	181.94	1.98	N03-Kri/* 17 Tau	1	N16-Vis	N03-Kri	1.98	181.94	176.70	True	1.98	0	False
-1662	1113740.51	1	358.78	178.59	N16-Vis/α2 Lib	1	N02-Bha	N16-Vis	178.59	-1.22	915.62	False	43.59	0	
-1660	1114656.13	4	178.49	358.23	N02-Bha/* 39 Ari	1	N16-Vis	N02-Bha	-1.77	178.49	2007.98	False	-1.77	0	
-1654	1116664.11	1	0.39	179.62	N16-Vis/α2 Lib	1	N03-Kri	N16-Vis	179.62	0.39	915.79	True	44.62	0	False
-1652	1117579.91	4	180.35	0.16	N03-Kri/* 17 Tau	1	N16-Vis	N03-Kri	0.16	180.35	3100.39	True	0.16	0	False
-1643	1120680.30	1	358.97	178.88	N16-Vis/α2 Lib	1	N02-Bha	N16-Vis	178.88	-1.03	915.13	False	43.88	0	
-1641	1121595.43	4	178.18	357.51	N02-Bha/* 41 Ari	1	N16-Vis	N02-Bha	-2.49	178.18	2008.26	False	-2.49	0	
-1635	1123603.70	1	0.37	179.89	N16-Vis/α2 Lib	1	N03-Kri	N16-Vis	179.89	0.37	915.52	True	44.89	0	False
-1633	1124519.21	4	180.04	359.82	N02-Bha/* 39 Ari	1	N16-Vis	N02-Bha	-0.18	180.04	177.83	False	-0.18	0	
-1632	1124697.04	1	358.09	178.44	N16-Vis/α2 Lib	1	N02-Bha	N16-Vis	178.44	-1.91	1830.24	False	43.44	0	
-1627	1126527.28	1	1.94	181.48	N16-Vis/α2 Lib	1	N03-Kri	N16-Vis	181.48	1.94	915.73	True	46.48	0	False
-1625	1127443.01	4	181.91	1.68	N03-Kri/* 17 Tau	1	N16-Vis	N03-Kri	1.68	181.91	177.28	True	1.68	0	False
-1624	1127620.29	1	359.35	179.07	N16-Vis/α2 Lib	1	N02-Bha	N16-Vis	179.07	-0.65	914.84	False	44.07	0	
-1622	1128535.13	4	178.26	358.31	N02-Bha/* 39 Ari	1	N16-Vis	N02-Bha	-1.69	178.26	2008.46	False	-1.69	0	
-1616	1130543.59	1	0.66	180.44	N16-Vis/α2 Lib	1	N03-Kri	N16-Vis	180.44	0.66	915.03	True	45.44	0	False
-1614	1131458.62	4	179.83	359.49	N02-Bha/* 39 Ari	1	N16-Vis	N02-Bha	-0.51	179.83	178.24	False	-0.51	0	
-1613	1131636.86	1	358.29	177.99	N16-Vis/α2 Lib	1	N02-Bha	N16-Vis	177.99	-1.71	2745.38	False	42.99	0	
-1606	1134382.24	4	181.53	0.54	N03-Kri/* 17 Tau	1	N16-Vis	N03-Kri	0.54	181.53	178.07	True	0.54	0	False
-1605	1134560.31	1	359.75	179.77	N16-Vis/α2 Lib	1	N02-Bha	N16-Vis	179.77	-0.25	914.73	False	44.77	0	
-1603	1135475.04	4	178.56	358.35	N02-Bha/* 41 Ari	1	N16-Vis	N02-Bha	-1.65	178.56	2008.58	False	-1.65	0	
-1597	1137483.62	1	1.08	180.89	N16-Vis/α2 Lib	1	N03-Kri	N16-Vis	180.89	1.08	914.77	True	45.89	0	False
-1595	1138398.39	4	179.99	359.98	N02-Bha/* 39 Ari	1	N16-Vis	N02-Bha	-0.02	179.99	178.02	False	-0.02	0	
-1594	1138576.40	1	358.24	178.04	N16-Vis/α2 Lib	1	N02-Bha	N16-Vis	178.04	-1.76	2745.43	False	43.04	0	
-1587	1141321.83	4	181.50	1.41	N03-Kri/* 17 Tau	1	N16-Vis	N03-Kri	1.41	181.50	178.19	True	1.41	0	False
-1586	1141500.02	1	359.86	179.24	N16-Vis/α2 Lib	1	N02-Bha	N16-Vis	179.24	-0.14	915.11	False	44.24	0	
-1584	1142415.13	4	179.04	359.81	N02-Bha/* 39 Ari	1	N16-Vis	N02-Bha	-0.19	179.04	2008.44	False	-0.19	0	
-1578	1144423.57	1	1.41	181.36	N16-Vis/α2 Lib	1	N03-Kri	N16-Vis	181.36	1.41	914.78	True	46.36	0	False
-1576	1145338.35	4	180.34	0.11	N03-Kri/* 17 Tau	1	N16-Vis	N03-Kri	0.11	180.34	2923.31	True	0.11	0	False
-1568	1148261.67	4	181.73	1.62	N03-Kri/* 17 Tau	1	N16-Vis	N03-Kri	1.62	181.73	177.82	True	1.62	0	False
-1567	1148439.49	1	359.73	179.49	N16-Vis/α2 Lib	1	N02-Bha	N16-Vis	179.49	-0.27	915.47	False	44.49	0	
-1565	1149354.96	4	179.26	359.07	N02-Bha/* 39 Ari	1	N16-Vis	N02-Bha	-0.93	179.26	2008.20	False	-0.93	0	
-1559	1151363.15	1	1.40	180.47	N16-Vis/α2 Lib	1	N03-Kri	N16-Vis	180.47	1.40	915.16	True	45.47	0	False
-1557	1152278.31	4	180.69	359.77	N02-Bha/* 39 Ari	1	N16-Vis	N02-Bha	-0.23	180.69	3100.42	False	-0.23	0	
-1548	1155378.73	1	359.40	178.47	N16-Vis/α2 Lib	1	N02-Bha	N16-Vis	178.47	-0.60	915.81	False	43.47	0	
-1546	1156294.54	4	179.23	359.06	N02-Bha/* 41 Ari	1	N16-Vis	N02-Bha	-0.94	179.23	2008.02	False	-0.94	0	
-1540	1158302.56	1	1.22	180.98	N16-Vis/α2 Lib	1	N03-Kri	N16-Vis	180.98	1.22	915.58	True	45.98	0	False
-1538	1159218.15	4	180.91	0.40	N03-Kri/* 17 Tau	1	N16-Vis	N03-Kri	0.40	180.91	3100.18	True	0.40	0	False
-1529	1162318.33	1	359.40	179.31	N16-Vis/α2 Lib	1	N02-Bha	N16-Vis	179.31	-0.60	915.52	False	44.31	0	
-1527	1163233.85	4	178.92	358.69	N02-Bha/* 35 Ari	1	N16-Vis	N02-Bha	-1.31	178.92	2008.02	False	-1.31	0	
-1521	1165241.87	1	0.94	180.36	N16-Vis/α2 Lib	1	N03-Kri	N16-Vis	180.36	0.94	915.77	True	45.36	0	False
-1519	1166157.64	4	180.79	0.56	N03-Kri/* 17 Tau	1	N16-Vis	N03-Kri	0.56	180.79	177.23	True	0.56	0	False
-1518	1166334.87	1	358.32	178.06	N16-Vis/α2 Lib	1	N02-Bha	N16-Vis	178.06	-1.68	2923.31	False	43.06	0	
-1510	1169258.18	1	359.64	179.50	N16-Vis/α2 Lib	1	N02-Bha	N16-Vis	179.50	-0.36	915.04	False	44.50	0	
-1508	1170173.22	4	178.68	358.26	N02-Bha/* 35 Ari	1	N16-Vis	N02-Bha	-1.74	178.68	2008.38	False	-1.74	0	
-1502	1172181.60	1	1.07	181.52	N16-Vis/α2 Lib	1	N03-Kri	N16-Vis	181.52	1.07	915.35	True	46.52	0	False
-1500	1173096.95	4	180.48	0.29	N03-Kri/* 17 Tau	1	N16-Vis	N03-Kri	0.29	180.48	177.88	True	0.29	0	False
-1499	1173274.83	1	358.66	177.74	N16-Vis/α2 Lib	1	N02-Bha	N16-Vis	177.74	-1.34	2923.37	False	42.74	0	
-1491	1176198.20	1	0.04	179.87	N16-Vis/α2 Lib	1	N03-Kri	N16-Vis	179.87	0.04	914.76	True	44.87	0	False
-1489	1177112.96	4	178.81	358.81	N02-Bha/* 35 Ari	1	N16-Vis	N02-Bha	-1.19	178.81	2008.51	False	-1.19	0	
-1483	1179121.48	1	1.33	181.09	N16-Vis/α2 Lib	1	N02-Bha	N16-Vis	181.09	1.33	914.95	False	46.09	0	
-1481	1180036.43	4	180.35	0.18	N02-Bha/* 39 Ari	1	N16-Vis	N02-Bha	0.18	180.35	178.22	False	0.18	0	
-1480	1180214.65	1	358.88	178.38	N16-Vis/α2 Lib	1	N02-Bha	N16-Vis	178.38	-1.12	2745.35	False	43.38	0	
-1473	1182960.00	4	182.00	1.20	N02-Bha/* 39 Ari	1	N16-Vis	N02-Bha	1.20	182.00	178.17	False	1.20	0	
-1472	1183138.17	1	0.41	180.39	N16-Vis/α2 Lib	1	N02-Bha	N16-Vis	180.39	0.41	914.73	False	45.39	0	
-1470	1184052.91	4	179.15	358.86	N02-Bha/* 35 Ari	1	N16-Vis	N02-Bha	-1.14	179.15	2008.68	False	-1.14	0	
-1464	1186061.59	1	1.83	182.70	N16-Vis/α2 Lib	1	N02-Bha	N16-Vis	182.70	1.83	914.66	False	47.70	0	
-1462	1186976.25	4	180.55	0.47	N02-Bha/* 39 Ari	1	N16-Vis	N02-Bha	0.47	180.55	177.89	False	0.47	0	
-1461	1187154.14	1	358.77	178.55	N16-Vis/α2 Lib	1	N02-Bha	N16-Vis	178.55	-1.23	915.39	False	43.55	0	
-1459	1188069.52	4	178.07	357.99	N02-Bha/* 35 Ari	1	N16-Vis	N02-Bha	-2.01	178.07	1830.09	False	-2.01	0	
-1454	1189899.62	4	182.00	1.40	N02-Bha/* 39 Ari	1	N16-Vis	N02-Bha	1.40	182.00	178.18	False	1.40	0	
-1453	1190077.79	1	0.44	179.58	N16-Vis/α2 Lib	1	N02-Bha	N16-Vis	179.58	0.44	915.13	False	44.58	0	
-1451	1190992.93	4	179.56	359.47	N02-Bha/* 35 Ari	1	N16-Vis	N02-Bha	-0.53	179.56	2923.31	False	-0.53	0	
-1443	1193916.24	4	180.94	0.71	N02-Bha/* 39 Ari	1	N16-Vis	N02-Bha	0.71	180.94	177.12	False	0.71	0	
-1442	1194093.36	1	358.42	177.42	N16-Vis/α1 Lib	1	N02-Bha	N16-Vis	177.42	-1.58	915.77	False	42.42	0	
-1440	1195009.13	4	178.07	357.93	N02-Bha/* 35 Ari	1	N16-Vis	N02-Bha	-2.07	178.07	2008.09	False	-2.07	0	
-1434	1197017.22	1	0.27	180.02	N16-Vis/α2 Lib	1	N02-Bha	N16-Vis	180.02	0.27	915.52	False	45.02	0	
-1432	1197932.74	4	179.76	359.41	N02-Bha/* 35 Ari	1	N16-Vis	N02-Bha	-0.59	179.76	2923.50	False	-0.59	0	
-1424	1200856.24	4	181.33	1.37	N02-Bha/* 39 Ari	1	N16-Vis	N02-Bha	1.37	181.33	176.69	False	1.37	0	
-1423	1201032.93	1	358.38	178.26	N16-Vis/α2 Lib	1	N02-Bha	N16-Vis	178.26	-1.62	2923.57	False	43.26	0	
-1415	1203956.50	1	359.96	179.26	N16-Vis/α2 Lib	1	N02-Bha	N16-Vis	179.26	-0.04	915.75	False	44.26	0	
-1413	1204872.25	4	179.66	359.46	N02-Bha/* 35 Ari	1	N16-Vis	N02-Bha	-0.54	179.66	2008.04	False	-0.54	0	
-1407	1206880.29	1	1.75	181.51	N16-Vis/α2 Lib	1	N02-Bha	N16-Vis	181.51	1.75	915.61	False	46.51	0	
-1405	1207795.91	4	181.38	0.68	N02-Bha/* 41 Ari	1	N16-Vis	N02-Bha	0.68	181.38	176.84	False	0.68	0	
-1404	1207972.75	1	358.60	178.46	N16-Vis/α2 Lib	1	N02-Bha	N16-Vis	178.46	-1.40	2923.40	False	43.46	0	
-1396	1210896.15	1	0.02	179.86	N16-Vis/α2 Lib	1	N02-Bha	N16-Vis	179.86	0.02	915.40	False	44.86	0	
-1394	1211811.55	4	179.34	359.16	N01-Ash/α Ari	1	N16-Vis	N01-Ash	-0.84	179.34	2008.12	False	-0.84	0	
-1388	1213819.67	1	1.53	181.13	N16-Vis/α2 Lib	1	N02-Bha	N16-Vis	181.13	1.53	915.68	False	46.13	0	
-1386	1214735.35	4	181.21	0.98	N02-Bha/* 41 Ari	1	N16-Vis	N02-Bha	0.98	181.21	177.40	False	0.98	0	
-1385	1214912.75	1	358.99	178.72	N16-Vis/α2 Lib	1	N01-Ash	N16-Vis	178.72	-1.01	2923.30	False	43.72	0	
-1377	1217836.05	1	0.31	180.06	N16-Vis/α2 Lib	1	N02-Bha	N16-Vis	180.06	0.31	914.95	False	45.06	0	
-1375	1218751.00	4	179.18	358.98	N01-Ash/α Ari	1	N16-Vis	N01-Ash	-1.02	179.18	2008.42	False	-1.02	0	
-1369	1220759.42	1	1.68	181.66	N16-Vis/α2 Lib	1	N02-Bha	N16-Vis	181.66	1.68	915.19	False	46.66	0	
-1367	1221674.61	4	180.85	0.01	N02-Bha/* 35 Ari	1	N16-Vis	N02-Bha	0.01	180.85	178.14	False	0.01	0	
-1366	1221852.74	1	359.37	179.39	N16-Vis/α2 Lib	1	N01-Ash	N16-Vis	179.39	-0.63	2923.34	False	44.39	0	
-1358	1224776.08	1	0.73	180.61	N16-Vis/α2 Lib	1	N02-Bha	N16-Vis	180.61	0.73	914.70	False	45.61	0	
-1356	1225690.79	4	179.35	359.28	N01-Ash/α Ari	1	N16-Vis	N01-Ash	-0.72	179.35	2923.38	False	-0.72	0	
-1348	1228614.17	4	180.79	360.00	N01-Ash/α Ari	1	N16-Vis	N01-Ash	-0.00	180.79	178.24	False	-0.00	0	
-1347	1228792.41	1	359.43	178.74	N16-Vis/α1 Lib	1	N01-Ash	N16-Vis	178.74	-0.57	915.10	False	43.74	0	
-1345	1229707.51	4	178.38	358.78	N01-Ash/α Ari	1	N16-Vis	N01-Ash	-1.22	178.38	2008.49	False	-1.22	0	
-1339	1231716.00	1	1.03	180.93	N16-Vis/α2 Lib	1	N02-Bha	N16-Vis	180.93	1.03	914.77	False	45.93	0	
-1337	1232630.77	4	179.72	359.45	N01-Ash/α Ari	1	N16-Vis	N01-Ash	-0.55	179.72	2923.32	False	-0.55	0	
-1329	1235554.09	4	181.10	0.91	N02-Bha/* 35 Ari	1	N16-Vis	N02-Bha	0.91	181.10	177.75	False	0.91	0	
-1328	1235731.84	1	359.27	179.03	N16-Vis/α1 Lib	1	N01-Ash	N16-Vis	179.03	-0.73	915.48	False	44.03	0	
-1326	1236647.32	4	178.58	358.28	N01-Ash/α Ari	1	N16-Vis	N01-Ash	-1.72	178.58	2008.29	False	-1.72	0	
-1320	1238655.60	1	1.03	180.90	N16-Vis/α2 Lib	1	N02-Bha	N16-Vis	180.90	1.03	915.18	False	45.90	0	
-1318	1239570.78	4	180.12	0.16	N02-Bha/* 35 Ari	1	N16-Vis	N02-Bha	0.16	180.12	2923.32	False	0.16	0	
-1310	1242494.11	4	181.51	1.34	N02-Bha/* 35 Ari	1	N16-Vis	N02-Bha	1.34	181.51	177.00	False	1.34	0	
-1309	1242671.10	1	358.95	178.20	N16-Vis/α1 Lib	1	N01-Ash	N16-Vis	178.20	-1.05	915.76	False	43.20	0	
-1307	1243586.87	4	178.52	358.32	N01-Ash/α Ari	1	N16-Vis	N01-Ash	-1.68	178.52	2008.06	False	-1.68	0	
-1301	1245594.93	1	0.77	180.55	N16-Vis/α2 Lib	1	N02-Bha	N16-Vis	180.55	0.77	915.57	False	45.55	0	
-1299	1246510.50	4	180.22	359.61	N01-Ash/α Ari	1	N16-Vis	N01-Ash	-0.39	180.22	2923.56	False	-0.39	0	
-1291	1249434.05	4	181.85	1.83	N02-Bha/* 35 Ari	1	N16-Vis	N02-Bha	1.83	181.85	176.65	False	1.83	0	
-1290	1249610.71	1	358.95	178.60	N16-Vis/α1 Lib	1	N01-Ash	N16-Vis	178.60	-1.05	915.47	False	43.60	0	
-1288	1250526.17	4	178.21	357.99	N01-Ash/α Ari	1	N16-Vis	N01-Ash	-2.01	178.21	2008.10	False	-2.01	0	
-1282	1252534.27	1	0.53	180.09	N16-Vis/α2 Lib	1	N02-Bha	N16-Vis	180.09	0.53	915.69	False	45.09	0	
-1280	1253449.96	4	180.08	359.84	N01-Ash/α Ari	1	N16-Vis	N01-Ash	-0.16	180.08	2923.67	False	-0.16	0	
-1272	1256373.64	4	181.82	0.88	N02-Bha/* 35 Ari	1	N16-Vis	N02-Bha	0.88	181.82	176.96	False	0.88	0	
-1271	1256550.60	1	359.23	179.01	N16-Vis/α1 Lib	1	N01-Ash	N16-Vis	179.01	-0.77	914.99	False	44.01	0	
-1269	1257465.58	4	178.01	357.70	N01-Ash/α Ari	1	N16-Vis	N01-Ash	-2.30	178.01	2008.40	False	-2.30	0	
-1263	1259473.98	1	0.64	180.63	N16-Vis/α2 Lib	1	N02-Bha	N16-Vis	180.63	0.64	915.22	False	45.63	0	
-1261	1260389.20	4	179.70	358.74	N01-Ash/α Ari	1	N16-Vis	N01-Ash	-1.26	179.70	178.12	False	-1.26	0	
-1260	1260567.32	1	358.33	178.35	N16-Vis/α1 Lib	1	N01-Ash	N16-Vis	178.35	-1.67	2745.73	False	43.35	0	
-1253	1263313.05	4	181.62	1.38	N02-Bha/* 35 Ari	1	N16-Vis	N02-Bha	1.38	181.62	177.58	False	1.38	0	
-1252	1263490.63	1	359.65	179.49	N16-Vis/α1 Lib	1	N01-Ash	N16-Vis	179.49	-0.35	914.74	False	44.49	0	
-1250	1264405.36	4	178.18	358.16	N01-Ash/α Ari	1	N16-Vis	N01-Ash	-1.84	178.18	2008.55	False	-1.84	0	
-1244	1266413.91	1	0.96	180.64	N16-Vis/α2 Lib	1	N02-Bha	N16-Vis	180.64	0.96	914.89	False	45.64	0	
-1242	1267328.80	4	179.69	359.60	N01-Ash/α Ari	1	N16-Vis	N01-Ash	-0.40	179.69	178.22	False	-0.40	0	
-1241	1267507.02	1	358.44	177.78	N16-Vis/α1 Lib	1	N01-Ash	N16-Vis	177.78	-1.56	2745.33	False	42.78	0	
-1234	1270252.36	4	181.31	0.70	N02-Bha/* 35 Ari	1	N16-Vis	N02-Bha	0.70	181.31	178.22	False	0.70	0	
-1233	1270430.57	1	359.99	179.93	N16-Vis/α1 Lib	1	N01-Ash	N16-Vis	179.93	-0.01	914.76	False	44.93	0	
-1231	1271345.34	4	178.54	358.31	N01-Ash/α Ari	1	N16-Vis	N01-Ash	-1.69	178.54	2008.66	False	-1.69	0	
-1225	1273354.00	1	1.43	182.02	N16-Vis/α2 Lib	1	N02-Bha	N16-Vis	182.02	1.43	914.65	False	47.02	0	
-1223	1274268.65	4	179.93	359.81	N01-Ash/α Ari	1	N16-Vis	N01-Ash	-0.19	179.93	177.83	False	-0.19	0	
-1222	1274446.48	1	358.30	178.06	N16-Vis/α1 Lib	1	N01-Ash	N16-Vis	178.06	-1.70	2745.59	False	43.06	0	
-1215	1277192.07	4	181.42	1.80	N02-Bha/* 35 Ari	1	N16-Vis	N02-Bha	1.80	181.42	178.08	False	1.80	0	
-1214	1277370.15	1	359.97	179.00	N16-Vis/α1 Lib	1	N01-Ash	N16-Vis	179.00	-0.03	915.21	False	44.00	0	
-1212	1278285.36	4	178.96	359.00	N01-Ash/α Ari	1	N16-Vis	N01-Ash	-1.00	178.96	2008.43	False	-1.00	0	
-1206	1280293.79	1	1.62	181.35	N16-Vis/α2 Lib	1	N02-Bha	N16-Vis	181.35	1.62	914.87	False	46.35	0	
-1204	1281208.67	4	180.33	0.17	N02-Bha/* 35 Ari	1	N16-Vis	N02-Bha	0.17	180.33	2923.29	False	0.17	0	
-1196	1284131.95	4	181.69	1.46	N02-Bha/* 35 Ari	1	N16-Vis	N02-Bha	1.46	181.69	177.60	False	1.46	0	
-1195	1284309.56	1	359.79	179.54	N16-Vis/α1 Lib	1	N01-Ash	N16-Vis	179.54	-0.21	915.56	False	44.54	0	
-1193	1285225.11	4	179.10	358.57	N01-Ash/α Ari	1	N16-Vis	N01-Ash	-1.43	179.10	2008.22	False	-1.43	0	
-1187	1287233.34	1	1.57	181.38	N16-Vis/α2 Lib	1	N02-Bha	N16-Vis	181.38	1.57	915.30	False	46.38	0	
-1185	1288148.64	4	180.70	0.69	N02-Bha/* 35 Ari	1	N16-Vis	N02-Bha	0.69	180.70	3100.23	False	0.69	0	
-1176	1291248.87	1	359.51	178.94	N16-Vis/α1 Lib	1	N01-Ash	N16-Vis	178.94	-0.49	915.73	False	43.94	0	
-1174	1292164.60	4	178.98	358.75	N01-Ash/α Ari	1	N16-Vis	N01-Ash	-1.25	178.98	2008.03	False	-1.25	0	
-1168	1294172.64	1	1.28	181.08	N16-Vis/α1 Lib	1	N02-Bha	N16-Vis	181.08	1.28	915.62	False	46.08	0	
-1166	1295088.26	4	180.70	359.80	N01-Ash/α Ari	1	N16-Vis	N01-Ash	-0.20	180.70	176.93	False	-0.20	0	
-1165	1295265.19	1	358.21	178.06	N16-Vis/α1 Lib	1	N01-Ash	N16-Vis	178.06	-1.79	2923.42	False	43.06	0	
-1157	1298188.61	1	359.65	180.13	N16-Vis/α1 Lib	1	N01-Ash	N16-Vis	180.13	-0.35	915.30	False	45.13	0	
-1155	1299103.91	4	178.67	358.49	N01-Ash/α Ari	1	N16-Vis	N01-Ash	-1.51	178.67	2008.15	False	-1.51	0	
-1149	1301112.05	1	1.10	180.84	N16-Vis/α1 Lib	1	N02-Bha	N16-Vis	180.84	1.10	915.64	False	45.84	0	
-1147	1302027.69	4	180.52	0.26	N02-Bha/* 35 Ari	1	N16-Vis	N02-Bha	0.26	180.52	177.52	False	0.26	0	
-1146	1302205.21	1	358.63	178.46	N16-Vis/α1 Lib	1	N01-Ash	N16-Vis	178.46	-1.37	2923.28	False	43.46	0	
-1138	1305128.49	1	359.92	179.68	N16-Vis/α1 Lib	1	N01-Ash	N16-Vis	179.68	-0.08	914.91	False	44.68	0	
-1136	1306043.40	4	178.55	358.40	N01-Ash/α Ari	1	N16-Vis	N01-Ash	-1.60	178.55	2008.43	False	-1.60	0	
-1130	1308051.83	1	1.27	181.23	N16-Vis/α1 Lib	1	N02-Bha	N16-Vis	181.23	1.27	915.14	False	46.23	0	
-1128	1308966.97	4	180.19	359.42	N01-Ash/α Ari	1	N16-Vis	N01-Ash	-0.58	180.19	178.21	False	-0.58	0	
-1127	1309145.18	1	358.98	178.96	N16-Vis/α1 Lib	1	N01-Ash	N16-Vis	178.96	-1.02	2923.41	False	43.96	0	
-1119	1312068.59	1	0.40	181.10	N16-Vis/α1 Lib	1	N02-Bha	N16-Vis	181.10	0.40	914.64	False	46.10	0	
-1117	1312983.22	4	178.76	358.66	N01-Ash/α Ari	1	N16-Vis	N01-Ash	-1.34	178.76	2008.58	False	-1.34	0	
-1111	1314991.81	1	1.64	181.38	N16-Vis/α1 Lib	1	N02-Bha	N16-Vis	181.38	1.64	914.80	False	46.38	0	
-1109	1315906.60	4	180.21	359.77	N01-Ash/α Ari	1	N16-Vis	N01-Ash	-0.23	180.21	178.19	False	-0.23	0	
-1108	1316084.79	1	358.99	178.12	N16-Vis/α1 Lib	1	N01-Ash	N16-Vis	178.12	-1.01	2745.36	False	43.12	0	
-1101	1318830.15	4	181.83	1.39	N02-Bha/* 35 Ari	1	N16-Vis	N02-Bha	1.39	181.83	178.26	False	1.39	0	
-1100	1319008.41	1	0.62	180.40	N16-Vis/α1 Lib	1	N02-Bha	N16-Vis	180.40	0.62	914.81	False	45.40	0	
-1098	1319923.22	4	179.15	358.92	N01-Ash/α Ari	1	N16-Vis	N01-Ash	-1.08	179.15	2008.55	False	-1.08	0	
-1092	1321931.77	1	1.98	181.05	N16-Vis/α1 Lib	1	N02-Bha	N16-Vis	181.05	1.98	914.76	False	46.05	0	
-1090	1322846.53	4	180.52	0.32	N02-Bha/* 35 Ari	1	N16-Vis	N02-Bha	0.32	180.52	177.68	False	0.32	0	
-1089	1323024.21	1	358.82	178.57	N16-Vis/α1 Lib	1	N01-Ash	N16-Vis	178.57	-1.18	2745.69	False	43.57	0	
-1082	1325769.90	4	181.96	1.97	N02-Bha/* 35 Ari	1	N16-Vis	N02-Bha	1.97	181.96	178.09	False	1.97	0	
-1081	1325947.98	1	0.59	180.41	N16-Vis/α1 Lib	1	N02-Bha	N16-Vis	180.41	0.59	915.23	False	45.41	0	
-1079	1326863.21	4	179.53	359.57	N01-Ash/α Ari	1	N16-Vis	N01-Ash	-0.43	179.53	2923.35	False	-0.43	0	
-1071	1329786.56	4	180.94	0.85	N02-Bha/* 35 Ari	1	N16-Vis	N02-Bha	0.85	180.94	176.94	False	0.85	0	
-1070	1329963.50	1	358.52	177.85	N16-Vis/α1 Lib	1	N01-Ash	N16-Vis	177.85	-1.48	2923.79	False	42.85	0	
-1062	1332887.29	1	0.32	180.09	N16-Vis/α1 Lib	1	N02-Bha	N16-Vis	180.09	0.32	915.58	False	45.09	0	
-1060	1333802.87	4	179.58	358.86	N01-Ash/α Ari	1	N16-Vis	N01-Ash	-1.14	179.58	2923.60	False	-1.14	0	
-1052	1336726.47	4	181.24	1.14	N02-Bha/* 35 Ari	1	N16-Vis	N02-Bha	1.14	181.24	176.70	False	1.14	0	
-1051	1336903.17	1	358.59	178.62	N16-Vis/α1 Lib	1	N01-Ash	N16-Vis	178.62	-1.41	2923.51	False	43.62	0	
-1043	1339826.67	1	0.11	179.74	N16-Vis/α1 Lib	1	N02-Bha	N16-Vis	179.74	0.11	915.63	False	44.74	0	
-1041	1340742.31	4	179.41	359.17	N01-Ash/α Ari	1	N16-Vis	N01-Ash	-0.83	179.41	2008.07	False	-0.83	0	
-1035	1342750.38	1	1.81	181.64	N16-Vis/α1 Lib	1	N02-Bha	N16-Vis	181.64	1.81	915.70	False	46.64	0	
-1033	1343666.08	4	181.24	1.10	N02-Bha/* 35 Ari	1	N16-Vis	N02-Bha	1.10	181.24	176.98	False	1.10	0	
-1032	1343843.06	1	358.87	178.60	N16-Vis/α1 Lib	1	N01-Ash	N16-Vis	178.60	-1.13	2923.37	False	43.60	0	
-1024	1346766.43	1	0.26	180.24	N16-Vis/α1 Lib	1	N02-Bha	N16-Vis	180.24	0.26	915.14	False	45.24	0	
-1022	1347681.57	4	179.05	358.25	N01-Ash/α Ari	1	N16-Vis	N01-Ash	-1.75	179.05	2008.31	False	-1.75	0	
-1016	1349689.88	1	1.72	181.58	N16-Vis/α1 Lib	1	N02-Bha	N16-Vis	181.58	1.72	915.52	False	46.58	0	
-1014	1350605.40	4	180.94	0.71	N02-Bha/* 35 Ari	1	N16-Vis	N02-Bha	0.71	180.94	177.69	False	0.71	0	
-1013	1350783.09	1	359.29	179.17	N16-Vis/α1 Lib	1	N01-Ash	N16-Vis	179.17	-0.71	2923.29	False	44.17	0	
-1005	1353706.38	1	0.60	180.31	N16-Vis/α1 Lib	1	N02-Bha	N16-Vis	180.31	0.60	914.78	False	45.31	0	
-1003	1354621.16	4	179.02	358.44	N01-Ash/α Ari	1	N16-Vis	N01-Ash	-1.56	179.02	2008.55	False	-1.56	0	
-997	1356629.70	1	1.93	181.82	N16-Vis/α1 Lib	1	N02-Bha	N16-Vis	181.82	1.93	915.04	False	46.82	0	
-995	1357544.74	4	180.68	0.19	N02-Bha/* 35 Ari	1	N16-Vis	N02-Bha	0.19	180.68	178.25	False	0.19	0	
-994	1357723.00	1	359.59	179.48	N16-Vis/α1 Lib	1	N01-Ash	N16-Vis	179.48	-0.41	2923.40	False	44.48	0	
-986	1360646.39	1	1.00	180.75	N16-Vis/α1 Lib	1	N02-Bha	N16-Vis	180.75	1.00	914.67	False	45.75	0	
-984	1361561.06	4	179.33	359.12	N01-Ash/α Ari	1	N16-Vis	N01-Ash	-0.88	179.33	2923.47	False	-0.88	0	
-976	1364484.53	4	180.86	1.84	N02-Bha/* 35 Ari	1	N16-Vis	N02-Bha	1.84	180.86	178.06	False	1.84	0	
-975	1364662.60	1	359.59	179.44	N16-Vis/α1 Lib	1	N01-Ash	N16-Vis	179.44	-0.41	915.17	False	44.44	0	
-973	1365577.76	4	178.34	358.38	N01-Ash/α Ari	1	N16-Vis	N01-Ash	-1.62	178.34	2008.44	False	-1.62	0	
-967	1367586.21	1	1.22	180.84	N16-Vis/α1 Lib	1	N02-Bha	N16-Vis	180.84	1.22	914.88	False	45.84	0	
-965	1368501.09	4	179.74	359.58	N01-Ash/α Ari	1	N16-Vis	N01-Ash	-0.42	179.74	2923.30	False	-0.42	0	
-957	1371424.38	4	181.10	0.80	N02-Bha/* 35 Ari	1	N16-Vis	N02-Bha	0.80	181.10	177.53	False	0.80	0	
-956	1371601.91	1	359.32	179.10	N16-Vis/α1 Lib	1	N01-Ash	N16-Vis	179.10	-0.68	915.55	False	44.10	0	
-954	1372517.47	4	178.44	357.78	N01-Ash/α Ari	1	N16-Vis	N01-Ash	-2.22	178.44	2008.24	False	-2.22	0	
-948	1374525.71	1	1.12	180.92	N16-Vis/α1 Lib	1	N02-Bha	N16-Vis	180.92	1.12	915.32	False	45.92	0	
-946	1375441.03	4	180.08	0.03	N02-Bha/* 35 Ari	1	N16-Vis	N02-Bha	0.03	180.08	2923.43	False	0.03	0	
-938	1378364.46	4	181.57	2.11	N02-Bha/* 35 Ari	1	N16-Vis	N02-Bha	2.11	181.57	176.81	False	2.11	0	
-937	1378541.27	1	359.08	178.66	N16-Vis/α1 Lib	1	N01-Ash	N16-Vis	178.66	-0.92	915.66	False	43.66	0	
-935	1379456.93	4	178.29	358.04	N01-Ash/α Ari	1	N16-Vis	N01-Ash	-1.96	178.29	2008.08	False	-1.96	0	
-929	1381465.01	1	0.83	180.66	N16-Vis/α1 Lib	1	N02-Bha	N16-Vis	180.66	0.83	915.59	False	45.66	0	
-927	1382380.60	4	180.03	359.06	N01-Ash/α Ari	1	N16-Vis	N01-Ash	-0.94	180.03	2923.66	False	-0.94	0	
-919	1385304.26	4	181.75	1.49	N02-Bha/* 35 Ari	1	N16-Vis	N02-Bha	1.49	181.75	176.73	False	1.49	0	
-918	1385480.99	1	359.20	179.19	N16-Vis/α1 Lib	1	N01-Ash	N16-Vis	179.19	-0.80	2923.48	False	44.19	0	
-910	1388404.47	1	0.70	180.53	N16-Vis/α1 Lib	1	N02-Bha	N16-Vis	180.53	0.70	915.54	False	45.53	0	
-908	1389320.01	4	179.83	359.59	N01-Ash/α Ari	1	N16-Vis	N01-Ash	-0.41	179.83	177.63	False	-0.41	0	
-907	1389497.64	1	358.24	178.09	N16-Vis/α1 Lib	1	N01-Ash	N16-Vis	178.09	-1.76	2746.16	False	43.09	0	
-900	1392243.80	4	181.69	1.50	N02-Bha/* 35 Ari	1	N16-Vis	N02-Bha	1.50	181.69	177.12	False	1.50	0	
-899	1392420.92	1	359.52	179.22	N16-Vis/α1 Lib	1	N01-Ash	N16-Vis	179.22	-0.48	2923.34	False	44.22	0	
-891	1395344.26	1	0.89	180.78	N16-Vis/α1 Lib	1	N02-Bha	N16-Vis	180.78	0.89	915.06	False	45.78	0	
-889	1396259.33	4	179.53	358.94	N01-Ash/α Ari	1	N16-Vis	N01-Ash	-1.06	179.53	178.25	False	-1.06	0	
-888	1396437.58	1	358.56	178.48	N16-Vis/α1 Lib	1	N01-Ash	N16-Vis	178.48	-1.44	2745.52	False	43.48	0	
-881	1399183.10	4	181.38	1.17	N02-Bha/* 35 Ari	1	N16-Vis	N02-Bha	1.17	181.38	177.89	False	1.17	0	
-880	1399360.99	1	359.98	180.40	N16-Vis/α1 Lib	1	N01-Ash	N16-Vis	180.40	-0.02	914.64	False	45.40	0	
-878	1400275.63	4	178.16	358.03	N01-Ash/α Ari	1	N16-Vis	N01-Ash	-1.97	178.16	2008.62	False	-1.97	0	
-872	1402284.25	1	1.27	180.97	N16-Vis/α1 Lib	1	N02-Bha	N16-Vis	180.97	1.27	914.80	False	45.97	0	
-870	1403199.05	4	179.65	0.09	N02-Bha/* 35 Ari	1	N16-Vis	N02-Bha	0.09	179.65	178.17	False	0.09	0	
-869	1403377.22	1	358.60	178.46	N16-Vis/α1 Lib	1	N01-Ash	N16-Vis	178.46	-1.40	2745.30	False	43.46	0	
-862	1406122.52	4	181.17	0.89	N02-Bha/* 35 Ari	1	N16-Vis	N02-Bha	0.89	181.17	178.28	False	0.89	0	
-861	1406300.79	1	0.18	179.87	N16-Vis/α1 Lib	1	N02-Bha	N16-Vis	179.87	0.18	914.86	False	44.87	0	
-859	1407215.65	4	178.57	358.42	N01-Ash/α Ari	1	N16-Vis	N01-Ash	-1.58	178.57	2008.61	False	-1.58	0	
-853	1409224.26	1	1.66	181.69	N16-Vis/α1 Lib	1	N02-Bha	N16-Vis	181.69	1.66	914.68	False	46.69	0	
-851	1410138.94	4	179.92	359.69	N01-Ash/α Ari	1	N16-Vis	N01-Ash	-0.31	179.92	177.61	False	-0.31	0	
-850	1410316.55	1	358.34	178.09	N16-Vis/α1 Lib	1	N01-Ash	N16-Vis	178.09	-1.66	2745.74	False	43.09	0	
-843	1413062.29	4	181.34	1.31	N02-Bha/* 35 Ari	1	N16-Vis	N02-Bha	1.31	181.34	178.04	False	1.31	0	
-842	1413240.33	1	0.11	179.91	N16-Vis/α1 Lib	1	N02-Bha	N16-Vis	179.91	0.11	915.29	False	44.91	0	
-840	1414155.62	4	178.93	358.91	N01-Ash/α Ari	1	N16-Vis	N01-Ash	-1.09	178.93	2008.35	False	-1.09	0	
-834	1416163.97	1	1.76	181.15	N16-Vis/α1 Lib	1	N02-Bha	N16-Vis	181.15	1.76	915.07	False	46.15	0	
-832	1417079.03	4	180.41	1.14	N02-Bha/* 35 Ari	1	N16-Vis	N02-Bha	1.14	180.41	176.84	False	1.14	0	
-831	1417255.88	1	358.07	177.50	N16-Vis/α1 Lib	1	N01-Ash	N16-Vis	177.50	-1.93	2746.38	False	42.50	0	
-824	1420002.26	4	181.70	1.44	N02-Bha/* 35 Ari	1	N16-Vis	N02-Bha	1.44	181.70	177.38	False	1.44	0	
-823	1420179.63	1	359.83	179.63	N16-Vis/α1 Lib	1	N01-Ash	N16-Vis	179.63	-0.17	915.60	False	44.63	0	
-821	1421095.23	4	178.93	358.01	N01-Ash/α Ari	1	N16-Vis	N01-Ash	-1.99	178.93	2008.19	False	-1.99	0	
-815	1423103.42	1	1.63	181.39	N16-Vis/α1 Lib	1	N02-Bha	N16-Vis	181.39	1.63	915.43	False	46.39	0	
-813	1424018.85	4	180.62	0.39	N02-Bha/* 35 Ari	1	N16-Vis	N02-Bha	0.39	180.62	176.77	False	0.39	0	
-812	1424195.62	1	358.21	178.72	N16-Vis/α1 Lib	1	N01-Ash	N16-Vis	178.72	-1.79	2923.44	False	43.72	0	
-804	1427119.06	1	359.67	179.40	N16-Vis/α1 Lib	1	N01-Ash	N16-Vis	179.40	-0.33	915.60	False	44.40	0	
-802	1428034.66	4	178.75	358.49	N01-Ash/α Ari	1	N16-Vis	N01-Ash	-1.51	178.75		False	-1.51	0	
