DaysSince,Date,jd,Body,EclType,Mag
532,-1496-May-31,1174808.0,S,P,0.264
856,-1494-Oct-04,1175664.0,S,P,0.132
532,-1492-Mar-19,1176196.0,S,P,0.717
856,-1490-Jul-23,1177052.0,S,P,0.031(s)
1742,-1485-May-01,1178794.0,S,P,0.402(s)
532,-1484-Oct-13,1179326.0,S,P,0.576
148,-1483-Mar-10,1179474.0,S,P,0.083(r)
354,-1482-Feb-27,1179828.0,S,P,0.933
1920,-1477-Jun-01,1181748.0,S,P,0.314
856,-1475-Oct-04,1182604.0,S,P,0.582
1566,-1470-Jan-17,1184170.0,S,P,0.492(r)
176,-1470-Jul-12,1184346.0,S,P,0.249
680,-1468-May-22,1185026.0,S,P,0.076
530,-1467-Nov-04,1185556.0,S,T,1.003
1388,-1463-Aug-23,1186944.0,S,A,0.931
858,-1461-Dec-28,1187802.0,S,P,0.489
1918,-1455-Mar-30,1189720.0,S,P,0.275(r)
856,-1453-Aug-03,1190576.0,S,P,0.2
178,-1452-Jan-28,1190754.0,S,P,0.299(s)
3278,-1443-Jan-18,1194032.0,S,P,0.312
1388,-1440-Nov-05,1195420.0,S,P,0.447
354,-1439-Oct-26,1195774.0,S,P,0.15
1388,-1435-Aug-13,1197162.0,S,P,0.625
1388,-1431-Jun-02,1198550.0,S,P,0.991
1034,-1428-Mar-31,1199584.0,S,P,0.728
1920,-1423-Jul-03,1201504.0,S,P,0.836
856,-1421-Nov-06,1202360.0,S,P,0.237(s)
176,-1420-May-01,1202536.0,S,A,0.954
1390,-1416-Feb-19,1203926.0,S,P,0.153
176,-1416-Aug-13,1204102.0,S,P,0.663
1210,-1413-Dec-07,1205312.0,S,P,0.19
1388,-1409-Sep-25,1206700.0,S,P,0.8
858,-1406-Jan-29,1207558.0,S,P,0.438
530,-1405-Jul-14,1208088.0,S,P,0.77
2422,-1398-Mar-01,1210510.0,S,P,0.489(s)
856,-1396-Jul-04,1211366.0,S,P,0.095
886,-1394-Dec-07,1212252.0,S,P,0.649
3278,-1385-Nov-28,1215530.0,S,T,1.034
530,-1383-May-12,1216060.0,S,P,0.567
856,-1381-Sep-15,1216916.0,S,P,0.711
1390,-1377-Jul-05,1218306.0,S,P,0.541
354,-1376-Jun-23,1218660.0,S,P,0.053
678,-1374-May-03,1219338.0,S,P,0.448
1920,-1369-Aug-05,1221258.0,S,P,0.96
1212,-1366-Nov-28,1222470.0,S,P,0.144
1386,-1362-Sep-15,1223856.0,S,P,0.847
1034,-1359-Jul-15,1224890.0,S,P,0.635
178,-1358-Jan-08,1225068.0,S,P,0.366
1210,-1355-May-03,1226278.0,S,P,0.077
178,-1355-Oct-27,1226456.0,S,P,0.47
354,-1354-Oct-16,1226810.0,S,P,0.415
502,-1352-Mar-02,1227312.0,S,P,0.698
532,-1351-Aug-15,1227844.0,S,P,0.249
502,-1350-Dec-30,1228346.0,S,P,0.389
1920,-1344-Apr-02,1230266.0,S,P,0.814
1742,-1339-Jan-08,1232008.0,S,P,0.343
856,-1337-May-14,1232864.0,S,P,0.886
1034,-1334-Mar-13,1233898.0,S,P,0.324
354,-1333-Mar-02,1234252.0,S,P,0.294
1034,-1331-Dec-30,1235286.0,S,P,0.418
530,-1329-Jun-14,1235816.0,S,P,0.659
856,-1327-Oct-17,1236672.0,S,P,0.697(s)
1390,-1323-Aug-06,1238062.0,S,P,0.302
354,-1322-Jul-26,1238416.0,S,P,0.493
678,-1320-Jun-04,1239094.0,S,P,0.092
1920,-1315-Sep-06,1241014.0,S,P,0.896
1388,-1311-Jun-24,1242402.0,S,P,0.88
354,-1310-Jun-14,1242756.0,S,P,0.382
856,-1308-Oct-17,1243612.0,S,P,0.269
178,-1307-Apr-13,1243790.0,S,P,0.93
856,-1305-Aug-17,1244646.0,S,P,0.901
178,-1304-Feb-10,1244824.0,S,P,0.939
354,-1303-Jan-30,1245178.0,S,P,0.033(r)
856,-1301-Jun-05,1246034.0,S,P,0.597
178,-1301-Nov-29,1246212.0,S,P,0.057
352,-1300-Nov-17,1246564.0,S,P,0.844
3278,-1291-Nov-08,1249842.0,S,P,0.118
178,-1290-May-05,1250020.0,S,P,0.358
2598,-1283-Jun-15,1252618.0,S,P,0.774
1034,-1280-Apr-14,1253652.0,S,P,0.293
354,-1279-Apr-03,1254006.0,S,P,0.429
1034,-1276-Feb-01,1255040.0,S,P,0.882
532,-1275-Jul-16,1255572.0,S,P,0.266(r)
5198,-1261-Oct-09,1260770.0,S,P,0.656
1386,-1257-Jul-27,1262156.0,S,P,0.707
2246,-1251-Sep-18,1264402.0,S,P,0.681
176,-1250-Mar-14,1264578.0,S,T,1.052
178,-1250-Sep-07,1264756.0,S,P,0.179
178,-1249-Mar-04,1264934.0,S,P,0.89
856,-1247-Jul-07,1265790.0,S,P,0.347(r)
530,-1246-Dec-20,1266320.0,S,P,0.607
1892,-1240-Feb-23,1268212.0,S,P,0.532(r)
1386,-1237-Dec-11,1269598.0,S,P,0.912
532,-1235-May-26,1270130.0,S,P,0.725
2244,-1229-Jul-18,1272374.0,S,P,0.448
1034,-1226-May-17,1273408.0,S,P,0.249(r)
354,-1225-May-06,1273762.0,S,P,0.443
532,-1224-Oct-19,1274294.0,S,P,0.165
502,-1222-Mar-05,1274796.0,S,P,0.255
1566,-1218-Jun-17,1276362.0,S,P,0.021
176,-1218-Dec-11,1276538.0,S,P,0.421(r)
178,-1217-Jun-06,1276716.0,S,P,0.348(s)
2598,-1210-Jul-18,1279314.0,S,P,0.398
1034,-1207-May-16,1280348.0,S,P,0.642
1564,-1203-Aug-28,1281912.0,S,P,0.133
2246,-1197-Oct-21,1284158.0,S,P,0.81
176,-1196-Apr-15,1284334.0,S,P,0.767
178,-1196-Oct-09,1284512.0,S,P,0.305
178,-1195-Apr-05,1284690.0,S,P,0.565
1386,-1191-Jan-21,1286076.0,S,P,0.161
1892,-1186-Mar-27,1287968.0,S,P,0.817(r)
884,-1184-Aug-28,1288852.0,S,P,0.67
502,-1182-Jan-12,1289354.0,S,P,0.878
532,-1181-Jun-28,1289886.0,S,P,0.129(r)
354,-1180-Jun-16,1290240.0,S,P,0.447
1890,-1175-Aug-19,1292130.0,S,P,0.444
1742,-1170-May-27,1293872.0,S,P,0.293
178,-1170-Nov-21,1294050.0,S,P,0.656
2422,-1163-Jul-08,1296472.0,S,A,0.943
2598,-1156-Aug-19,1299070.0,S,P,0.633
178,-1155-Feb-12,1299248.0,S,P,0.322(r)
856,-1153-Jun-18,1300104.0,S,P,0.058
1388,-1149-Apr-07,1301492.0,S,P,0.079
2422,-1143-Nov-22,1303914.0,S,A,0.916
176,-1142-May-18,1304090.0,S,P,0.28
178,-1142-Nov-11,1304268.0,S,P,0.03
178,-1141-May-08,1304446.0,S,P,0.058(r)
1386,-1137-Feb-23,1305832.0,S,P,0.028
856,-1135-Jun-28,1306688.0,S,P,0.136(s)
1390,-1131-Apr-17,1308078.0,S,P,0.924(s)
530,-1130-Sep-30,1308608.0,S,P,0.726
502,-1128-Feb-14,1309110.0,S,P,0.603
1920,-1123-May-18,1311030.0,S,P,0.443
856,-1121-Sep-21,1311886.0,S,P,0.82
178,-1120-Mar-16,1312064.0,S,P,0.719(s)
1564,-1116-Jun-28,1313628.0,S,P,0.858
178,-1116-Dec-23,1313806.0,S,P,0.918
1034,-1113-Oct-22,1314840.0,S,P,0.34
1388,-1109-Aug-10,1316228.0,S,P,0.43
354,-1108-Jul-29,1316582.0,S,P,0.074
1388,-1104-May-18,1317970.0,S,P,0.274
856,-1102-Sep-21,1318826.0,S,P,0.428
1210,-1098-Jan-14,1320036.0,S,P,0.4
1212,-1095-May-09,1321248.0,S,P,0.15(r)
530,-1094-Oct-22,1321778.0,S,P,0.496
1890,-1089-Dec-25,1323668.0,S,P,0.821
1920,-1083-Mar-27,1325588.0,S,P,0.281
856,-1081-Jul-31,1326444.0,S,P,0.409
1388,-1077-May-20,1327832.0,S,P,0.389
354,-1076-May-08,1328186.0,S,P,0.103
680,-1074-Mar-18,1328866.0,S,P,0.105
1920,-1069-Jun-20,1330786.0,S,P,0.957
856,-1067-Oct-23,1331642.0,S,P,0.565(s)
176,-1066-Apr-18,1331818.0,S,P,0.172
1566,-1062-Jul-31,1333384.0,S,P,0.732
178,-1061-Jan-25,1333562.0,S,P,0.827
2244,-1055-Mar-18,1335806.0,S,P,0.476
176,-1055-Sep-11,1335982.0,S,P,0.078(r)
354,-1054-Aug-31,1336336.0,S,P,0.429
3456,-1044-Feb-16,1339792.0,S,P,0.62
532,-1043-Jul-31,1340324.0,S,P,0.02
1210,-1040-Nov-23,1341534.0,S,P,0.677
1388,-1036-Sep-10,1342922.0,S,P,0.438(s)
502,-1034-Jan-26,1343424.0,S,P,0.507
354,-1033-Jan-15,1343778.0,S,P,0.074
1034,-1031-Nov-14,1344812.0,S,P,0.145
532,-1029-Apr-29,1345344.0,S,P,0.926
856,-1027-Sep-01,1346200.0,S,P,0.22
1388,-1023-Jun-21,1347588.0,S,P,0.24
354,-1022-Jun-10,1347942.0,S,P,0.57
2600,-1015-Jul-22,1350542.0,S,P,0.414
1210,-1012-Nov-14,1351752.0,S,P,0.373(r)
532,-1010-Apr-29,1352284.0,S,P,0.031
856,-1008-Sep-01,1353140.0,S,P,0.505
178,-1007-Feb-26,1353318.0,S,P,0.563
354,-1006-Feb-15,1353672.0,S,P,0.17
502,-1005-Jul-02,1354174.0,S,P,0.379
354,-1004-Jun-20,1354528.0,S,P,0.18
1034,-1001-Apr-20,1355562.0,S,T,1.078
530,-1000-Oct-02,1356092.0,S,P,0.643
3456,-990-Mar-20,1359548.0,S,P,0.364
530,-989-Sep-02,1360078.0,S,P,0.188
1212,-986-Dec-26,1361290.0,S,P,0.937
1890,-980-Feb-28,1363180.0,S,P,0.329
354,-979-Feb-16,1363534.0,S,P,0.367
532,-978-Aug-02,1364066.0,S,P,0.448
502,-977-Dec-17,1364568.0,S,P,0.867
530,-975-May-31,1365098.0,S,P,0.314
856,-973-Oct-04,1365954.0,S,P,0.415
1744,-968-Jul-12,1367698.0,S,P,0.135(r)
532,-967-Dec-26,1368230.0,S,P,0.158
1386,-963-Oct-13,1369616.0,S,P,0.208
680,-961-Aug-24,1370296.0,S,P,0.174
354,-960-Aug-12,1370650.0,S,P,0.835
858,-958-Dec-17,1371508.0,S,P,0.65
176,-957-Jun-11,1371684.0,S,P,0.44
354,-956-May-31,1372038.0,S,P,0.55
856,-954-Oct-04,1372894.0,S,P,0.97
532,-952-Mar-19,1373426.0,S,P,0.29(r)
680,-950-Jan-27,1374106.0,S,P,0.253(s)
176,-950-Jul-23,1374282.0,S,P,0.806
178,-949-Jan-17,1374460.0,S,P,0.554(r)
856,-947-May-22,1375316.0,S,P,0.521
532,-946-Nov-04,1375848.0,S,P,0.827
2776,-938-Jun-11,1378624.0,S,P,0.319
1034,-935-Apr-10,1379658.0,S,P,0.632
1388,-931-Jan-27,1381046.0,S,P,0.091(s)
856,-929-Jun-02,1381902.0,S,P,0.301(s)
354,-928-May-22,1382256.0,S,P,0.185
680,-926-Apr-01,1382936.0,S,P,0.134
354,-925-Mar-21,1383290.0,S,P,0.575
532,-924-Sep-03,1383822.0,S,P,0.43(r)
502,-922-Jan-18,1384324.0,S,P,0.212
1386,-919-Nov-05,1385710.0,S,P,0.466(s)
3132,-910-Jun-02,1388842.0,S,P,0.316
530,-909-Nov-15,1389372.0,S,P,0.402
680,-907-Sep-25,1390052.0,S,P,0.039
354,-906-Sep-14,1390406.0,S,P,0.563
354,-905-Sep-03,1390760.0,S,P,0.088
504,-903-Jan-18,1391264.0,S,P,0.193
530,-902-Jul-03,1391794.0,S,P,0.934
856,-900-Nov-05,1392650.0,S,P,0.207
1388,-896-Aug-24,1394038.0,S,P,0.163
178,-895-Feb-18,1394216.0,S,P,0.233
856,-893-Jun-24,1395072.0,S,P,0.006
530,-892-Dec-06,1395602.0,S,P,0.251
1892,-886-Feb-09,1397494.0,S,P,0.411
884,-884-Jul-13,1398378.0,S,P,0.89
1388,-880-May-01,1399766.0,S,P,0.45
502,-879-Sep-15,1400268.0,S,P,0.226(s)
354,-878-Sep-04,1400622.0,S,P,0.412
1034,-875-Jul-04,1401656.0,S,P,0.243
356,-874-Jun-24,1402012.0,S,P,0.563
530,-873-Dec-07,1402542.0,S,P,0.131
502,-871-Apr-22,1403044.0,S,P,0.868
354,-870-Apr-11,1403398.0,S,P,0.032(s)
2422,-864-Nov-27,1405820.0,S,P,0.626
178,-863-May-23,1405998.0,S,P,0.884
2598,-856-Jul-04,1408596.0,S,P,0.823
1566,-852-Oct-16,1410162.0,S,P,0.291
354,-851-Oct-05,1410516.0,S,P,0.33
502,-849-Feb-20,1411018.0,S,P,0.288
532,-848-Aug-04,1411550.0,S,P,0.984
1210,-845-Nov-28,1412760.0,S,P,0.062
856,-842-Apr-02,1413616.0,S,P,0.134(s)
356,-841-Mar-23,1413972.0,S,P,0.049
176,-841-Sep-15,1414148.0,S,P,0.179
1210,-837-Jan-08,1415358.0,S,P,0.626
1892,-832-Mar-13,1417250.0,S,P,0.304
884,-830-Aug-15,1418134.0,S,P,0.552
502,-829-Dec-30,1418636.0,S,P,0.4
886,-826-Jun-03,1419522.0,S,P,0.641(r)
502,-825-Oct-18,1420024.0,S,P,0.161(s)
354,-824-Oct-06,1420378.0,S,P,0.523
178,-823-Apr-02,1420556.0,S,P,0.443(s)
856,-821-Aug-06,1421412.0,S,P,0.081
886,-818-Jan-08,1422298.0,S,P,0.629
856,-816-May-13,1423154.0,S,P,0.766
1920,-811-Aug-15,1425074.0,S,P,0.004
502,-810-Dec-30,1425576.0,S,P,0.46
178,-809-Jun-25,1425754.0,S,P,0.043
354,-808-Jun-13,1426108.0,S,P,0.168
1388,-804-Apr-02,1427496.0,S,P,0.221
856,-802-Aug-06,1428352.0,S,P,0.7
1566,-798-Nov-18,1429918.0,S,P,0.251
354,-797-Nov-07,1430272.0,S,P,0.577
502,-795-Mar-24,1430774.0,S,P,0.605
532,-794-Sep-06,1431306.0,S,T,1.04
1742,-789-Jun-14,1433048.0,S,P,0.149(r)
2066,-783-Feb-09,1435114.0,S,P,0.926
1212,-780-Jun-04,1436326.0,S,P,0.055(r)
1034,-777-Apr-04,1437360.0,S,P,0.269
354,-776-Mar-23,1437714.0,S,P,0.174(s)
176,-776-Sep-16,1437890.0,S,P,0.002
502,-774-Jan-31,1438392.0,S,P,0.088
1742,-770-Nov-08,1440134.0,S,P,0.554(s)
178,-769-May-05,1440312.0,S,P,0.969
856,-767-Sep-07,1441168.0,S,P,0.155
710,-765-Aug-17,1441878.0,S,P,0.61
176,-764-Feb-10,1442054.0,S,P,0.095
856,-762-Jun-15,1442910.0,S,P,0.737
1920,-757-Sep-17,1444830.0,S,P,0.507
502,-755-Jan-31,1445332.0,S,P,0.599
532,-754-Jul-16,1445864.0,S,P,0.912
1388,-750-May-05,1447252.0,S,A,0.97
856,-748-Sep-07,1448108.0,S,P,0.486
1566,-744-Dec-20,1449674.0,S,P,0.549
354,-743-Dec-09,1450028.0,S,P,0.523
1034,-740-Oct-08,1451062.0,S,P,0.824
1386,-736-Jul-26,1452448.0,S,P,0.339
858,-734-Nov-30,1453306.0,S,P,0.348
1564,-729-Mar-14,1454870.0,S,P,0.908
2246,-723-May-06,1457116.0,S,P,0.027
354,-722-Apr-25,1457470.0,S,P,0.718
2598,-715-Jun-06,1460068.0,S,P,0.529
856,-713-Oct-10,1460924.0,S,P,0.163(s)
710,-711-Sep-18,1461634.0,S,P,0.863
1032,-708-Jul-17,1462666.0,S,P,0.224
1920,-703-Oct-19,1464586.0,S,P,0.806
502,-701-Mar-05,1465088.0,S,P,0.696
530,-700-Aug-17,1465618.0,S,P,0.685
1212,-697-Dec-11,1466830.0,S,P,0.169(r)
1034,-694-Oct-10,1467864.0,S,P,0.735
1564,-689-Jan-22,1469428.0,S,P,0.775
178,-689-Jul-18,1469606.0,S,P,0.426
176,-688-Jan-11,1469782.0,S,P,0.236
1034,-686-Nov-10,1470816.0,S,P,0.023
1212,-682-Mar-05,1472028.0,S,P,0.069
1032,-679-Jan-01,1473060.0,S,P,0.83
532,-678-Jun-17,1473592.0,S,P,0.651
1034,-675-Apr-15,1474626.0,S,P,0.781
2244,-669-Jun-08,1476870.0,S,P,0.026
354,-668-May-27,1477224.0,S,P,0.634
532,-667-Nov-10,1477756.0,S,P,0.062
1388,-663-Aug-28,1479144.0,S,P,0.113
1034,-660-Jun-27,1480178.0,S,P,0.678(s)
1210,-657-Oct-21,1481388.0,S,P,0.815(r)
178,-656-Apr-15,1481566.0,S,P,0.005
2244,-650-Jun-07,1483810.0,S,P,0.661
1034,-647-Apr-06,1484844.0,S,P,0.101
530,-646-Sep-19,1485374.0,S,P,0.613(r)
2246,-640-Nov-11,1487620.0,S,P,0.761
1564,-635-Feb-23,1489184.0,S,P,0.572
178,-635-Aug-19,1489362.0,S,P,0.614
176,-634-Feb-12,1489538.0,S,P,0.181
1034,-632-Dec-12,1490572.0,S,P,0.04
1212,-628-Apr-06,1491784.0,S,P,0.555
1032,-625-Feb-03,1492816.0,S,P,0.936
532,-624-Jul-19,1493348.0,S,P,0.459
354,-623-Jul-08,1493702.0,S,P,0.197
148,-623-Dec-03,1493850.0,S,P,0.038
532,-621-May-18,1494382.0,S,P,0.161
3130,-613-Dec-13,1497512.0,S,P,0.69
1388,-609-Sep-30,1498900.0,S,P,0.867
1034,-606-Jul-30,1499934.0,S,P,0.695
1210,-603-Nov-22,1501144.0,S,P,0.568(r)
178,-602-May-18,1501322.0,S,P,0.511
854,-600-Sep-20,1502176.0,S,P,0.348
1742,-595-Jun-28,1503918.0,S,P,0.213
1212,-592-Oct-21,1505130.0,S,P,0.436
2244,-586-Dec-14,1507374.0,S,P,0.88
1742,-581-Sep-21,1509116.0,S,P,0.288
178,-580-Mar-16,1509294.0,S,P,0.638
856,-578-Jul-20,1510150.0,S,P,0.837
1388,-574-May-09,1511538.0,S,P,0.896
1034,-571-Mar-07,1512572.0,S,P,0.854
2952,-563-Apr-07,1515524.0,S,P,0.564(s)
1744,-558-Jan-14,1517268.0,S,P,0.956
1386,-555-Nov-01,1518654.0,S,P,0.777
1034,-552-Aug-31,1519688.0,S,P,0.55
354,-551-Aug-20,1520042.0,S,P,0.078
858,-549-Dec-25,1520900.0,S,P,0.251(r)
176,-548-Jun-19,1521076.0,S,P,0.97
856,-546-Oct-23,1521932.0,S,P,1
1742,-541-Jul-31,1523674.0,S,P,0.929
2422,-534-Mar-18,1526096.0,S,P,0.056
1034,-531-Jan-15,1527130.0,S,P,0.551
532,-530-Jun-30,1527662.0,S,P,0.042(s)
354,-529-Jun-20,1528016.0,S,P,0.072
1034,-526-Apr-18,1529050.0,S,P,0.551
856,-524-Aug-21,1529906.0,S,P,0.244
1388,-520-Jun-10,1531294.0,S,P,0.846
354,-519-May-30,1531648.0,S,P,0
178,-519-Nov-23,1531826.0,S,P,0.759
502,-517-Apr-09,1532328.0,S,P,0.155(r)
2274,-511-Jun-30,1534602.0,S,P,0.168
678,-509-May-10,1535280.0,S,P,0.143
354,-508-Apr-28,1535634.0,S,P,0.287
1390,-504-Feb-16,1537024.0,S,P,0.933
856,-502-Jun-21,1537880.0,S,P,0.619
1564,-498-Oct-03,1539444.0,S,P,0.316
354,-497-Sep-22,1539798.0,S,P,0.346
502,-495-Feb-06,1540300.0,S,P,0.042(r)
532,-494-Jul-22,1540832.0,S,P,0.558
1210,-491-Nov-14,1542042.0,S,P,0.987
532,-489-Apr-29,1542574.0,S,P,0.099
856,-487-Sep-01,1543430.0,S,P,0.748
2422,-480-Apr-19,1545852.0,S,P,0.536
530,-479-Oct-02,1546382.0,S,P,0.439(s)
504,-477-Feb-17,1546886.0,S,P,0.155
354,-476-Feb-06,1547240.0,S,P,0.549
532,-475-Jul-22,1547772.0,S,P,0.521
2598,-468-Sep-01,1550370.0,S,P,0.176
1034,-465-Jul-02,1551404.0,S,P,0.807
176,-465-Dec-26,1551580.0,S,P,0.634
856,-462-Apr-30,1552436.0,S,P,0.581(s)
1920,-457-Aug-02,1554356.0,S,P,0.532
502,-456-Dec-16,1554858.0,S,P,0.764
532,-454-May-31,1555390.0,S,P,0.817
1388,-450-Mar-20,1556778.0,S,P,0.698
1742,-446-Dec-26,1558520.0,S,P,0.099
680,-444-Nov-04,1559200.0,S,P,0.034
354,-443-Oct-24,1559554.0,S,P,0.589
354,-442-Oct-13,1559908.0,S,P,0.169
680,-440-Aug-23,1560588.0,S,P,0.368
1210,-437-Dec-17,1561798.0,S,P,0.108
532,-435-May-31,1562330.0,S,P,0.63
856,-433-Oct-04,1563186.0,S,P,0.975
1210,-429-Jan-27,1564396.0,S,P,0.168
1212,-426-May-22,1565608.0,S,T,1.057
1388,-422-Mar-10,1566996.0,S,P,0.749
2420,-416-Oct-25,1569416.0,S,P,0.161
178,-415-Apr-21,1569594.0,S,P,0.447
532,-414-Oct-04,1570126.0,S,P,0.159
1034,-411-Aug-03,1571160.0,S,A,0.931
176,-410-Jan-27,1571336.0,S,P,0.706
856,-408-Jun-01,1572192.0,S,P,0.436
1920,-403-Sep-03,1574112.0,S,P,0.921
502,-401-Jan-18,1574614.0,S,P,0.703
532,-400-Jul-02,1575146.0,S,P,0.335
1388,-396-Apr-21,1576534.0,S,P,0.181(r)
354,-395-Apr-10,1576888.0,S,P,0.386
856,-393-Aug-14,1577744.0,S,P,0.518
1388,-389-Jun-02,1579132.0,S,P,0.208
178,-389-Nov-26,1579310.0,S,P,0.903
354,-388-Nov-14,1579664.0,S,P,0.189
680,-386-Sep-25,1580344.0,S,P,0.122
1210,-382-Jan-18,1581554.0,S,P,0.004
532,-381-Jul-03,1582086.0,S,P,0.573(r)
856,-379-Nov-05,1582942.0,S,P,0.276
178,-378-May-02,1583120.0,S,P,0.485
1032,-375-Feb-28,1584152.0,S,P,0.468
356,-374-Feb-18,1584508.0,S,P,0.036(r)
856,-372-Jun-23,1585364.0,S,P,0.413(r)
1388,-368-Apr-11,1586752.0,S,P,0.735
1918,-363-Jul-13,1588670.0,S,P,0.347
502,-362-Nov-27,1589172.0,S,P,0.517
1920,-356-Feb-29,1591092.0,S,P,0.279
1212,-353-Jun-24,1592304.0,S,P,0.378
1032,-350-Apr-22,1593336.0,S,P,0.455(s)
532,-349-Oct-06,1593868.0,S,P,0.603
354,-348-Sep-24,1594222.0,S,P,0.141(s)
3278,-339-Sep-15,1597500.0,S,P,0.788
354,-338-Sep-04,1597854.0,S,P,0.094
1034,-335-Jul-04,1598888.0,S,P,0.625
178,-335-Dec-28,1599066.0,S,P,0.424
2244,-328-Feb-20,1601310.0,S,P,0.665
1388,-325-Dec-08,1602698.0,S,P,0.314
178,-324-Jun-03,1602876.0,S,P,0.221
354,-323-May-23,1603230.0,S,P,0.367
678,-321-Apr-02,1603908.0,S,P,0.32
356,-320-Mar-22,1604264.0,S,P,0.093
2598,-313-May-03,1606862.0,S,P,0.115
680,-311-Mar-13,1607542.0,S,P,0.476(r)
884,-309-Aug-15,1608426.0,S,P,0.909
502,-308-Dec-29,1608928.0,S,P,0.265
532,-306-Jun-14,1609460.0,S,P,0.604
354,-305-Jun-03,1609814.0,S,P,0.033
1034,-302-Apr-02,1610848.0,S,P,0.4
356,-301-Mar-23,1611204.0,S,P,0.439(r)
1386,-297-Jan-08,1612590.0,S,P,0.486
856,-295-May-13,1613446.0,S,P,0.03(s)
178,-295-Nov-07,1613624.0,S,P,0.37
354,-294-Oct-27,1613978.0,S,P,0.14(s)
1890,-289-Dec-30,1615868.0,S,P,0.715
1388,-285-Oct-18,1617256.0,S,P,0.647
354,-284-Oct-06,1617610.0,S,P,0.266
1034,-281-Aug-06,1618644.0,S,P,0.952
176,-280-Jan-30,1618820.0,S,P,0.255
2246,-274-Mar-24,1621066.0,S,P,0.856
3986,-263-Feb-20,1625052.0,S,P,0.242(s)
532,-262-Aug-06,1625584.0,S,P,0.311
1032,-259-Jun-04,1626616.0,S,P,0.33
680,-257-Apr-15,1627296.0,S,P,0.155(r)
886,-255-Sep-16,1628182.0,S,P,0.443
1034,-252-Jul-16,1629216.0,S,P,0.305
354,-251-Jul-05,1629570.0,S,P,0.301
1034,-248-May-04,1630604.0,S,P,0.808
1742,-243-Feb-09,1632346.0,S,P,0.282
856,-241-Jun-15,1633202.0,S,P,0.894
178,-241-Dec-10,1633380.0,S,P,0.738(s)
1742,-236-Sep-16,1635122.0,S,P,0.441
502,-234-Jan-31,1635624.0,S,P,0.312
530,-233-Jul-16,1636154.0,S,P,0.078(s)
858,-231-Nov-19,1637012.0,S,P,0.897
1388,-227-Sep-07,1638400.0,S,P,0.938
176,-226-Mar-03,1638576.0,S,P,0.101
2246,-220-Apr-25,1640822.0,S,P,0.547
4518,-208-Sep-07,1645340.0,S,P,0.62
1210,-204-Jan-01,1646550.0,S,P,0.42(r)
354,-204-Dec-20,1646904.0,S,P,0.165
2420,-197-Aug-07,1649324.0,S,P,0.92
1034,-194-Jun-06,1650358.0,S,P,0.725
856,-192-Oct-09,1651214.0,S,P,0.283
886,-189-Mar-14,1652100.0,S,P,0.126
856,-187-Jul-17,1652956.0,S,P,0.412
178,-186-Jan-11,1653134.0,S,P,0.324(s)
1742,-182-Oct-19,1654876.0,S,P,0.753
502,-180-Mar-04,1655378.0,S,P,0.765
532,-179-Aug-17,1655910.0,S,P,0.42
502,-177-Jan-02,1656412.0,S,P,0.259
354,-177-Dec-22,1656766.0,S,P,0.683
532,-175-Jun-06,1657298.0,S,P,0.569
856,-173-Oct-10,1658154.0,S,P,0.587
1742,-168-Jul-17,1659896.0,S,P,0.433
680,-166-May-28,1660576.0,S,P,0.339
354,-165-May-17,1660930.0,S,P,0.861
178,-165-Nov-10,1661108.0,S,P,0.613
2776,-157-Jun-17,1663884.0,S,P,0.707
1032,-154-Apr-15,1664916.0,S,P,0.861
178,-154-Oct-10,1665094.0,S,P,0.731
1212,-150-Feb-02,1666306.0,S,P,0.186(r)
354,-149-Jan-22,1666660.0,S,P,0.488
1388,-146-Nov-10,1668048.0,S,P,0.171
1386,-142-Aug-28,1669434.0,S,P,0.034
680,-140-Jul-08,1670114.0,S,P,0.15
1742,-135-Apr-15,1671856.0,S,P,0.4
1034,-132-Feb-13,1672890.0,S,P,0.581
2244,-126-Apr-06,1675134.0,S,P,0.71
532,-125-Sep-19,1675666.0,S,P,0.185
502,-123-Feb-03,1676168.0,S,P,0.099
354,-122-Jan-23,1676522.0,S,P,0.643
532,-121-Jul-09,1677054.0,S,P,0.766
856,-119-Nov-11,1677910.0,S,P,0.581(s)
1742,-114-Aug-19,1679652.0,S,P,0.846
1034,-111-Jun-18,1680686.0,S,P,0.934
1388,-107-Apr-06,1682074.0,S,P,0.239
1566,-103-Jul-19,1683640.0,S,P,0.967
1032,-100-May-17,1684672.0,S,P,0.562
178,-100-Nov-11,1684850.0,S,P,0.495
1564,-95-Feb-23,1686414.0,S,P,0.34(r)
856,-93-Jun-29,1687270.0,S,A,0.943
532,-92-Dec-12,1687802.0,S,P,0.87
1388,-88-Sep-29,1689190.0,S,P,0.602
1890,-83-Dec-03,1691080.0,S,P,0.686
532,-81-May-18,1691612.0,S,P,0.935
1034,-78-Mar-17,1692646.0,S,P,0.835
2244,-72-May-08,1694890.0,S,P,0.206
1388,-68-Feb-25,1696278.0,S,P,0.841
1918,-63-May-28,1698196.0,S,P,0.604(s)
1212,-60-Sep-20,1699408.0,S,P,0.865
1210,-56-Jan-14,1700618.0,S,P,0.538
1212,-53-May-09,1701830.0,S,P,0.739
1564,-49-Aug-21,1703394.0,S,P,0.78
354,-48-Aug-09,1703748.0,S,P,0.382
148,-47-Jan-04,1703896.0,S,P,0.037
3484,-38-Jul-20,1707380.0,S,P,0.686
178,-37-Jan-14,1707558.0,S,P,0.405
1388,-34-Nov-01,1708946.0,S,P,0.883
1890,-28-Jan-05,1710836.0,S,P,0.688
532,-27-Jun-19,1711368.0,S,P,0.635
856,-25-Oct-23,1712224.0,S,P,0.645
178,-24-Apr-18,1712402.0,S,P,0.164
354,-23-Apr-07,1712756.0,S,P,0.541
856,-21-Aug-11,1713612.0,S,P,0.681(s)
2422,-14-Mar-29,1716034.0,S,P,0.5(r)
354,-13-Mar-18,1716388.0,S,P,0.269
1564,-9-Jun-30,1717952.0,S,P,0.895
1034,-6-Apr-29,1718986.0,S,P,0.084(s)
178,-6-Oct-23,1719164.0,S,P,0.144
1210,-2-Feb-15,1720374.0,S,P,0.956
1212,1-Jun-10,1721586.0,S,P,0.879
1564,5-Sep-22,1723150.0,S,P,0.471
354,6-Sep-11,1723504.0,S,P,0.492
1388,10-Jun-30,1724892.0,S,P,0.028
2244,16-Aug-21,1727136.0,S,P,0.814
1034,19-Jun-21,1728170.0,S,P,0.985
532,20-Dec-03,1728702.0,S,P,0.53(s)
1890,26-Feb-06,1730592.0,S,P,0.948
532,27-Jul-22,1731124.0,S,P,0.343(r)
856,29-Nov-24,1731980.0,S,P,0.904
532,31-May-10,1732512.0,S,P,0.446
856,33-Sep-12,1733368.0,S,P,0.755
1564,37-Dec-25,1734932.0,S,P,0.162
178,38-Jun-21,1735110.0,S,P,0.432
1034,41-Apr-19,1736144.0,S,P,0.54
1564,45-Aug-01,1737708.0,S,P,0.344
356,46-Jul-22,1738064.0,S,P,0.33
678,48-May-31,1738742.0,S,P,0.243
354,49-May-20,1739096.0,S,P,0.336
1034,52-Mar-19,1740130.0,S,P,0.817(s)
356,53-Mar-09,1740486.0,S,P,0.163(r)
856,55-Jul-13,1741342.0,S,P,0.417
530,56-Dec-25,1741872.0,S,P,0.89
856,59-Apr-30,1742728.0,S,P,0.291(s)
178,59-Oct-25,1742906.0,S,P,0.076
354,60-Oct-13,1743260.0,S,P,0.685
1388,64-Aug-01,1744648.0,S,P,0.53
502,65-Dec-16,1745150.0,S,P,0.236(r)
1742,70-Sep-23,1746892.0,S,P,0.399(r)
1034,73-Jul-23,1747926.0,S,P,0.62
2422,80-Mar-10,1750348.0,S,P,0.463
354,81-Feb-27,1750702.0,S,P,0.034(s)
1388,84-Dec-16,1752090.0,S,P,0.443
532,86-May-31,1752622.0,S,P,0.165
502,87-Oct-15,1753124.0,S,P,0.579
1564,92-Jan-27,1754688.0,S,P,0.586(s)
178,92-Jul-23,1754866.0,S,P,0.807
1034,95-May-22,1755900.0,S,P,0.85
2952,103-Jun-22,1758852.0,S,P,0.539
1034,106-Apr-21,1759886.0,S,P,0.621
530,107-Oct-04,1760416.0,S,P,0.189
1212,111-Jan-27,1761628.0,S,P,0.809
856,113-Jun-01,1762484.0,S,P,0.523
532,114-Nov-15,1763016.0,S,P,0.888
1388,118-Sep-03,1764404.0,S,P,0.97
502,120-Jan-18,1764906.0,S,P,0.949
530,121-Jul-02,1765436.0,S,P,0.429
1212,124-Oct-25,1766648.0,S,P,0.228(r)
178,125-Apr-21,1766826.0,S,P,0.359
856,127-Aug-25,1767682.0,S,P,0.343
1742,132-Jun-01,1769424.0,S,P,0.425
680,134-Apr-12,1770104.0,S,P,0.18
354,135-Apr-01,1770458.0,S,P,0.926
176,135-Sep-25,1770634.0,S,P,0.101(r)
1742,140-Jul-02,1772376.0,S,P,0.409(r)
502,141-Nov-16,1772878.0,S,P,0.638
354,142-Nov-05,1773232.0,S,P,0.056
1212,146-Feb-28,1774444.0,S,P,0.69
4518,158-Jul-13,1778962.0,S,P,0.146
680,160-May-23,1779642.0,S,P,0.148
708,162-May-02,1780350.0,S,P,0.244
856,164-Sep-04,1781206.0,S,P,0.37
178,165-Feb-28,1781384.0,S,P,0.78
1388,168-Dec-17,1782772.0,S,P,0.601
354,169-Dec-06,1783126.0,S,P,0.189
1034,172-Oct-05,1784160.0,S,P,0.529
502,174-Feb-19,1784662.0,S,P,0.609
530,175-Aug-04,1785192.0,S,P,0.324
1212,178-Nov-27,1786404.0,S,P,0.884
178,179-May-24,1786582.0,S,P,0.713
856,181-Sep-26,1787438.0,S,P,0.419
1742,186-Jul-04,1789180.0,S,P,0.985
1034,189-May-03,1790214.0,S,P,0.848
1388,193-Feb-19,1791602.0,S,P,0.326
1032,195-Dec-19,1792634.0,S,P,0.529
532,197-Jun-03,1793166.0,S,P,0.868
1032,200-Apr-01,1794198.0,S,P,0.46
2600,207-May-14,1796798.0,S,P,0.577(s)
532,208-Oct-27,1797330.0,S,P,0.665
1386,212-Aug-14,1798716.0,S,P,0.542
2246,218-Oct-07,1800962.0,S,P,0.546
176,219-Apr-02,1801138.0,S,P,0.743
1388,223-Jan-19,1802526.0,S,P,0.562
1388,226-Nov-07,1803914.0,S,P,0.034(s)
1034,229-Sep-05,1804948.0,S,P,0.039
1210,232-Dec-29,1806158.0,S,P,0.438
532,234-Jun-14,1806690.0,S,P,0.11
502,235-Oct-29,1807192.0,S,P,0.649
1742,240-Aug-05,1808934.0,S,P,0.65
1034,243-Jun-05,1809968.0,S,P,0.077(r)
1388,247-Mar-24,1811356.0,S,P,0.995
1034,250-Jan-20,1812390.0,S,P,0.175
532,251-Jul-06,1812922.0,S,P,0.665
354,252-Jun-24,1813276.0,S,P,0.371
2598,259-Aug-06,1815874.0,S,P,0.105
1034,262-Jun-04,1816908.0,S,P,0.718
178,262-Nov-29,1817086.0,S,P,0.65
1386,266-Sep-16,1818472.0,S,P,0.964
2246,272-Nov-08,1820718.0,S,P,0.356
176,273-May-04,1820894.0,S,P,0.933
1388,277-Feb-20,1822282.0,S,P,0.416
3632,287-Jan-31,1825914.0,S,P,0.245
1034,289-Nov-30,1826948.0,S,P,0.283(s)
1742,294-Sep-07,1828690.0,S,P,0.558
1920,299-Dec-10,1830610.0,S,P,0.142
502,301-Apr-25,1831112.0,S,P,0.553
1564,305-Aug-07,1832676.0,S,P,0.246
354,306-Jul-27,1833030.0,S,P,0.372
2600,313-Sep-07,1835630.0,S,P,0.335
1032,316-Jul-06,1836662.0,S,P,0.703
178,316-Dec-31,1836840.0,S,P,0.395
1388,320-Oct-18,1838228.0,S,P,0.252
1890,325-Dec-22,1840118.0,S,P,0.033
354,326-Dec-11,1840472.0,S,P,0.266
178,327-Jun-06,1840650.0,S,P,0.368
1388,331-Mar-25,1842038.0,S,P,0.053
1210,334-Jul-17,1843248.0,S,P,0.438
1388,338-May-06,1844636.0,S,P,0.438
532,339-Oct-19,1845168.0,S,P,0.565
502,341-Mar-04,1845670.0,S,P,0.619
1564,345-Jun-16,1847234.0,S,P,0.076(s)
356,346-Jun-06,1847590.0,S,P,0.294
678,348-Apr-15,1848268.0,S,P,0.108
178,348-Oct-09,1848446.0,S,P,0.984
176,349-Apr-04,1848622.0,S,P,0.53
1034,352-Feb-02,1849656.0,S,P,0.181(s)
532,353-Jul-17,1850188.0,S,P,0.16
178,354-Jan-11,1850366.0,S,P,0.388
502,355-May-28,1850868.0,S,P,0.146
1918,360-Aug-28,1852786.0,S,P,0.772
1388,364-Jun-16,1854174.0,S,P,0.367(s)
1212,367-Oct-10,1855386.0,S,P,0.119
1210,371-Feb-02,1856596.0,S,P,0.948
856,373-Jun-07,1857452.0,S,P,0.441(s)
532,374-Nov-20,1857984.0,S,P,0.207
1210,378-Mar-15,1859194.0,S,P,0.036(s)
178,378-Sep-08,1859372.0,S,P,0.208
354,379-Aug-28,1859726.0,S,P,0.534(s)
148,380-Jan-24,1859874.0,S,P,0.37
354,381-Jan-12,1860228.0,S,P,0.588
1034,383-Nov-11,1861262.0,S,P,0.35
886,386-Apr-15,1862148.0,S,P,0.103
856,388-Aug-18,1863004.0,S,P,0.931
1388,392-Jun-07,1864392.0,S,P,0.96
532,393-Nov-20,1864924.0,S,P,0.556
502,395-Apr-06,1865426.0,S,P,0.974
1920,400-Jul-08,1867346.0,S,P,0.831
856,402-Nov-11,1868202.0,S,P,0.409
176,403-May-07,1868378.0,S,P,0.572
1566,407-Aug-19,1869944.0,S,P,0.607
178,408-Feb-13,1870122.0,S,P,0.451
856,410-Jun-18,1870978.0,S,P,0.13(s)
176,410-Dec-12,1871154.0,S,P,0.364
2776,418-Jul-19,1873930.0,S,P,0.832
2422,425-Mar-06,1876352.0,S,P,0.865
856,427-Jul-10,1877208.0,S,P,0.059
886,429-Dec-12,1878094.0,S,P,0.536
856,432-Apr-16,1878950.0,S,P,0.478
532,433-Sep-29,1879482.0,S,P,0.786
148,434-Feb-25,1879630.0,S,P,0.15
354,435-Feb-14,1879984.0,S,P,0.913
1388,438-Dec-03,1881372.0,S,P,0.545(r)
532,440-May-17,1881904.0,S,P,0.826
856,442-Sep-20,1882760.0,S,P,0.645
1388,446-Jul-10,1884148.0,S,P,0.845
1034,449-May-08,1885182.0,S,P,0.583
1920,454-Aug-10,1887102.0,S,P,0.79(r)
354,455-Jul-30,1887456.0,S,P,0.252
1032,458-May-28,1888488.0,S,P,0.382
1212,461-Sep-20,1889700.0,S,P,0.952
178,462-Mar-17,1889878.0,S,P,0.716
856,464-Jul-20,1890734.0,S,A,0.967
1388,468-May-08,1892122.0,S,P,0.076
530,469-Oct-21,1892652.0,S,P,0.008
1034,472-Aug-20,1893686.0,S,P,0.37
502,474-Jan-04,1894188.0,S,P,0.109
532,475-Jun-19,1894720.0,S,P,0.188
1388,479-Apr-08,1896108.0,S,P,0.697
1742,484-Jan-14,1897850.0,S,P,0.79
856,486-May-19,1898706.0,S,P,0.803
532,487-Nov-01,1899238.0,S,P,0.642(s)
502,489-Mar-18,1899740.0,S,P,0.879
1388,493-Jan-04,1901128.0,S,P,0.637
532,494-Jun-19,1901660.0,S,P,0.631
856,496-Oct-22,1902516.0,S,P,0.906
2420,503-Jun-10,1904936.0,S,P,0.07(r)
2274,509-Aug-31,1907210.0,S,P,0.521
1034,512-Jun-29,1908244.0,S,P,0.763
1210,515-Oct-23,1909454.0,S,P,0.793
1034,518-Aug-22,1910488.0,S,P,0.062
178,519-Feb-15,1910666.0,S,P,0.556
176,519-Aug-11,1910842.0,S,P,0.542
1034,522-Jun-10,1911876.0,S,P,0.587(r)
532,523-Nov-23,1912408.0,S,P,0.49
3810,534-Apr-29,1916218.0,S,P,0.14
1388,538-Feb-15,1917606.0,S,P,0.069
856,540-Jun-20,1918462.0,S,P,0.804
176,540-Dec-14,1918638.0,S,P,0.112
858,543-Apr-20,1919496.0,S,P,0.715
1388,547-Feb-06,1920884.0,S,P,0.951
1386,550-Nov-24,1922270.0,S,P,0.865
178,551-May-21,1922448.0,S,P,0.499
2954,559-Jun-21,1925402.0,S,P,0.009
1032,562-Apr-19,1926434.0,S,P,0.874
532,563-Oct-03,1926966.0,S,P,0.795
1034,566-Aug-01,1928000.0,S,P,0.857
2422,573-Mar-19,1930422.0,S,P,0.86
176,573-Sep-12,1930598.0,S,P,0.83
1566,577-Dec-25,1932164.0,S,P,0.902
2244,584-Feb-17,1934408.0,S,P,0.312(s)
1566,588-May-31,1935974.0,S,P,0.625
856,590-Oct-04,1936830.0,S,P,0.774(s)
1388,594-Jul-23,1938218.0,S,P,0.312
176,595-Jan-16,1938394.0,S,P,0.468
2244,601-Mar-10,1940638.0,S,P,0.378
1388,604-Dec-26,1942026.0,S,P,0.428(s)
178,605-Jun-22,1942204.0,S,P,0.112
354,606-Jun-11,1942558.0,S,P,0.482
2598,613-Jul-23,1945156.0,S,P,0.658
1034,616-May-21,1946190.0,S,P,0.555
178,616-Nov-15,1946368.0,S,P,0.3(r)
354,617-Nov-04,1946722.0,S,P,0.903
1032,620-Sep-02,1947754.0,S,P,0.346
2422,627-Apr-21,1950176.0,S,P,0.663
178,627-Oct-15,1950354.0,S,P,0.492(r)
1564,632-Jan-27,1951918.0,S,A,0.983
2246,638-Mar-21,1954164.0,S,P,0.727
530,639-Sep-03,1954694.0,S,P,0.525
502,641-Jan-17,1955196.0,S,P,0.84
1388,644-Nov-05,1956584.0,S,P,0.652(s)
532,646-Apr-21,1957116.0,S,P,0.05
856,648-Aug-24,1957972.0,S,P,0.089
178,649-Feb-17,1958150.0,S,P,0.567
708,651-Jan-27,1958858.0,S,P,0.024
856,653-Jun-01,1959714.0,S,P,0.334
2600,660-Jul-13,1962314.0,S,P,0.664
2598,667-Aug-25,1964912.0,S,P,0.923
1034,670-Jun-23,1965946.0,S,P,0.382
532,671-Dec-07,1966478.0,S,P,0.918
2244,678-Jan-28,1968722.0,S,P,0.386(s)
176,678-Jul-24,1968898.0,S,P,0.184
354,679-Jul-13,1969252.0,S,P,0.325(s)
680,681-May-23,1969932.0,S,P,0.181
178,681-Nov-16,1970110.0,S,P,0.109(r)
1564,686-Feb-28,1971674.0,S,P,0.727
856,688-Jul-03,1972530.0,S,P,0.629
1390,692-Apr-22,1973920.0,S,P,0.881
530,693-Oct-05,1974450.0,S,P,0.793
502,695-Feb-19,1974952.0,S,P,0.845
1388,698-Dec-08,1976340.0,S,P,0.109(s)
354,699-Nov-27,1976694.0,S,P,0.127(s)
178,700-May-23,1976872.0,S,P,0.621
856,702-Sep-26,1977728.0,S,P,0.327
176,703-Mar-22,1977904.0,S,P,0.221
710,705-Feb-28,1978614.0,S,P,0.092
856,707-Jul-04,1979470.0,S,P,0.817
2952,715-Aug-04,1982422.0,S,P,0.372
1390,719-May-24,1983812.0,S,P,0.037(r)
856,721-Sep-26,1984668.0,S,P,0.796
1564,726-Jan-08,1986232.0,S,P,0.551
2422,732-Aug-25,1988654.0,S,P,0.178
354,733-Aug-14,1989008.0,S,P,0.967
502,734-Dec-30,1989510.0,S,P,0.271
354,735-Dec-19,1989864.0,S,P,0.245(r)
1566,740-Apr-01,1991430.0,S,P,0.867
2244,746-May-25,1993674.0,S,P,0.708
354,747-May-14,1994028.0,S,P,0.126
178,747-Nov-07,1994206.0,S,P,0.59
502,749-Mar-23,1994708.0,S,P,0.396
1742,753-Dec-29,1996450.0,S,P,0.355(s)
178,754-Jun-25,1996628.0,S,P,0.713
856,756-Oct-28,1997484.0,S,P,0.793
708,758-Oct-07,1998192.0,S,P,0.062(r)
178,759-Apr-02,1998370.0,S,P,0.043
856,761-Aug-05,1999226.0,S,P,0.765
1034,764-Jun-04,2000260.0,S,P,0.82
886,766-Nov-07,2001146.0,S,P,0.209
502,768-Mar-23,2001648.0,S,P,0.312
884,770-Aug-25,2002532.0,S,P,0.159
680,772-Jul-05,2003212.0,S,P,0.191
1034,775-May-04,2004246.0,S,P,0.044
178,775-Oct-29,2004424.0,S,P,0.876
1386,779-Aug-16,2005810.0,S,P,0.004
178,780-Feb-10,2005988.0,S,P,0.412
178,780-Aug-05,2006166.0,S,P,0.032
1210,783-Nov-29,2007376.0,S,P,0.916
1388,787-Sep-16,2008764.0,S,P,0.674
502,789-Jan-31,2009266.0,S,P,0.444
354,790-Jan-20,2009620.0,S,P,0.33(r)
532,791-Jul-06,2010152.0,S,P,0.197
1034,794-May-04,2011186.0,S,P,0.653
2598,801-Jun-15,2013784.0,S,P,0.098(r)
2422,808-Jan-31,2016206.0,S,P,0.658(s)
178,808-Jul-27,2016384.0,S,P,0.211
354,809-Jul-16,2016738.0,S,P,0.564
502,810-Nov-30,2017240.0,S,P,0.279(s)
530,812-May-14,2017770.0,S,P,0.687(s)
356,813-May-04,2018126.0,S,P,0.278
856,815-Sep-07,2018982.0,S,P,0.37
1388,819-Jun-26,2020370.0,S,P,0.738
1034,822-Apr-25,2021404.0,S,P,0.903
884,824-Sep-26,2022288.0,S,P,0.275(s)
1892,829-Nov-30,2024180.0,S,P,0.262
1386,833-Sep-17,2025566.0,S,P,0.107
178,834-Mar-14,2025744.0,S,P,0.81
178,834-Sep-07,2025922.0,S,P,0.388
1210,837-Dec-31,2027132.0,S,P,0.366
856,840-May-05,2027988.0,S,P,0.549(s)
532,841-Oct-18,2028520.0,S,P,0.272
856,844-Feb-22,2029376.0,S,P,0.313(r)
1034,846-Dec-22,2030410.0,S,P,0.359
532,848-Jun-05,2030942.0,S,P,0.104
1034,851-Apr-05,2031976.0,S,P,0.09(s)
2096,856-Dec-31,2034072.0,S,P,0.008(r)
856,859-May-06,2034928.0,S,P,0.004
1034,862-Mar-04,2035962.0,S,P,0.7
532,863-Aug-18,2036494.0,S,P,0.635
1032,866-Jun-16,2037526.0,S,P,0.583
356,867-Jun-06,2037882.0,S,P,0.67
856,869-Oct-09,2038738.0,S,P,0.373
1388,873-Jul-28,2040126.0,S,P,0.573
1034,876-May-27,2041160.0,S,P,0.634
2776,884-Jan-02,2043936.0,S,P,0.243
530,885-Jun-16,2044466.0,S,P,0.239
1034,888-Apr-15,2045500.0,S,P,0.277
178,888-Oct-09,2045678.0,S,P,0.301
176,889-Apr-04,2045854.0,S,P,0.304
502,890-Aug-19,2046356.0,S,P,0.302
354,891-Aug-08,2046710.0,S,P,0.442
178,892-Feb-02,2046888.0,S,P,0.951
856,894-Jun-07,2047744.0,S,P,0.496
532,895-Nov-20,2048276.0,S,P,0.332
1210,899-Mar-15,2049486.0,S,P,0.109
680,901-Jan-23,2050166.0,S,P,0.503
1386,904-Nov-10,2051552.0,S,P,0.176
178,905-May-07,2051730.0,S,P,0.049
354,906-Apr-26,2052084.0,S,P,0.595
1744,911-Feb-02,2053828.0,S,P,0.405
856,913-Jun-07,2054684.0,S,P,0.5
530,914-Nov-20,2055214.0,S,P,0.66
502,916-Apr-05,2055716.0,S,P,0.41
532,917-Sep-19,2056248.0,S,P,0.81
1034,920-Jul-18,2057282.0,S,P,0.138
354,921-Jul-08,2057636.0,S,P,0.612(r)
856,923-Nov-11,2058492.0,S,P,0.921
1212,927-Mar-06,2059704.0,S,P,0.239
530,928-Aug-18,2060234.0,S,P,0.524
680,930-Jun-29,2060914.0,S,P,0.104(r)
532,931-Dec-12,2061446.0,S,P,0.347(r)
1742,936-Sep-18,2063188.0,S,P,0.184(s)
502,938-Feb-03,2063690.0,S,P,0.766
532,939-Jul-19,2064222.0,S,P,0.756
1388,943-May-07,2065610.0,S,P,0.896
856,945-Sep-09,2066466.0,S,P,0.74
178,946-Mar-06,2066644.0,S,P,0.53
856,948-Jul-09,2067500.0,S,P,0.05
1742,953-Apr-16,2069242.0,S,P,0.441
2066,958-Dec-13,2071308.0,S,P,0.199
532,960-May-28,2071840.0,S,P,0.556
1744,965-Mar-06,2073584.0,S,P,0.512
856,967-Jul-10,2074440.0,S,P,0.779
530,968-Dec-22,2074970.0,S,P,0.213
502,970-May-08,2075472.0,S,P,0.189
532,971-Oct-22,2076004.0,S,P,0.856
2244,977-Dec-13,2078248.0,S,P,0.432
178,978-Jun-08,2078426.0,S,P,0.129(s)
1034,981-Apr-07,2079460.0,S,P,0.134
530,982-Sep-20,2079990.0,S,P,0.793
2954,990-Oct-21,2082944.0,S,P,0.583(s)
502,992-Mar-07,2083446.0,S,P,0.8
354,993-Feb-24,2083800.0,S,P,0.019
178,993-Aug-20,2083978.0,S,P,0.758
2244,999-Oct-12,2086222.0,S,P,0.416
176,1000-Apr-07,2086398.0,S,P,0.656
1566,1004-Jul-20,2087964.0,S,P,0.211
176,1005-Jan-13,2088140.0,S,P,0.695
856,1007-May-19,2088996.0,S,P,0.914
2954,1015-Jun-19,2091950.0,S,P,0.606
1388,1019-Apr-08,2093338.0,S,P,0.769
856,1021-Aug-11,2094194.0,S,P,0.177
1034,1024-Jun-09,2095228.0,S,P,0.011
532,1025-Nov-23,2095760.0,S,P,0.512
2244,1032-Jan-15,2098004.0,S,P,0.652(s)
176,1032-Jul-10,2098180.0,S,P,0.109
354,1033-Jun-29,2098534.0,S,P,0.915
1212,1036-Oct-22,2099746.0,S,P,0.73
1034,1039-Aug-22,2100780.0,S,P,0.41
176,1040-Feb-15,2100956.0,S,P,0.152
1742,1044-Nov-22,2102698.0,S,P,0.362(s)
504,1046-Apr-09,2103202.0,S,P,0.624
354,1047-Mar-29,2103556.0,S,P,0.16
176,1047-Sep-22,2103732.0,S,P,0.119
502,1049-Feb-05,2104234.0,S,P,0.159
1742,1053-Nov-13,2105976.0,S,P,0.636
178,1054-May-10,2106154.0,S,P,0.885
1742,1059-Feb-15,2107896.0,S,P,0.853
856,1061-Jun-20,2108752.0,S,P,0.593
1920,1066-Sep-22,2110672.0,S,P,0.063
502,1068-Feb-06,2111174.0,S,P,0.59
532,1069-Jul-21,2111706.0,S,P,0.442(r)
2598,1076-Sep-01,2114304.0,S,P,0.045
1212,1079-Dec-26,2115516.0,S,P,0.112
176,1080-Jun-20,2115692.0,S,P,0.152
178,1080-Dec-14,2115870.0,S,P,0.441(r)
2420,1087-Aug-01,2118290.0,S,P,0.696
1212,1090-Nov-24,2119502.0,S,P,0.141
178,1091-May-21,2119680.0,S,P,0.25
856,1093-Sep-23,2120536.0,S,P,0.644
176,1094-Mar-19,2120712.0,S,P,0.339
2244,1100-May-11,2122956.0,S,P,0.516
354,1101-Apr-30,2123310.0,S,P,0.148
2422,1107-Dec-16,2125732.0,S,P,0.914
178,1108-Jun-11,2125910.0,S,P,0.103
354,1109-May-31,2126264.0,S,P,0.192(s)
1388,1113-Mar-19,2127652.0,S,P,0.578
856,1115-Jul-23,2128508.0,S,P,0.103
1388,1119-May-11,2129896.0,S,P,0.862
532,1120-Oct-24,2130428.0,S,P,0.585
502,1122-Mar-10,2130930.0,S,T,1.058
884,1124-Aug-11,2131814.0,S,P,0.811(s)
2246,1130-Oct-04,2134060.0,S,P,0.583
1032,1133-Aug-02,2135092.0,S,P,0.608
356,1134-Jul-23,2135448.0,S,P,0.674
176,1135-Jan-16,2135624.0,S,P,0.887
1034,1137-Nov-15,2136658.0,S,P,0.269(r)
1388,1141-Sep-02,2138046.0,S,P,0.4
1388,1145-Jun-22,2139434.0,S,P,0.732
856,1147-Oct-26,2140290.0,S,P,0.851
178,1148-Apr-20,2140468.0,S,P,0.1
1388,1152-Feb-07,2141856.0,S,P,0.512(s)
3130,1160-Sep-02,2144986.0,S,P,0.041
502,1162-Jan-17,2145488.0,S,P,0.935
532,1163-Jul-03,2146020.0,S,P,0.711
1388,1167-Apr-21,2147408.0,S,P,0.638
2244,1173-Jun-12,2149652.0,S,P,0.491
532,1174-Nov-26,2150184.0,S,P,0.931
502,1176-Apr-11,2150686.0,S,P,0.387
884,1178-Sep-13,2151570.0,S,P,0.695(s)
1892,1183-Nov-17,2153462.0,S,P,0.027
354,1184-Nov-05,2153816.0,S,P,0.586
1032,1187-Sep-04,2154848.0,S,P,0.809
356,1188-Aug-24,2155204.0,S,P,0.989
176,1189-Feb-17,2155380.0,S,P,0.816
856,1191-Jun-23,2156236.0,S,P,0.825
1390,1195-Apr-12,2157626.0,S,P,0.139
1386,1199-Jan-28,2159012.0,S,P,0.156
1034,1201-Nov-27,2160046.0,S,P,0.07(s)
1566,1206-Mar-11,2161612.0,S,A,0.923
2598,1213-Apr-22,2164210.0,S,P,0.639(s)
532,1214-Oct-05,2164742.0,S,P,0.492
502,1216-Feb-19,2165244.0,S,P,0.512
532,1217-Aug-04,2165776.0,S,P,0.821
1388,1221-May-23,2167164.0,S,T,1.072
1742,1226-Feb-28,2168906.0,S,P,0.064
856,1228-Jul-03,2169762.0,S,P,0.709
178,1228-Dec-28,2169940.0,S,P,0.735
2774,1236-Aug-03,2172714.0,S,P,0.733
504,1237-Dec-19,2173218.0,S,P,0.519
354,1238-Dec-08,2173572.0,S,P,0.304
176,1239-Jun-03,2173748.0,S,T,1.06
856,1241-Oct-06,2174604.0,S,P,0.042(s)
356,1242-Sep-26,2174960.0,S,P,0.887
176,1243-Mar-22,2175136.0,S,P,0.599
856,1245-Jul-25,2175992.0,S,P,0.041
1390,1249-May-14,2177382.0,S,P,0.522
1386,1253-Mar-01,2178768.0,S,P,0.746
2600,1260-Apr-12,2181368.0,S,P,0.279
2598,1267-May-25,2183966.0,S,P,0.84
532,1268-Nov-06,2184498.0,S,P,0.754
502,1270-Mar-23,2185000.0,S,P,0.158
1920,1275-Jun-25,2186920.0,S,P,0.577
856,1277-Oct-28,2187776.0,S,P,0.104
886,1280-Apr-01,2188662.0,S,P,0.234
856,1282-Aug-05,2189518.0,S,P,0.859
178,1283-Jan-30,2189696.0,S,P,0.234
1742,1287-Nov-07,2191438.0,S,P,0.119
1032,1290-Sep-05,2192470.0,S,P,0.883
504,1292-Jan-21,2192974.0,S,P,0.801
354,1293-Jan-09,2193328.0,S,P,0.044
176,1293-Jul-05,2193504.0,S,P,0.54
356,1294-Jun-25,2193860.0,S,P,0.082(r)
856,1296-Oct-28,2194716.0,S,P,0.7
1210,1300-Feb-21,2195926.0,S,P,0.495
1564,1304-Jun-04,2197490.0,S,P,0.317
1034,1307-Apr-03,2198524.0,S,P,0.928
2952,1315-May-04,2201476.0,S,P,0.617
856,1317-Sep-06,2202332.0,S,P,0.676
1390,1321-Jun-26,2203722.0,S,P,0.056
530,1322-Dec-09,2204252.0,S,P,0.72
3278,1331-Nov-30,2207530.0,S,P,0.842
178,1332-May-25,2207708.0,S,P,0.011
708,1334-May-04,2208416.0,S,P,0.517
856,1336-Sep-06,2209272.0,S,P,0.241(r)
178,1337-Mar-03,2209450.0,S,P,0.148
1742,1341-Dec-09,2211192.0,S,P,0
502,1343-Apr-25,2211694.0,S,P,0.265(r)
532,1344-Oct-07,2212226.0,S,P,0.876
354,1345-Sep-26,2212580.0,S,P,0.123(s)
148,1346-Feb-22,2212728.0,S,P,0.677
354,1347-Feb-11,2213082.0,S,P,0.067
178,1347-Aug-07,2213260.0,S,P,0.049
2422,1354-Mar-25,2215682.0,S,P,0.547
176,1354-Sep-17,2215858.0,S,P,0.151
1388,1358-Jul-07,2217246.0,S,P,0.297(r)
178,1358-Dec-31,2217424.0,S,P,0.121(r)
856,1361-May-05,2218280.0,S,P,0.558
1388,1365-Feb-21,2219668.0,S,P,0.174(s)
532,1366-Aug-07,2220200.0,S,P,0.151
1032,1369-Jun-05,2221232.0,S,P,0.466
856,1371-Oct-09,2222088.0,S,P,0.477
1744,1376-Jul-17,2223832.0,S,P,0.6
176,1377-Jan-10,2224008.0,S,P,0.289(s)
1212,1380-May-05,2225220.0,S,P,0.145
2066,1386-Jan-01,2227286.0,S,P,0.249
532,1387-Jun-16,2227818.0,S,P,0.563
1388,1391-Apr-05,2229206.0,S,P,0.631
856,1393-Aug-08,2230062.0,S,P,0.708
1920,1398-Nov-09,2231982.0,S,P,0.504
502,1400-Mar-26,2232484.0,S,P,0.422
354,1401-Mar-15,2232838.0,S,P,0.268
1388,1405-Jan-01,2234226.0,S,P,0.427
1210,1408-Apr-26,2235436.0,S,P,0.109
176,1408-Oct-19,2235612.0,S,P,0.2
1566,1413-Feb-01,2237178.0,S,P,0.334
856,1415-Jun-07,2238034.0,S,P,0.033
1388,1419-Mar-26,2239422.0,S,P,0.648
532,1420-Sep-08,2239954.0,S,P,0.508
502,1422-Jan-23,2240456.0,S,P,0.592
1388,1425-Nov-10,2241844.0,S,P,0.346
1742,1430-Aug-19,2243586.0,S,P,0.44
354,1431-Aug-08,2243940.0,S,P,0.199
178,1432-Feb-02,2244118.0,S,P,0.412
856,1434-Jun-07,2244974.0,S,P,0.643
532,1435-Nov-20,2245506.0,S,P,0.31
1034,1438-Sep-19,2246540.0,S,P,0.411(s)
856,1441-Jan-23,2247396.0,S,P,0.225(r)
176,1441-Jul-18,2247572.0,S,P,0.312
1212,1444-Nov-10,2248784.0,S,P,0.554
178,1445-May-07,2248962.0,S,P,0.409
354,1446-Apr-26,2249316.0,S,P,0.226
502,1447-Sep-10,2249818.0,S,P,0.221
354,1448-Aug-29,2250172.0,S,P,0.19
1564,1452-Dec-11,2251736.0,S,P,0.194
2246,1459-Feb-03,2253982.0,S,P,0.713(s)
530,1460-Jul-18,2254512.0,S,P,0.295
1034,1463-May-18,2255546.0,S,P,0.796
1388,1467-Mar-06,2256934.0,S,P,0.741
2244,1473-Apr-27,2259178.0,S,P,0.419
354,1474-Apr-16,2259532.0,S,P,0.209
178,1474-Oct-11,2259710.0,S,P,0.795
502,1476-Feb-25,2260212.0,S,P,0.39
886,1478-Jul-29,2261098.0,S,P,0.182(s)
2776,1486-Mar-06,2263874.0,S,P,0.209
502,1487-Jul-20,2264376.0,S,P,0.296(s)
354,1488-Jul-09,2264730.0,S,P,0.821
532,1489-Dec-22,2265262.0,S,P,0.556
1034,1492-Oct-21,2266296.0,S,P,0.283(s)
856,1495-Feb-25,2267152.0,S,P,0.279
1388,1498-Dec-13,2268540.0,S,P,0.676
1386,1502-Oct-01,2269926.0,S,P,0.626
1566,1507-Jan-13,2271492.0,S,P,0.471
2244,1513-Mar-07,2273736.0,S,P,0.327(s)
532,1514-Aug-20,2274268.0,S,P,0.72
1034,1517-Jun-19,2275302.0,S,P,0.604
1388,1521-Apr-07,2276690.0,S,P,0.908
2244,1527-May-30,2278934.0,S,P,0.415
354,1528-May-18,2279288.0,S,P,0.736
178,1528-Nov-12,2279466.0,S,P,0.765
354,1529-Nov-01,2279820.0,S,P,0.132
1032,1532-Aug-30,2280852.0,S,P,0.068(s)
1388,1536-Jun-18,2282240.0,S,P,0.389(s)
1390,1540-Apr-07,2283630.0,S,P,0.256
500,1541-Aug-21,2284130.0,S,P,0.564(s)
356,1542-Aug-11,2284486.0,S,P,0.327
2422,1549-Mar-29,2286908.0,S,P,0.615
354,1550-Mar-18,2287262.0,S,P,0.139
1032,1553-Jan-14,2288294.0,S,P,0.55
1034,1555-Nov-14,2289328.0,S,P,0.078
354,1556-Nov-02,2289682.0,S,P,0.811
1388,1560-Aug-21,2291070.0,S,P,0.202(s)
178,1561-Feb-14,2291248.0,S,P,0.804
2244,1567-Apr-09,2293492.0,S,P,0.462
532,1568-Sep-21,2294024.0,S,P,0.909
502,1570-Feb-05,2294526.0,S,P,0.148
886,1572-Jul-10,2295412.0,S,P,0.625(r)
1034,1575-May-10,2296446.0,S,P,0.594
1742,1580-Feb-15,2298188.0,S,P,0.27(r)
856,1582-Jun-20,2299044.0,S,P,0.721
188,1582-Dec-25,2299232.0,S,P,0.26
354,1583-Dec-14,2299586.0,S,P,0.482
2420,1590-Jul-31,2302006.0,S,P,0.813
1390,1594-May-20,2303396.0,S,P,0.662
856,1596-Sep-22,2304252.0,S,P,0.054
1386,1600-Jul-10,2305638.0,S,P,0.27
1036,1603-May-11,2306674.0,S,P,0.98
354,1604-Apr-29,2307028.0,S,P,0.41
1032,1607-Feb-26,2308060.0,S,P,0.724
1034,1609-Dec-26,2309094.0,S,P,0.097
354,1610-Dec-15,2309448.0,S,P,0.73
1388,1614-Oct-03,2310836.0,S,P,0.347(s)
178,1615-Mar-29,2311014.0,S,P,0.756
856,1617-Aug-01,2311870.0,S,P,0.162
1388,1621-May-21,2313258.0,S,P,0.021
532,1622-Nov-03,2313790.0,S,P,0.208
1210,1626-Feb-26,2315000.0,S,P,0.121
1212,1629-Jun-21,2316212.0,S,P,0.075
1564,1633-Oct-03,2317776.0,S,P,0.353
178,1634-Mar-29,2317954.0,S,T,1.027
856,1636-Aug-01,2318810.0,S,P,0.349
532,1638-Jan-15,2319342.0,S,P,0.74
1388,1641-Nov-03,2320730.0,S,P,0.578
502,1643-Mar-20,2321232.0,S,P,0.348(r)
530,1644-Sep-01,2321762.0,S,P,0.941
354,1645-Aug-21,2322116.0,S,P,0.596
1036,1648-Jun-21,2323152.0,S,P,0.127(r)
856,1650-Oct-25,2324008.0,S,P,0.145
1386,1654-Aug-12,2325394.0,S,P,0.75
1390,1658-Jun-01,2326784.0,S,P,0.428
1032,1661-Mar-30,2327816.0,S,P,0.246
1388,1665-Jan-16,2329204.0,S,P,0.819
532,1666-Jul-02,2329736.0,S,P,0.279
1034,1669-Apr-30,2330770.0,S,P,0.262
2598,1676-Jun-11,2333368.0,S,P,0.759
1388,1680-Mar-30,2334756.0,S,P,0.53
2776,1687-Nov-05,2337532.0,S,P,0.356
178,1688-Apr-30,2337710.0,S,P,0.832
1388,1692-Feb-17,2339098.0,S,P,0.844
502,1693-Jul-03,2339600.0,S,P,0.332(s)
886,1695-Dec-06,2340486.0,S,P,0.963
502,1697-Apr-21,2340988.0,S,P,0.998
530,1698-Oct-04,2341518.0,S,P,0.558(r)
354,1699-Sep-23,2341872.0,S,P,0.975
1892,1704-Nov-27,2343764.0,S,P,0.703
1386,1708-Sep-14,2345150.0,S,P,0.955
3810,1719-Feb-19,2348960.0,S,P,0.815
354,1720-Feb-08,2349314.0,S,P,0.322
178,1720-Aug-04,2349492.0,S,P,0.827
3632,1730-Jul-15,2353124.0,S,P,0.274
178,1731-Jan-08,2353302.0,S,P,0.503
176,1731-Jul-04,2353478.0,S,P,0.341
1034,1734-May-03,2354512.0,S,P,0.769
532,1735-Oct-16,2355044.0,S,P,0.014(r)
1034,1738-Aug-15,2356078.0,S,P,0.159
1032,1741-Jun-13,2357110.0,S,P,0.133
178,1741-Dec-08,2357288.0,S,P,0.025
178,1742-Jun-03,2357466.0,S,P,0.155(r)
1388,1746-Mar-22,2358854.0,S,P,0.899
856,1748-Jul-25,2359710.0,S,P,0.701
532,1750-Jan-08,2360242.0,S,P,0.412
502,1751-May-25,2360744.0,S,P,0.159(r)
884,1753-Oct-26,2361628.0,S,P,0.822
1892,1758-Dec-30,2363520.0,S,P,0.863
530,1760-Jun-13,2364050.0,S,P,0.35
356,1761-Jun-03,2364406.0,S,P,0.164(r)
500,1762-Oct-17,2364906.0,S,P,0.974
178,1763-Apr-13,2365084.0,S,P,0.911
2600,1770-May-25,2367684.0,S,P,0.283
884,1772-Oct-26,2368568.0,S,P,0.048
148,1773-Mar-23,2368716.0,S,P,0.587
354,1774-Mar-12,2369070.0,S,P,0.7
178,1774-Sep-06,2369248.0,S,P,0.388(r)
3986,1785-Aug-05,2373234.0,S,P,0.245(r)
178,1786-Jan-30,2373412.0,S,P,0.791(r)
856,1788-Jun-04,2374268.0,S,P,0.897
532,1789-Nov-17,2374800.0,S,P,0.644
1388,1793-Sep-05,2376188.0,S,P,0.872(s)
3278,1802-Aug-28,2379466.0,S,P,0.152
354,1803-Aug-17,2379820.0,S,P,0.278
3456,1813-Feb-01,2383276.0,S,P,0.567
530,1814-Jul-17,2383806.0,S,P,0.887
856,1816-Nov-19,2384662.0,S,P,0.874
178,1817-May-16,2384840.0,S,P,0.455
354,1818-May-05,2385194.0,S,P,0.222
3278,1827-Apr-26,2388472.0,S,P,0.392
354,1828-Apr-14,2388826.0,S,P,0.988
4342,1840-Mar-04,2393168.0,S,P,0.761
856,1842-Jul-08,2394024.0,S,P,0.271
532,1843-Dec-21,2394556.0,S,P,0.629
1388,1847-Oct-09,2395944.0,S,P,0.784
1890,1852-Dec-11,2397834.0,S,P,0.114
886,1855-May-16,2398720.0,S,P,0.253
856,1857-Sep-18,2399576.0,S,P,0.827
1388,1861-Jul-08,2400964.0,S,P,0.112
532,1862-Dec-21,2401496.0,S,P,0.177
1536,1867-Mar-06,2403032.0,S,P,0.02
530,1868-Aug-18,2403562.0,S,P,0.685
1212,1871-Dec-12,2404774.0,S,P,0.591
176,1872-Jun-06,2404950.0,S,P,0.639
856,1874-Oct-10,2405806.0,S,P,0.68
178,1875-Apr-06,2405984.0,S,P,0.195
1566,1879-Jul-19,2407550.0,S,P,0.085
1032,1882-May-17,2408582.0,S,P,0.594
1920,1887-Aug-19,2410502.0,S,P,0.078
1034,1890-Jun-17,2411536.0,S,P,0.901
1388,1894-Apr-06,2412924.0,S,P,0.744
1388,1898-Jan-22,2414312.0,S,P,0.832
1388,1901-Nov-11,2415700.0,S,P,0.557
354,1902-Oct-31,2416054.0,S,P,0.195
148,1903-Mar-29,2416202.0,S,P,0.305(r)
354,1904-Mar-17,2416556.0,S,P,0.212
1034,1907-Jan-14,2417590.0,S,P,0.789
1742,1911-Oct-22,2419332.0,S,P,0.591
178,1912-Apr-17,2419510.0,S,P,0.054(s)
856,1914-Aug-21,2420366.0,S,P,0.804(s)
2952,1922-Sep-21,2423318.0,S,P,0.231
2244,1928-Nov-12,2425562.0,S,P,0.484
178,1929-May-09,2425740.0,S,P,0.033
1566,1933-Aug-21,2427306.0,S,P,0.899
1032,1936-Jun-19,2428338.0,S,P,0.183
1920,1941-Sep-21,2430258.0,S,P,0.506
1034,1944-Jul-20,2431292.0,S,P,0.729
1388,1948-May-09,2432680.0,S,P,0.462
1388,1952-Feb-25,2434068.0,S,P,0.415
856,1954-Jun-30,2434924.0,S,P,0.942(s)
354,1955-Jun-20,2435278.0,S,P,0.384
178,1955-Dec-14,2435456.0,S,P,0.404
354,1956-Dec-02,2435810.0,S,P,0.342
502,1958-Apr-19,2436312.0,S,P,0.41
1034,1961-Feb-15,2437346.0,S,P,0.236
1742,1965-Nov-23,2439088.0,S,P,0.808
178,1966-May-20,2439266.0,S,P,0.418
856,1968-Sep-22,2440122.0,S,P,0.777
2776,1976-Apr-29,2442898.0,S,P,0.721
1388,1980-Feb-16,2444286.0,S,P,0.682
530,1981-Jul-31,2444816.0,S,P,0.32
502,1982-Dec-15,2445318.0,S,P,0.247
1744,1987-Sep-23,2447062.0,S,P,0.422
176,1988-Mar-18,2447238.0,S,P,0.237(r)
178,1988-Sep-11,2447416.0,S,P,0.179
2598,1995-Oct-24,2450014.0,S,P,0.983
1034,1998-Aug-22,2451048.0,S,P,0.074(r)
354,1999-Aug-11,2451402.0,S,P,0.878
1388,2003-May-31,2452790.0,S,P,0.052
856,2005-Oct-03,2453646.0,S,P,0.128
178,2006-Mar-29,2453824.0,S,P,0.23
354,2007-Mar-19,2454178.0,S,P,0.545
502,2008-Aug-01,2454680.0,S,P,0.575
354,2009-Jul-22,2455034.0,S,P,0.891
178,2010-Jan-15,2455212.0,S,P,0.542
354,2011-Jan-04,2455566.0,S,P,0.007
1890,2016-Mar-09,2457456.0,S,P,0.004(r)
1388,2019-Dec-26,2458844.0,S,P,0.61
178,2020-Jun-21,2459022.0,S,P,0.91
856,2022-Oct-25,2459878.0,S,P,0.517
1742,2027-Aug-02,2461620.0,S,P,0.222
1034,2030-Jun-01,2462654.0,S,P,0.171
354,2031-May-21,2463008.0,S,P,0.457
532,2032-Nov-03,2463540.0,S,P,0.017
502,2034-Mar-20,2464042.0,S,P,0.788
530,2035-Sep-02,2464572.0,S,P,0.395(r)
2068,2041-Apr-30,2466640.0,S,P,0.025(s)
354,2042-Apr-20,2466994.0,S,P,0.105
178,2042-Oct-14,2467172.0,S,P,0.007(r)
2066,2048-Jun-11,2469238.0,S,P,0.213(s)
532,2049-Nov-25,2469770.0,S,P,0.375
502,2051-Apr-11,2470272.0,S,P,0.383
886,2053-Sep-12,2471158.0,S,P,0.452
2244,2059-Nov-05,2473402.0,S,P,0.341
178,2060-Apr-30,2473580.0,S,P,0.541
354,2061-Apr-20,2473934.0,S,P,0.601
502,2062-Sep-03,2474436.0,S,P,0.181
532,2064-Feb-17,2474968.0,S,P,0.735
2244,2070-Apr-11,2477212.0,S,P,0.449
886,2072-Sep-12,2478098.0,S,P,0.269
502,2074-Jan-27,2478600.0,S,P,0.475
178,2074-Jul-24,2478778.0,S,P,0.264
354,2075-Jul-13,2479132.0,S,P,0.01
2244,2081-Sep-03,2481376.0,S,P,0.543
1034,2084-Jul-03,2482410.0,S,P,0.081(r)
354,2085-Jun-22,2482764.0,S,P,0.606
532,2086-Dec-06,2483296.0,S,P,0.423
502,2088-Apr-21,2483798.0,S,P,0.558
1918,2093-Jul-23,2485716.0,S,P,0.707(s)
2776,2101-Feb-28,2488492.0,S,P,0.573(r)
856,2103-Jul-04,2489348.0,S,P,0.479
178,2103-Dec-29,2489526.0,S,P,0.186
1388,2107-Oct-16,2490914.0,S,P,0.028
2244,2113-Dec-08,2493158.0,S,P,0.522
178,2114-Jun-03,2493336.0,S,T,1.07
354,2115-May-24,2493690.0,S,P,0.778
502,2116-Oct-06,2494192.0,S,P,0.099
532,2118-Mar-22,2494724.0,S,P,0.577
2244,2124-May-14,2496968.0,S,P,0.908
886,2126-Oct-16,2497854.0,S,P,0.771
502,2128-Mar-01,2498356.0,S,P,0.953
532,2129-Aug-15,2498888.0,S,P,0.099(r)
2244,2135-Oct-07,2501132.0,S,P,0.589
1920,2141-Jan-08,2503052.0,S,P,0.583
502,2142-May-25,2503554.0,S,P,0.255
1918,2147-Aug-26,2505472.0,S,P,0.877
2776,2155-Apr-02,2508248.0,S,P,0.853
856,2157-Aug-05,2509104.0,S,P,0.39
178,2158-Jan-30,2509282.0,S,P,0.877
1212,2161-May-25,2510494.0,S,P,0.193
176,2161-Nov-17,2510670.0,S,P,0.042
1890,2167-Jan-21,2512560.0,S,P,0.183
354,2168-Jan-10,2512914.0,S,P,0.885
178,2168-Jul-05,2513092.0,S,P,0.545
856,2170-Nov-08,2513948.0,S,P,0.196
532,2172-Apr-23,2514480.0,S,P,0.058
856,2174-Aug-27,2515336.0,S,P,0.074
354,2175-Aug-16,2515690.0,S,P,0.113(s)
1388,2179-Jun-05,2517078.0,S,P,0.28
532,2180-Nov-17,2517610.0,S,P,0.733
502,2182-Apr-03,2518112.0,S,P,0.445
1920,2187-Jul-06,2520032.0,S,P,0.232
856,2189-Nov-08,2520888.0,S,P,0.588
176,2190-May-04,2521064.0,S,P,0.939
1566,2194-Aug-16,2522630.0,S,P,0.367
178,2195-Feb-10,2522808.0,S,P,0.393
1032,2197-Dec-09,2523840.0,S,P,0.187
1388,2201-Sep-28,2525228.0,S,P,0.823
354,2202-Sep-17,2525582.0,S,P,0.001
2422,2209-May-05,2528004.0,S,P,0.353(r)
1034,2212-Mar-04,2529038.0,S,P,0.672
1742,2216-Dec-10,2530780.0,S,P,0.694
1890,2222-Feb-12,2532670.0,S,P,0.631
178,2222-Aug-08,2532848.0,S,P,0.029
1210,2225-Dec-01,2534058.0,S,P,0.289(r)
1388,2229-Sep-18,2535446.0,S,P,0.735
1388,2233-Jul-08,2536834.0,S,P,0.798
1034,2236-May-06,2537868.0,S,P,0.029
1920,2241-Aug-08,2539788.0,S,P,0.699
1032,2244-Jun-06,2540820.0,S,P,0.639
1566,2248-Sep-18,2542386.0,S,P,0.772
178,2249-Mar-15,2542564.0,S,P,0.396
2244,2255-May-07,2544808.0,S,P,0.572
176,2255-Oct-31,2544984.0,S,P,0.242(r)
354,2256-Oct-19,2545338.0,S,P,0.286
3456,2266-Apr-06,2548794.0,S,P,0.723
856,2268-Aug-09,2549650.0,S,P,0.358
886,2271-Jan-12,2550536.0,S,P,0.945
1890,2276-Mar-16,2552426.0,S,P,0.348
354,2277-Mar-05,2552780.0,S,P,0.237
1034,2280-Jan-03,2553814.0,S,P,0.958
532,2281-Jun-17,2554346.0,S,P,0.395
856,2283-Oct-21,2555202.0,S,P,0.971
1388,2287-Aug-10,2556590.0,S,P,0.17
354,2288-Jul-29,2556944.0,S,P,0.479
2600,2295-Sep-10,2559544.0,S,P,0.896
2598,2302-Oct-22,2562142.0,S,P,0.753
178,2303-Apr-18,2562320.0,S,P,0.774
856,2305-Aug-21,2563176.0,S,P,0.734
176,2306-Feb-14,2563352.0,S,P,0.436
856,2308-Jun-19,2564208.0,S,P,0.204(s)
356,2309-Jun-09,2564564.0,S,P,0.977
530,2310-Nov-22,2565094.0,S,P,0.73
2246,2317-Jan-14,2567340.0,S,P,0.186(s)
1210,2320-May-09,2568550.0,S,P,0.878
1742,2325-Feb-14,2570292.0,S,P,0.222
856,2327-Jun-20,2571148.0,S,P,0.359(s)
1034,2330-Apr-19,2572182.0,S,P,0.22
354,2331-Apr-08,2572536.0,S,P,0.479
1034,2334-Feb-05,2573570.0,S,P,0.908
532,2335-Jul-21,2574102.0,S,P,0.99
856,2337-Nov-23,2574958.0,S,P,0.888
3662,2347-Dec-03,2578620.0,S,P,0.106
680,2349-Oct-13,2579300.0,S,P,0.534
354,2350-Oct-02,2579654.0,S,A,0.948
1032,2353-Jul-31,2580686.0,S,P,0.33
1212,2356-Nov-23,2581898.0,S,P,0.204
178,2357-May-20,2582076.0,S,P,0.192(r)
856,2359-Sep-23,2582932.0,S,P,0.346
176,2360-Mar-18,2583108.0,S,P,0.969
178,2360-Sep-11,2583286.0,S,P,0.362
178,2361-Mar-08,2583464.0,S,P,0.484(r)
856,2363-Jul-12,2584320.0,S,P,0.474
530,2364-Dec-24,2584850.0,S,P,0.693
2776,2372-Jul-31,2587626.0,S,P,0.415
680,2374-Jun-11,2588306.0,S,P,0.039
354,2375-May-31,2588660.0,S,P,0.16
2244,2381-Jul-22,2590904.0,S,P,0.756
178,2382-Jan-15,2591082.0,S,P,0.254
178,2382-Jul-12,2591260.0,S,P,0.242
678,2384-May-21,2591938.0,S,P,0.172
354,2385-May-10,2592292.0,S,P,0.62
1034,2388-Mar-09,2593326.0,S,P,0.154
532,2389-Aug-22,2593858.0,S,P,0.365(r)
856,2391-Dec-26,2594714.0,S,P,0.399
4164,2403-May-21,2598878.0,S,P,0.868
178,2403-Nov-15,2599056.0,S,P,0.11
354,2404-Nov-03,2599410.0,S,P,0.781
1388,2408-Aug-22,2600798.0,S,P,0.013(r)
2066,2414-Apr-20,2602864.0,S,P,0.827
178,2414-Oct-14,2603042.0,S,P,0.801
178,2415-Apr-10,2603220.0,S,P,0.646
1386,2419-Jan-26,2604606.0,S,P,0.73
1892,2424-Mar-31,2606498.0,S,P,0.702(r)
884,2426-Sep-02,2607382.0,S,P,0.933
502,2428-Jan-17,2607884.0,S,P,0.499
532,2429-Jul-02,2608416.0,S,P,0.686
2244,2435-Aug-24,2610660.0,S,P,0.913
178,2436-Feb-17,2610838.0,S,P,0.533
708,2438-Jan-26,2611546.0,S,P,0.181
502,2439-Jun-12,2612048.0,S,P,0.335(r)
2954,2447-Jul-13,2615002.0,S,P,0.847
2598,2454-Aug-24,2617600.0,S,P,0.225
1034,2457-Jun-22,2618634.0,S,P,0.338
532,2458-Dec-06,2619166.0,S,P,0.781
354,2459-Nov-25,2619520.0,S,P,0.115
502,2461-Apr-11,2620022.0,S,P,0.153
1388,2465-Jan-27,2621410.0,S,P,0.704
1210,2468-May-22,2622620.0,S,P,0.372
178,2468-Nov-15,2622798.0,S,P,0.641(r)
178,2469-May-12,2622976.0,S,P,0.532
1386,2473-Feb-27,2624362.0,S,P,0.697
1892,2478-May-03,2626254.0,S,P,0.496(r)
354,2479-Apr-22,2626608.0,S,P,0.913
530,2480-Oct-04,2627138.0,S,P,0.61
502,2482-Feb-18,2627640.0,S,P,0.649
1742,2486-Nov-26,2629382.0,S,P,0.301(s)
178,2487-May-23,2629560.0,S,P,0.394
856,2489-Sep-25,2630416.0,S,P,0.675
178,2490-Mar-21,2630594.0,S,P,0.542
708,2492-Feb-28,2631302.0,S,P,0.235
856,2494-Jul-03,2632158.0,S,P,0.336
1920,2499-Oct-05,2634078.0,S,P,0.018
502,2501-Feb-19,2634580.0,S,P,0.037
178,2501-Aug-15,2634758.0,S,P,0.572
354,2502-Aug-04,2635112.0,S,P,0.051
2244,2508-Sep-26,2637356.0,S,P,0.762
1566,2513-Jan-08,2638922.0,S,P,0.844
354,2513-Dec-28,2639276.0,S,P,0.059
502,2515-May-15,2639778.0,S,P,0.454
2776,2522-Dec-19,2642554.0,S,P,0.31(r)
1564,2527-Apr-02,2644118.0,S,P,0.45
856,2529-Aug-05,2644974.0,S,P,0.799
1390,2533-May-25,2646364.0,S,P,0.606
530,2534-Nov-07,2646894.0,S,P,0.372
502,2536-Mar-23,2647396.0,S,P,0.123
1742,2540-Dec-29,2649138.0,S,P,0.587(s)
178,2541-Jun-25,2649316.0,S,P,0.829
856,2543-Oct-29,2650172.0,S,P,0.651
178,2544-Apr-23,2650350.0,S,P,0.223
532,2545-Oct-07,2650882.0,S,P,0.086
1032,2548-Aug-05,2651914.0,S,T,1.055
1920,2553-Nov-07,2653834.0,S,P,0.39
502,2555-Mar-24,2654336.0,S,P,0.51
532,2556-Sep-05,2654868.0,S,P,0.457
1388,2560-Jun-25,2656256.0,S,P,0.297(r)
856,2562-Oct-29,2657112.0,S,P,0.88
1566,2567-Feb-10,2658678.0,S,P,0.524
1388,2570-Nov-29,2660066.0,S,P,0.623(r)
1386,2574-Sep-16,2661452.0,S,P,0.446
504,2576-Feb-01,2661956.0,S,P,0.231
354,2577-Jan-20,2662310.0,S,P,0.553(r)
1564,2581-May-04,2663874.0,S,P,0.64
856,2583-Sep-07,2664730.0,S,P,0.184
1390,2587-Jun-27,2666120.0,S,P,0.06
354,2588-Jun-15,2666474.0,S,P,0.602
2420,2595-Jan-31,2668894.0,S,P,0.508(s)
178,2595-Jul-28,2669072.0,S,P,0.703
856,2597-Nov-30,2669928.0,S,P,0.358
710,2599-Nov-09,2670638.0,S,P,0.195(r)
1032,2602-Sep-08,2671670.0,S,P,0.514
1034,2605-Jul-08,2672704.0,S,P,0.872
886,2607-Dec-11,2673590.0,S,P,0.294
502,2609-Apr-26,2674092.0,S,P,0.852
2776,2616-Dec-01,2676868.0,S,P,0.612
1566,2621-Mar-15,2678434.0,S,P,0.479
176,2621-Sep-08,2678610.0,S,P,0.174
1212,2625-Jan-01,2679822.0,S,P,0.119
1386,2628-Oct-19,2681208.0,S,P,0.13
504,2630-Mar-06,2681712.0,S,P,0.239
354,2631-Feb-23,2682066.0,S,P,0.506
532,2632-Aug-08,2682598.0,S,P,0.225
1032,2635-Jun-07,2683630.0,S,P,0.888
2600,2642-Jul-19,2686230.0,S,P,0.597(r)
1918,2647-Oct-20,2688148.0,S,P,0.034
502,2649-Mar-05,2688650.0,S,P,0.455(s)
178,2649-Aug-30,2688828.0,S,P,0.205
354,2650-Aug-19,2689182.0,S,P,0.784
2244,2656-Oct-10,2691426.0,S,P,0.356
1388,2660-Jul-29,2692814.0,S,P,0.771
1034,2663-May-29,2693848.0,S,P,0.294
2776,2671-Jan-03,2696624.0,S,P,0.439
1566,2675-Apr-17,2698190.0,S,P,0.925
176,2675-Oct-11,2698366.0,S,P,0.304
1212,2679-Feb-03,2699578.0,S,P,0.479
1210,2682-May-29,2700788.0,S,P,0.382
176,2682-Nov-21,2700964.0,S,P,0.035
858,2685-Mar-27,2701822.0,S,P,0.628
354,2686-Mar-16,2702176.0,S,P,0.249
680,2688-Jan-25,2702856.0,S,P,0.302
530,2689-Jul-09,2703386.0,S,P,0.303
3132,2698-Feb-03,2706518.0,S,P,0.624
1386,2701-Nov-22,2707904.0,S,P,0.741
502,2703-Apr-08,2708406.0,S,P,0.339
532,2704-Sep-21,2708938.0,S,P,0.645
354,2705-Sep-10,2709292.0,S,P,0.045
1034,2708-Jul-10,2710326.0,S,P,0.437
856,2710-Nov-13,2711182.0,S,P,0.672
1388,2714-Sep-01,2712570.0,S,P,0.154
3810,2725-Feb-05,2716380.0,S,P,0.901
532,2726-Jul-21,2716912.0,S,P,0.977
1034,2729-May-20,2717946.0,S,P,0.164
354,2730-May-09,2718300.0,S,P,0.357
502,2731-Sep-23,2718802.0,S,P,0.199
354,2732-Sep-11,2719156.0,S,P,0.511
178,2733-Mar-08,2719334.0,S,P,0.777
856,2735-Jul-12,2720190.0,S,P,0.701
354,2736-Jul-01,2720544.0,S,P,0.757
176,2736-Dec-24,2720720.0,S,P,0.455
858,2739-Apr-30,2721578.0,S,P,0.631(r)
354,2740-Apr-18,2721932.0,S,P,0.381
2066,2745-Dec-15,2723998.0,S,P,0.036
532,2747-May-31,2724530.0,S,P,0.822
1744,2752-Mar-08,2726274.0,S,P,0.664
856,2754-Jul-12,2727130.0,S,P,0.359
530,2755-Dec-25,2727660.0,S,P,0.878
502,2757-May-10,2728162.0,S,P,0.027
532,2758-Oct-24,2728694.0,S,P,0.54
354,2759-Oct-13,2729048.0,S,P,0.051
1034,2762-Aug-12,2730082.0,S,P,0.845
856,2764-Dec-15,2730938.0,S,P,0.74
1212,2768-Apr-09,2732150.0,S,P,0.095
530,2769-Sep-22,2732680.0,S,P,0.633
3456,2779-Mar-10,2736136.0,S,P,0.564
354,2780-Feb-27,2736490.0,S,P,0.271
178,2780-Aug-22,2736668.0,S,P,0.476
1388,2784-Jun-10,2738056.0,S,A,0.963
856,2786-Oct-14,2738912.0,S,P,0.779
178,2787-Apr-10,2739090.0,S,P,0.67
856,2789-Aug-13,2739946.0,S,P,0.275
1742,2794-May-21,2741688.0,S,P,0.58
1920,2799-Aug-23,2743608.0,S,P,0.064
678,2801-Jul-02,2744286.0,S,P,0.359
354,2802-Jun-21,2744640.0,S,P,0.175
1390,2806-Apr-10,2746030.0,S,P,0.668
856,2808-Aug-13,2746886.0,S,P,0.859
530,2810-Jan-26,2747416.0,S,P,0.021
1034,2812-Nov-25,2748450.0,S,P,0.274
354,2813-Nov-14,2748804.0,S,P,0.286
1890,2819-Jan-17,2750694.0,S,P,0.881
1742,2823-Oct-25,2752436.0,S,P,0.857
2068,2829-Jun-22,2754504.0,S,P,0.037(s)
354,2830-Jun-12,2754858.0,S,P,0.266(r)
532,2831-Nov-25,2755390.0,S,P,0.494(s)
502,2833-Apr-11,2755892.0,S,P,0.238
354,2834-Mar-31,2756246.0,S,P,0.494
2422,2840-Nov-15,2758668.0,S,P,0.453
178,2841-May-12,2758846.0,S,P,0.986
1564,2845-Aug-24,2760410.0,S,P,0.605
178,2846-Feb-17,2760588.0,S,P,0.836
856,2848-Jun-22,2761444.0,S,T,1.054
1920,2853-Sep-24,2763364.0,S,P,0.386
502,2855-Feb-08,2763866.0,S,P,0.952(r)
530,2856-Jul-23,2764396.0,S,P,0.714
1390,2860-May-12,2765786.0,S,P,0.933
856,2862-Sep-15,2766642.0,S,P,0.076
1918,2867-Dec-17,2768560.0,S,P,0.285(r)
2422,2874-Aug-03,2770982.0,S,P,0.296
1210,2877-Nov-26,2772192.0,S,P,0.642
1212,2881-Mar-21,2773404.0,S,P,0.184
1742,2885-Dec-27,2775146.0,S,P,0.409(s)
502,2887-May-14,2775648.0,S,P,0.034
354,2888-May-02,2776002.0,S,P,0.686
1388,2892-Feb-19,2777390.0,S,P,0.321(s)
1034,2894-Dec-18,2778424.0,S,P,0.598
178,2895-Jun-14,2778602.0,S,P,0.599
1742,2900-Mar-22,2780344.0,S,P,0.859
856,2902-Jul-26,2781200.0,S,P,0.383
1920,2907-Oct-28,2783120.0,S,P,0.778
502,2909-Mar-13,2783622.0,S,P,0.98
530,2910-Aug-26,2784152.0,S,P,0.439(r)
2600,2917-Oct-07,2786752.0,S,P,0.071
1388,2921-Jul-26,2788140.0,S,P,0.265
176,2922-Jan-19,2788316.0,S,P,0.603(r)
2422,2928-Sep-05,2790738.0,S,P,0.003
1210,2931-Dec-30,2791948.0,S,P,0.087
178,2932-Jun-25,2792126.0,S,P,0.422
856,2934-Oct-29,2792982.0,S,P,0.7(s)
178,2935-Apr-24,2793160.0,S,P,0.356
1388,2939-Feb-10,2794548.0,S,P,0.42(s)
354,2940-Jan-30,2794902.0,S,P,0.083(s)
856,2942-Jun-05,2795758.0,S,P,0.71
1920,2947-Sep-06,2797678.0,S,P,0.08
502,2949-Jan-20,2798180.0,S,P,0.709
532,2950-Jul-06,2798712.0,S,P,0.59(s)
1388,2954-Apr-24,2800100.0,S,P,0.516
2244,2960-Jun-15,2802344.0,S,P,0.894
532,2961-Nov-29,2802876.0,S,P,0.751
502,2963-Apr-15,2803378.0,S,P,0.29
3130,2971-Nov-09,2806508.0,S,P,0.625
1032,2974-Sep-07,2807540.0,S,P,0.264(s)
356,2975-Aug-28,2807896.0,S,P,0.837
176,2976-Feb-21,2808072.0,S,P,0.587
2246,2982-Apr-15,2810318.0,S,P,0.327
1386,2986-Jan-31,2811704.0,S,P,0.101
178,2986-Jul-28,2811882.0,S,P,0.498(r)
856,2988-Nov-30,2812738.0,S,P,0.463(s)
178,2989-May-26,2812916.0,S,P,0.088
1388,2993-Mar-14,2814304.0,S,P,0.817
