local,jd,alt,az,raJ2000,decJ2000,lon,lat,year,month,daynum,daynum_utryn,daynum_dksyn
-1150-01-01T07:26:23.567,1301031.5808283233,-0.004603515094603944,116.78515985588396,327.9184272051969,-13.236358680499336,281.8659518357476,-0.0010358643058334881,-1150,1,1.0,13.0,193.0
-1150-01-02T07:26:45.210,1301032.5810788244,0.032726344254092474,116.69657605491048,328.8895203468431,-12.88927431925354,282.8736109870884,-0.0009186575503203326,-1150,1,2.0,14.0,194.0
-1150-01-03T07:26:45.210,1301033.5810788244,0.004824537633944196,116.55934639078934,329.8572496456814,-12.538862627782096,283.880588629055,-0.0008017052375194428,-1150,1,3.0,15.0,195.0
-1150-01-04T07:26:45.210,1301034.5810788244,-0.017643341576437904,116.41683246790318,330.8219069775939,-12.18515738112381,284.88712436842593,-0.0006865693798786642,-1150,1,4.0,16.0,196.0
-1150-01-05T07:26:45.210,1301035.5810788244,-0.0346227768018865,116.26913959618184,331.78354161045377,-11.82827908231524,285.8932027552405,-0.0005747244310966012,-1150,1,5.0,17.0,197.0
-1150-01-06T07:27:06.854,1301036.5813293252,0.024966073337564575,116.15960235887074,332.74244356923026,-11.468257852762852,286.8990577545204,-0.0004674673239232921,-1150,1,6.0,18.0,198.0
-1150-01-07T07:27:06.854,1301037.5813293252,0.019215300727347326,116.00187221805199,333.6981837794624,-11.10539476695888,287.9041655292118,-0.00036598759189951694,-1150,1,7.0,19.0,199.0
-1150-01-08T07:27:06.854,1301038.5813293252,0.019105406925658645,115.83929587621323,334.65105494225054,-10.739720721334185,288.9087563450927,-0.0002711671210496584,-1150,1,8.0,20.0,200.0
-1150-01-09T07:27:06.854,1301039.5813293252,0.02468138736092172,115.67198637453117,335.6011103250284,-10.371356211256451,289.9128075641479,-0.0001836470429750609,-1150,1,9.0,21.0,201.0
-1150-01-10T07:26:45.210,1301040.5810788244,-0.03544436577757699,115.45682903697616,336.5481674992479,-10.00051459511964,290.91604526363216,-0.00010377558214136283,-1150,1,10.0,22.0,202.0
-1150-01-11T07:26:45.210,1301041.5810788244,-0.018479479516723265,115.2803866689523,337.49275710304556,-9.627129551623794,291.91895067980715,-3.14904791308408e-05,-1150,1,11.0,23.0,203.0
-1150-01-12T07:26:45.210,1301042.5810788244,0.004285299634990007,115.09955069043686,338.4346994074385,-9.251412403906595,292.92125299308,3.358853953511706e-05,-1150,1,12.0,24.0,204.0
-1150-01-13T07:26:45.210,1301043.5810788244,0.0328805788129122,114.91443523426982,339.3740545962928,-8.873480793719205,293.92293582193224,9.225219341021475e-05,-1150,1,13.0,25.0,205.0
-1150-01-14T07:26:23.567,1301044.5808283233,-0.004557530305679269,114.68191147112022,340.3106512442994,-8.493546460372137,294.9237356201738,0.0001456603849447863,-1150,1,14.0,26.0,206.0
-1150-01-15T07:26:23.567,1301045.5808283233,0.03565655779295413,114.48855444555583,341.2450249309031,-8.11153363378778,295.9241447163138,0.00019537049549761936,-1150,1,15.0,27.0,207.0
-1150-01-16T07:26:01.924,1301046.5805778224,0.009617212523072476,114.24800383801632,342.17677763182985,-7.7277463565175095,296.9236561349895,0.00024320353084327515,-1150,1,16.0,28.0,208.0
-1150-01-17T07:25:40.281,1301047.5803273213,-0.010783623257135522,114.00360178124723,343.1062183451541,-7.34219958201505,297.9225176884631,0.00029126354575741706,-1150,1,17.0,29.0,209.0
-1150-01-18T07:25:18.637,1301048.5800768202,-0.02555045530912252,113.75544626775977,344.03342692443243,-6.9550012301045285,298.9207287494885,0.0003417756307472506,-1150,1,18.0,30.0,210.0
-1150-01-19T07:24:56.994,1301049.5798263194,-0.03469513927928885,113.50363277494208,344.9584890074838,-6.56625657708212,299.91829045266417,0.00039693722899426624,-1150,1,19.0,31.0,211.0
-1150-01-20T07:24:56.994,1301050.5798263194,0.03446612423474141,113.29147094711976,345.88172726013335,-6.175970348865054,300.9154554483778,0.00045873269541995437,-1150,1,20.0,32.0,212.0
-1150-01-21T07:24:13.707,1301051.5793253174,-0.036200681798927256,112.98939713894231,346.8025458758178,-5.784536729835379,301.91148011452407,0.0005286403644310641,-1150,1,21.0,33.0,213.0
-1150-01-22T07:23:52.064,1301052.5790748163,-0.028618062801175997,112.72714827027552,347.7217396815796,-5.391760570812409,302.9071228655904,0.0006076238010213169,-1150,1,22.0,34.0,214.0
-1150-01-23T07:23:30.421,1301053.5788243152,-0.015524066560152061,112.46158874966618,348.6391821570987,-4.9978375977156295,303.9021478380138,0.000695875097432477,-1150,1,23.0,35.0,215.0
-1150-01-24T07:23:08.778,1301054.5785738144,0.0030430070725835363,112.19279892104754,349.5549785204719,-4.602865562198004,304.89657292013027,0.0007929081513212598,-1150,1,24.0,36.0,216.0
-1150-01-25T07:22:47.134,1301055.5783233133,0.0270427137166171,111.92085946023974,350.46923285703167,-4.206942874785026,305.89041804088043,0.0008976478419325172,-1150,1,25.0,37.0,217.0
-1150-01-26T07:22:03.848,1301056.5778223113,-0.017145794284495284,111.60262935271544,351.3818182631468,-3.8102685327018797,306.8834536350753,0.001008566656005984,-1150,1,26.0,38.0,218.0
-1150-01-27T07:21:42.204,1301057.5775718102,0.017450209282665583,111.32462390989632,352.293290716708,-3.412744345377039,307.87619366974445,0.0011239760755617943,-1150,1,27.0,39.0,219.0
-1150-01-28T07:20:58.918,1301058.5770708083,-0.0165340403757128,111.00049935604027,353.2032888147375,-3.0146712043103294,308.86815247978757,0.0012419828327872155,-1150,1,28.0,40.0,220.0
-1150-01-29T07:20:37.275,1301059.5768203072,0.028483092618278732,110.71676826634601,354.11236122054595,-2.6159521380382253,309.8598344337777,0.0013608271333006617,-1150,1,29.0,41.0,221.0
-1150-01-30T07:19:53.988,1301060.5763193052,0.004526251363176022,110.38708827865393,355.0201423963345,-2.2168900978260155,310.85074538189787,0.001478713674216988,-1150,1,30.0,42.0,222.0
-1150-01-31T07:19:10.701,1301061.5758183033,-0.014566129875686392,110.05476680760371,355.9269481618101,-1.8174887803542616,311.8411329281872,0.00159405497871268,-1150,1,31.0,43.0,223.0
-1150-02-01T07:18:27.415,1301062.5753173013,-0.02884086063628241,109.7198902332575,356.8328645633663,-1.417851999655237,312.8309929295862,0.001705373864066385,-1150,2,32.0,44.0,224.0
-1150-02-02T07:18:05.772,1301063.5750668002,0.03631630523924285,109.42575387817308,357.73820266746765,-1.01798356232996,313.8205663162825,0.0018113791968714485,-1150,2,33.0,45.0,225.0
-1150-02-03T07:17:22.485,1301064.5745657983,0.031686925130660896,109.08602649571637,358.6425913840936,-0.6181880365084398,314.80934766224505,0.001910885646058602,-1150,2,34.0,46.0,226.0
-1150-02-04T07:16:39.198,1301065.5740647963,0.03172531050130696,108.74400940687471,359.54633842441046,-0.21846954313663478,315.7975730953321,0.0020030049205455765,-1150,2,35.0,47.0,227.0
-1150-02-05T07:15:55.912,1301066.5735637941,0.03637964345940961,108.3997910990814,0.44952263663922015,0.18106749027814537,316.7852286544572,0.0020870765971913335,-1150,2,36.0,48.0,228.0
-1150-02-06T07:14:50.982,1301067.5728122913,-0.029678310157104818,108.01025042307776,1.3519947057144597,0.580218537919754,317.77205154001354,0.0021627224892470775,-1150,2,37.0,49.0,229.0
-1150-02-07T07:14:07.695,1301068.5723112891,-0.01610012891485049,107.66189005106062,2.254282045186412,0.9790792616588688,318.7585203543991,0.002229967159451401,-1150,2,38.0,50.0,230.0
-1150-02-08T07:13:24.409,1301069.5718102872,0.0019345268641891386,107.31159141985161,3.156231594710704,1.3774452598491191,319.7443718359066,0.0022891642661612413,-1150,2,39.0,51.0,231.0
-1150-02-09T07:12:41.122,1301070.5713092852,0.024369250430129868,106.95944118671616,4.057915275084295,1.7752126511757809,320.7295916106023,0.002341096988642117,-1150,2,40.0,52.0,232.0
-1150-02-10T07:11:36.192,1301071.5705577822,-0.024729501680539036,106.5623148623701,4.959178343596693,2.1721788312482686,321.71392081919987,0.002386942039149089,-1150,2,41.0,53.0,233.0
-1150-02-11T07:10:52.906,1301072.5700567802,0.006186883502145553,106.20670346874626,5.860543809855381,2.5684406678065472,322.6978432692878,0.002428276519278285,-1150,2,42.0,54.0,234.0
-1150-02-12T07:09:47.976,1301073.5693052772,-0.03484815118346321,105.806284059004,6.7616317647238855,2.9636987162692905,323.68085828964564,0.0024669311249113346,-1150,2,43.0,55.0,235.0
-1150-02-13T07:09:04.689,1301074.5688042752,0.004298252370383121,105.44753091927163,7.662967552920524,3.3580518949362235,324.6634529678479,0.0025049792408420907,-1150,2,44.0,56.0,236.0
-1150-02-14T07:07:59.760,1301075.5680527722,-0.028930858085807972,105.0441223513494,8.56417534693825,3.751205138887766,325.6451302199122,0.0025445384748538982,-1150,2,45.0,57.0,237.0
-1150-02-15T07:07:16.473,1301076.5675517702,0.0181573905661368,104.68252723086495,9.46578614610908,4.1432601328686545,326.6263788031448,0.0025877115157283102,-1150,2,46.0,58.0,238.0
-1150-02-16T07:06:11.543,1301077.5668002672,-0.007563312093779754,104.27641120415186,10.367430867975193,4.533927017280349,327.60670506679674,0.0026363518514068945,-1150,2,47.0,59.0,239.0
-1150-02-17T07:05:06.613,1301078.5660487642,-0.02972359856636815,103.86904144037256,11.269422347977356,4.92321289378866,328.58635602038754,0.002691981113102845,-1150,2,48.0,60.0,240.0
-1150-02-18T07:04:23.327,1301079.5655477622,0.028584244823002813,103.50367261180874,12.172077795086649,5.311125285831118,329.56558234051647,0.0027556233786221293,-1150,2,49.0,61.0,241.0
-1150-02-19T07:03:18.397,1301080.5647962592,0.013411882089514845,103.09395505824288,13.075039190115804,5.697381656717945,330.54390425748113,0.002827649464051305,-1150,2,50.0,62.0,242.0
-1150-02-20T07:02:13.467,1301081.564044756,0.0015248219727640607,102.68314084095674,13.97862960079439,6.081992246948164,331.52158460980394,0.0029078363504632366,-1150,2,51.0,63.0,243.0
-1150-02-21T07:01:08.537,1301082.563293253,-0.007173762231205539,102.27127436505367,14.882946971734755,6.464870190198626,332.4986461760208,0.002995344517215939,-1150,2,52.0,64.0,244.0
-1150-02-22T07:00:03.607,1301083.5625417503,-0.012782383538732735,101.85839854556369,15.788088708011362,6.8459283402650035,333.47511504935113,0.003088839561638163,-1150,2,53.0,65.0,245.0
-1150-02-23T06:58:58.677,1301084.5617902472,-0.015400469759367512,101.44455635567274,16.694150218820248,7.225078812192812,334.4510178397548,0.0031866425492663663,-1150,2,54.0,66.0,246.0
-1150-02-24T06:57:53.747,1301085.5610387442,-0.015127764862644635,101.02979200124739,17.601223815238104,7.602232705558471,335.42637908354635,0.0032868914288117683,-1150,2,55.0,67.0,247.0
-1150-02-25T06:56:48.818,1301086.5602872411,-0.012063929290168265,100.61415153608355,18.50939806737006,7.977300017796965,336.401219522983,0.003387683908934217,-1150,2,56.0,68.0,248.0
-1150-02-26T06:55:43.888,1301087.559535738,-0.006308328815977938,100.19768296944187,19.418757569551573,8.350189700617387,337.37555541200175,0.003487184054030837,-1150,2,57.0,69.0,249.0
-1150-02-27T06:54:38.958,1301088.558784235,0.0020400357675640617,99.7804360520193,20.3293829879406,8.72080979794569,338.3493986148573,0.0035836894907646695,-1150,2,58.0,70.0,250.0
-1150-02-28T06:53:34.028,1301089.5580327322,0.012882524788821039,99.36246194469796,21.241351235687418,9.089067606168852,339.32275711100226,0.0036756674362380406,-1150,2,59.0,71.0,251.0
-1150-03-01T06:52:29.098,1301090.5572812292,0.02612083917965797,98.9438129120003,22.154735648462047,9.454869816930914,340.2956355803306,0.00376177270661911,-1150,3,60.0,72.0,252.0
-1150-03-02T06:51:02.525,1301091.556279225,-0.03665726274343168,98.48134308416,23.069376546175175,9.818031889727134,341.2677921735901,0.00384084128542236,-1150,3,61.0,73.0,253.0
-1150-03-03T06:49:57.595,1301092.555527722,-0.01900496913544778,98.06150120211022,23.985798977168702,10.17864173885394,342.23971378291276,0.003911983700007345,-1150,3,62.0,74.0,254.0
-1150-03-04T06:48:52.665,1301093.5547762192,0.0007548068201014194,97.64114616529399,24.903836515856344,10.536513350657918,343.2111536132017,0.003974490316352628,-1150,3,63.0,75.0,255.0
-1150-03-05T06:47:47.735,1301094.5540247161,0.022525862158398288,97.22033355530519,25.823548026054155,10.891551720374277,344.18210657669016,0.004027948505978681,-1150,3,64.0,76.0,256.0
-1150-03-06T06:46:21.162,1301095.553022712,-0.032420287246223436,96.75592064007094,26.744757002424567,11.243573587606242,345.15232256596175,0.004072257946102345,-1150,3,65.0,77.0,257.0
-1150-03-07T06:45:16.232,1301096.5522712092,-0.006978049335590318,96.33435885186877,27.66797574432786,11.59265983679373,346.1222800226562,0.0041077232116519214,-1150,3,66.0,78.0,258.0
-1150-03-08T06:44:11.303,1301097.5515197061,0.02019805387259701,95.91251052233481,28.593019309759484,11.93862594499312,347.0917269918072,0.004135030711144301,-1150,3,67.0,79.0,259.0
-1150-03-09T06:42:44.729,1301098.550517702,-0.02981066388609442,95.44723431617096,29.51969661243653,12.281290495572819,348.06041232044413,0.0041553117382422304,-1150,3,68.0,80.0,260.0
-1150-03-10T06:41:39.800,1301099.549766199,0.0005065042725334735,95.02498198570927,30.448510076579538,12.620729691191222,349.0288142304575,0.004170130770720278,-1150,3,69.0,81.0,261.0
-1150-03-11T06:40:34.870,1301100.5490146962,0.03228997210574125,94.60261541702783,31.379262302632128,12.956762099752273,349.9966828235308,0.004181389346844678,-1150,3,70.0,82.0,262.0
-1150-03-12T06:39:08.297,1301101.548012692,-0.013531920331757484,94.13699057239484,32.31175209402764,13.289210616174659,350.9637688398582,0.0041912314482944356,-1150,3,71.0,83.0,263.0
-1150-03-13T06:38:03.367,1301102.547261189,0.020868037176469005,93.71455982541002,33.24647935529029,13.61814902979089,351.9305500384677,0.004201897179158301,-1150,3,72.0,84.0,264.0
-1150-03-14T06:36:36.794,1301103.546259185,-0.022602476803371817,93.24898076320187,34.18300824261705,13.943320996454682,352.8965341207833,0.004215538147459849,-1150,3,73.0,85.0,265.0
-1150-03-15T06:35:31.864,1301104.545507682,0.014046623535422917,92.82669946745048,35.121842775931164,14.2647997671055,353.862198580818,0.004234078591400392,-1150,3,74.0,86.0,266.0
-1150-03-16T06:34:05.291,1301105.5445056781,-0.027434320223491376,92.3613693772929,36.06254875331549,14.582336021958604,354.82705462505373,0.004259044311813897,-1150,3,75.0,87.0,267.0
-1150-03-17T06:33:00.361,1301106.543754175,0.011068563533641216,91.93942884084234,37.00563693421189,14.896002422026603,355.79158576210864,0.004291493390798359,-1150,3,76.0,88.0,268.0
-1150-03-18T06:31:33.788,1301107.542752171,-0.028813170528364587,91.47452342143357,37.95067586206284,15.205556565329806,356.7553139312172,0.004331897188931413,-1150,3,77.0,89.0,269.0
-1150-03-19T06:30:28.858,1301108.542000668,0.011121158719199309,91.05308316153025,38.898182877207745,15.511069718349342,357.71873479228566,0.004380183110487071,-1150,3,78.0,90.0,270.0
-1150-03-20T06:29:02.285,1301109.540998664,-0.02757556088678736,90.58874514535178,39.84772756357175,15.812305665947934,358.6813843542024,0.004435677526320512,-1150,3,79.0,91.0,271.0
-1150-03-21T06:27:57.355,1301110.540247161,0.013348287814900453,90.16793318593805,40.79983101792813,16.109333025451576,359.64376999671714,0.004497270698821611,-1150,3,80.0,92.0,272.0
-1150-03-22T06:26:30.782,1301111.539245157,-0.02459236409112287,89.7042789743257,41.75405979161969,16.40192077128843,0.6054373715135506,0.004563412997650211,-1150,3,81.0,93.0,273.0
-1150-03-23T06:25:25.852,1301112.538493654,0.01686959747169807,89.28420448255756,42.71093415123687,16.69013359062311,1.5668981512232414,0.004632366201455828,-1150,3,82.0,94.0,274.0
-1150-03-24T06:23:59.279,1301113.5374916499,-0.02074829893719692,88.82134089161727,43.67001269199055,16.973744877805956,2.52769865919894,0.0047022071933665085,-1150,3,83.0,95.0,275.0
-1150-03-25T06:22:54.349,1301114.536740147,0.020800913725391345,88.40211247249441,44.631810501604676,17.252814576970113,3.488346485680368,0.004771084972569807,-1150,3,84.0,96.0,276.0
-1150-03-26T06:21:27.776,1301115.535738143,-0.016922942971071733,87.94015344129126,45.5958745781208,17.527120357827616,4.448382193692878,0.004837177438561638,-1150,3,85.0,97.0,277.0
-1150-03-27T06:20:22.846,1301116.5349866399,0.024270666165256943,87.52189208124564,46.56271242621751,17.79671727227655,5.408305737400718,0.0048988916561483005,-1150,3,86.0,98.0,278.0
-1150-03-28T06:18:56.273,1301117.533984636,-0.013977578866295146,87.06096665014518,47.53185798196818,18.061387707624444,6.367650851687326,0.004954770757343843,-1150,3,87.0,99.0,279.0
-1150-03-29T06:17:51.343,1301118.533233133,0.026429621647173097,86.64380921368443,48.503810639762094,18.32118210692582,7.32691066411717,0.0050036358075626775,-1150,3,88.0,100.0,280.0
-1150-03-30T06:16:24.770,1301119.532231129,-0.0127485007418602,86.18406166522044,49.478091137745665,18.57588826774844,8.285613672101901,0.0050444868409627915,-1150,3,89.0,101.0,281.0
-1150-03-31T06:15:19.840,1301120.531479626,0.026455325775934936,85.76815941735806,50.45519079869639,18.825552389652845,9.244247905736227,0.0050766116314042535,-1150,3,90.0,102.0,282.0
-1150-04-01T06:13:53.267,1301121.5304776218,-0.01404381978198329,85.30974742473425,51.434616970150294,19.069968330596407,10.202337970661095,0.005099522829499094,-1150,4,91.0,103.0,283.0
-1150-04-02T06:12:48.337,1301122.529726119,0.023555111693711436,84.89526482406072,52.41685234871572,19.30917830913577,11.160367769612263,0.0051130506567944505,-1150,4,92.0,104.0,284.0
-1150-04-03T06:11:21.764,1301123.5287241149,-0.018639611766384394,84.43835909202402,53.40138987151057,19.54298278376644,12.117858737860967,0.005117338100542311,-1150,4,93.0,105.0,285.0
-1150-04-04T06:10:16.834,1301124.5279726118,0.016971749993145737,84.02547427613034,54.38870214614946,19.771420194169938,13.075291456576412,0.005112917580077077,-1150,4,94.0,106.0,286.0
-1150-04-05T06:08:50.261,1301125.526970608,-0.027271795575992734,83.57025930079702,55.378266065903595,19.99429815268494,14.032185228600609,0.005100747641816751,-1150,4,95.0,107.0,287.0
-1150-04-06T06:07:45.331,1301126.5262191049,0.005993998668262391,83.15916466464456,56.37054263148414,20.211651637102708,14.989018422499546,0.0050822277852069254,-1150,4,96.0,108.0,288.0
-1150-04-07T06:06:40.401,1301127.5254676018,0.037926719993997646,82.74903887640257,57.365241751626534,20.423348532274932,15.945548486954278,0.005059191231882789,-1150,4,97.0,109.0,289.0
-1150-04-08T06:05:13.828,1301128.524465598,-0.010034220735615818,82.29673975141553,58.3620646545493,20.62926390812592,16.90153138506596,0.005033813541655837,-1150,4,98.0,110.0,290.0
-1150-04-09T06:04:08.898,1301129.523714095,0.01906249675634988,81.88871694104074,59.361457808055725,20.829428799757313,17.857439434107132,0.0050084364887500845,-1150,4,99.0,111.0,291.0
-1150-04-10T06:02:42.325,1301130.5227120908,-0.031724475373777025,81.43862576474172,60.36286353391951,21.02367265755359,18.812783132591402,0.004985413830831651,-1150,4,100.0,112.0,292.0
-1150-04-11T06:01:37.395,1301131.521960588,-0.0057726411162122085,81.0329252958905,61.36672611377879,21.212024887850713,19.76802926975001,0.004966852103944263,-1150,4,101.0,113.0,293.0
-1150-04-12T06:00:32.465,1301132.521209085,0.018442855577907286,80.62846496585425,62.37273711076753,21.394370330776965,20.722926328981398,0.004954467135879629,-1150,4,102.0,114.0,294.0
-1150-04-13T05:59:05.892,1301133.5202070808,-0.037195812346807335,80.18209515209332,63.38058738792553,21.570602164900947,21.677226655470566,0.004949430862437369,-1150,4,103.0,115.0,295.0
-1150-04-14T05:58:00.962,1301134.5194555777,-0.016618132955287107,79.78027167813356,64.39072822288674,21.74074763778697,22.63140653618817,0.004952314077131716,-1150,4,104.0,116.0,296.0
-1150-04-15T05:56:56.032,1301135.518704075,0.0019601044197495405,79.37983331171579,65.4028549577704,21.904702791589248,23.585231799642,0.004963097871537353,-1150,4,105.0,117.0,297.0
-1150-04-16T05:55:51.102,1301136.5179525719,0.018446261760641684,78.98082140684302,66.41691698165533,22.062410644562465,24.538715117667778,0.004981218009292077,-1150,4,106.0,118.0,298.0
-1150-04-17T05:54:46.172,1301137.5172010688,0.032746781924767106,78.58327431063306,67.43286464173323,22.213816125479322,25.491875698410723,0.005005648485004277,-1150,4,107.0,119.0,299.0
-1150-04-18T05:53:19.599,1301138.516199065,-0.03273245309003846,78.14402636897874,68.45039310954442,22.358830421122736,26.444498873183054,0.005034991132447104,-1150,4,108.0,120.0,300.0
-1150-04-19T05:52:14.669,1301139.5154475619,-0.022970609625273832,77.74951818775821,69.46996260231977,22.497474771974836,27.397089666021998,0.005067611886680615,-1150,4,109.0,121.0,301.0
-1150-04-20T05:51:09.739,1301140.5146960588,-0.015672074553929168,77.35657905032262,70.49126664638487,22.629662248050533,28.349437741842348,0.005101704244458413,-1150,4,110.0,122.0,302.0
-1150-04-21T05:50:04.810,1301141.5139445558,-0.010928992035225448,76.96524326996028,71.51425142836915,22.75534481349946,29.301571353037513,0.0051354228959062985,-1150,4,111.0,123.0,303.0
-1150-04-22T05:48:59.880,1301142.5131930527,-0.008832023597119671,76.57554616737383,72.53886018977333,22.874476203337675,30.25351721243124,0.005166970971092674,-1150,4,112.0,124.0,304.0
-1150-04-23T05:47:54.950,1301143.5124415497,-0.009469998289106225,76.18752459632289,73.5650326819981,22.987011986594766,31.20529973458123,0.005194675980150883,-1150,4,113.0,125.0,305.0
-1150-04-24T05:46:50.020,1301144.5116900469,-0.012929619533596117,75.8012172775512,74.59270478698598,23.092909647490284,32.15694071847426,0.005217044276183703,-1150,4,114.0,126.0,306.0
-1150-04-25T05:45:45.090,1301145.5109385438,-0.01929522318824679,75.41666495977454,75.621808309178,23.19212868004656,33.10845938386046,0.005232796100838029,-1150,4,115.0,127.0,307.0
-1150-04-26T05:44:40.160,1301146.5101870408,-0.028648589663714377,75.03391044270909,76.6522709200878,23.284630693059533,34.05987262994197,0.005240887298929727,-1150,4,116.0,128.0,308.0
-1150-04-27T05:43:56.874,1301147.5096860388,0.03529252261842221,74.6962066411346,77.6842750083152,23.370400168345675,35.01143385252748,0.005240523369751973,-1150,4,117.0,129.0,309.0
-1150-04-28T05:42:51.944,1301148.5089345358,0.019588315306220273,74.31719035383992,78.71722283670817,23.449360281041333,35.962679333330314,0.005231175918977748,-1150,4,118.0,130.0,310.0
-1150-04-29T05:41:47.014,1301149.5081830327,0.0006651001619730528,73.94011345003838,79.75128849131869,23.521502001107955,36.913859395196695,0.005212598337705477,-1150,4,119.0,131.0,311.0
-1150-04-30T05:40:42.084,1301150.5074315297,-0.02154720823294676,73.56502644684487,80.78638351775146,23.586796518420766,37.864984593968515,0.0051848451211234225,-1150,4,120.0,132.0,312.0
-1150-05-01T05:39:58.798,1301151.5069305277,0.02868431793300212,73.23519440693363,81.82267504162229,23.645231489027104,38.816302737997006,0.005148292450629094,-1150,5,121.0,133.0,313.0
-1150-05-02T05:38:53.868,1301152.5061790247,-0.00045275579359933333,72.86425879697863,82.85954630786898,23.6967543107649,39.76734525349694,0.005103715779075491,-1150,5,122.0,134.0,314.0
-1150-05-03T05:37:48.938,1301153.5054275217,-0.033068920861103614,72.4954781839234,83.89715461656996,23.7413601521128,40.7183576539643,0.005052274043797116,-1150,5,123.0,135.0,315.0
-1150-05-04T05:37:05.651,1301154.5049265197,0.0061423801272865826,72.17213512815633,84.93565256636255,23.779040364022993,41.66958380860925,0.004995550094627114,-1150,5,124.0,136.0,316.0
-1150-05-05T05:36:00.721,1301155.5041750167,-0.03374214065773886,71.80786067384066,85.97440620985769,23.80976208159796,42.620549770422926,0.004935574707220444,-1150,5,125.0,137.0,317.0
-1150-05-06T05:35:17.435,1301156.5036740147,-0.0021867758095031873,71.48915549009064,87.01381762586995,23.833530055638548,43.571730985083725,0.004874627791995475,-1150,5,126.0,138.0,318.0
-1150-05-07T05:34:34.148,1301157.5031730128,0.025407293111667447,71.17286699423211,88.05350352603402,23.850328391501296,44.52288188524568,0.004815166100091703,-1150,5,127.0,139.0,319.0
-1150-05-08T05:33:29.218,1301158.5024215097,-0.0257778729865039,70.81586165233831,89.0930780713587,23.86015142272314,45.47375071716008,0.004759544160260756,-1150,5,128.0,140.0,320.0
-1150-05-09T05:32:45.932,1301159.5019205078,-0.006076016727801545,70.50463936521082,90.13293746188843,23.86300306382118,46.42479654959223,0.0047097302818245885,-1150,5,129.0,141.0,321.0
-1150-05-10T05:32:02.645,1301160.5014195056,0.009553423763925867,70.1960588393799,91.17269870717278,23.85888180579366,47.37576313844903,0.004667189868930321,-1150,5,130.0,142.0,322.0
-1150-05-11T05:31:19.359,1301161.5009185036,0.02107139251681751,69.89019509507389,92.21224404888675,23.847792080666675,48.3266371028299,0.004632711844363802,-1150,5,131.0,143.0,323.0
-1150-05-12T05:30:36.072,1301162.5004175017,0.028436963410123913,69.58712030179447,93.25146152429092,23.829740730303044,49.27741284722434,0.0046064065667511134,-1150,5,132.0,144.0,324.0
-1150-05-13T05:29:52.786,1301163.4999164997,0.03160776865451342,69.28690306254036,94.29024528442415,23.80473687527499,50.22809359895387,0.004587773535287749,-1150,5,133.0,145.0,325.0
-1150-05-14T05:29:09.499,1301164.4994154978,0.030540667522052124,68.98960843665796,95.32849530002784,23.772791844964125,51.178690564978126,0.004575819151383373,-1150,5,134.0,146.0,326.0
-1150-05-15T05:28:26.212,1301165.4989144956,0.025192395237601216,68.69529843524776,96.36611675363118,23.73391914961192,52.1292211354612,0.004569188470781072,-1150,5,135.0,147.0,327.0
-1150-05-16T05:27:42.926,1301166.4984134936,0.015520092242161132,68.40403270757956,97.40301935204671,23.68813447392022,53.079706917318894,0.004566286795978468,-1150,5,136.0,148.0,328.0
-1150-05-17T05:26:59.639,1301167.4979124917,0.0014817371638540682,68.1158692503508,98.43911666959241,23.6354556819303,54.030171996342766,0.004565383018541333,-1150,5,137.0,149.0,329.0
-1150-05-18T05:26:16.353,1301168.4974114897,-0.01696347672555543,67.83086505885424,99.47432555938578,23.57590283232344,54.98064154037808,0.004564697567178292,-1150,5,138.0,150.0,330.0
-1150-05-19T05:25:54.709,1301169.4971609886,0.033311082076654897,67.59229928307441,100.5088247234276,23.5094807056168,55.931378961313285,0.004562479095076682,-1150,5,139.0,151.0,331.0
-1150-05-20T05:25:11.423,1301170.4966599867,0.005787425891113224,67.31379879507504,101.54201768620877,23.436247130654415,56.88193226993209,0.004557075442618117,-1150,5,140.0,152.0,332.0
-1150-05-21T05:24:28.136,1301171.4961589847,-0.026254991926008327,67.03863047764843,102.5740877131883,23.356213156197313,57.8325629195097,0.004546987408554844,-1150,5,141.0,153.0,333.0
-1150-05-22T05:24:06.493,1301172.4959084836,0.009894251565094785,66.81008984433223,103.6052186170699,23.269385347364643,58.7835310002259,0.004530907087563259,-1150,5,142.0,154.0,334.0
-1150-05-23T05:23:23.206,1301173.4954074817,-0.03142978718008262,66.54178366426991,104.63482068197912,23.175838756124975,59.734380284036575,0.004507763639243083,-1150,5,143.0,155.0,335.0
-1150-05-24T05:23:01.563,1301174.4951569806,-0.004891383053004986,66.32023656012424,105.66333822591024,23.075560441909968,60.68560636697421,0.00447671082667808,-1150,5,144.0,156.0,336.0
-1150-05-25T05:22:39.920,1301175.4949064797,0.01674372232612572,66.10227971459949,106.69044238575506,22.96860939364225,61.63698879765448,0.004437180908870574,-1150,5,145.0,157.0,337.0
-1150-05-26T05:22:18.277,1301176.4946559786,0.03345659790373391,65.88798334122139,107.71606359406725,22.855024458910947,62.58854451203449,0.004388881188182513,-1150,5,146.0,158.0,338.0
-1150-05-27T05:21:34.990,1301177.4941549767,-0.02687440930807943,65.63419616903361,108.73987694066473,22.73487791276815,63.54005125445116,0.004331831660661441,-1150,5,147.0,159.0,339.0
-1150-05-28T05:21:13.347,1301178.4939044756,-0.019928525875563933,65.4274388650674,109.76232806534371,22.608153399225102,64.49200164665511,0.004266321891560749,-1150,5,148.0,160.0,340.0
-1150-05-29T05:20:51.703,1301179.4936539747,-0.017940190852932445,65.22455628468238,110.78309335180491,22.474926683683485,65.44417237585678,0.004193013852333126,-1150,5,149.0,161.0,341.0
-1150-05-30T05:20:30.060,1301180.4934034736,-0.020912267661250247,65.02562264495243,111.80210635901018,22.33524694252261,66.39657789716922,0.004112907026706409,-1150,5,150.0,162.0,342.0
-1150-05-31T05:20:08.417,1301181.4931529725,-0.028842428490941638,64.83071312144331,112.81930052067746,22.18916618651552,67.34923157695926,0.004027372177226693,-1150,5,151.0,163.0,343.0
-1150-06-01T05:20:08.417,1301182.4931529725,0.02980090044351148,64.68314023626232,113.83486266547695,22.03670043922468,68.30238358094498,0.0039381349128400096,-1150,6,152.0,164.0,344.0
-1150-06-02T05:19:46.774,1301183.4929024717,0.011874595555599343,64.49652048425126,114.84821523832558,21.87798424854087,69.25556410917794,0.0038473315148633137,-1150,6,153.0,165.0,345.0
-1150-06-03T05:19:25.130,1301184.4926519706,-0.010961653274998418,64.31416055918395,115.85954231865963,21.71304156910434,70.20901369329694,0.003757270944955273,-1150,6,154.0,166.0,346.0
-1150-06-04T05:19:25.130,1301185.4926519706,0.03254124973004929,64.17937935522491,116.86902433219173,21.541893211605775,71.1629649814399,0.003670320072166492,-1150,6,155.0,167.0,347.0
-1150-06-05T05:19:03.487,1301186.4924014695,-0.00012456521310968478,64.0058054259724,117.87608279112405,21.364692140620757,72.11692487367809,0.003588724993750806,-1150,6,156.0,168.0,348.0
-1150-06-06T05:19:03.487,1301187.4924014695,0.033443071467838745,63.87998382610834,118.88115104440841,21.181418989423165,73.07134970220332,0.0035142076681181685,-1150,6,157.0,169.0,349.0
-1150-06-07T05:18:41.844,1301188.4921509686,-0.008887127456518266,63.71554867997282,119.88365821726644,20.99223648717509,74.02573812258532,0.003447925179580705,-1150,6,158.0,170.0,350.0
-1150-06-08T05:18:41.844,1301189.4921509686,0.014924920653005434,63.59905367371833,120.88404572516201,20.79712159140194,74.98054960859368,0.0033902223018484967,-1150,6,159.0,171.0,351.0
-1150-06-09T05:18:41.844,1301190.4921509686,0.03388940402622422,63.4873498586911,121.88200924458341,20.596193065863794,75.93553466903565,0.00334077329698739,-1150,6,160.0,172.0,352.0
-1150-06-10T05:18:20.200,1301191.4919004675,-0.022673714799724923,63.33728801417122,122.87725579542152,20.389575566065627,76.89045308200389,0.00329864253363794,-1150,6,161.0,173.0,353.0
-1150-06-11T05:18:20.200,1301192.4919004675,-0.013209592028528463,63.23542409795553,123.87024901290562,20.177237732684812,77.845790557602,0.0032624328964977124,-1150,6,162.0,174.0,354.0
-1150-06-12T05:18:20.200,1301193.4919004675,-0.008467203925875234,63.13859168957584,124.86071222440661,19.95930293595337,78.80132083047546,0.003230520739005177,-1150,6,163.0,175.0,355.0
-1150-06-13T05:18:20.200,1301194.4919004675,-0.008404382278804839,63.046863084374515,125.84862570150071,19.735843741614868,79.75706050060138,0.0032011522549601178,-1150,6,164.0,176.0,356.0
-1150-06-14T05:18:20.200,1301195.4919004675,-0.012978499954895337,62.960307219652854,126.83397614180193,19.50693308294001,80.71302815890299,0.003172554203436228,-1150,6,165.0,177.0,357.0
-1150-06-15T05:18:20.200,1301196.4919004675,-0.02214615890950482,62.8789902241836,127.81675596110696,19.27264434822131,81.66924332703644,0.0031430020596819805,-1150,6,166.0,178.0,358.0
-1150-06-16T05:18:41.844,1301197.4921509686,0.034520061219731855,62.84622703336256,128.7972079299898,19.032990771872463,82.62596542649894,0.0031108634400319308,-1150,6,167.0,179.0,359.0
-1150-06-17T05:18:41.844,1301198.4921509686,0.01625406793297972,62.77558980546985,129.77484316967195,18.78816689664195,83.58273490371873,0.003074676114955241,-1150,6,168.0,180.0,360.0
-1150-06-18T05:18:41.844,1301199.4921509686,-0.006465076382907258,62.71037955451349,130.74991401772073,18.538188481216412,84.53981061188837,0.003033140049016038,-1150,6,169.0,181.0,361.0
-1150-06-19T05:18:41.844,1301200.4921509686,-0.033588870884979374,62.650654394751186,131.72243086620236,18.283131307924418,85.49721141702379,0.0029851801371777306,-1150,6,170.0,182.0,362.0
-1150-06-20T05:19:03.487,1301201.4924014695,0.0051806238596549025,62.63974617840359,132.6926503557287,18.023006101504574,86.45519576235343,0.0029299465162235185,-1150,6,171.0,183.0,363.0
-1150-06-21T05:19:03.487,1301202.4924014695,-0.030632571538453546,62.59118371950314,133.6601037405351,17.758020419430135,87.41330202635353,0.0028668890535943894,-1150,6,172.0,184.0,364.0
-1150-06-22T05:19:25.130,1301203.4926519706,-0.00047635278505076353,62.59155639362611,134.62529582253046,17.48811962074342,88.3720283198138,0.00279567251798547,-1150,6,173.0,185.0,365.0
-1150-06-23T05:19:46.774,1301204.4929024717,0.025467920599708406,62.59764944838067,135.58800660860342,17.213448499844745,89.3311528300129,0.0027163007458603297,-1150,6,174.0,186.0,366.0
-1150-06-24T05:19:46.774,1301205.4929024717,-0.022955384100313336,62.5662675298215,136.54802085139292,16.934157596354954,90.29045352342129,0.002629095612044476,-1150,6,175.0,187.0,1.0
-1150-06-25T05:20:08.417,1301206.4931529725,-0.005236242414897435,62.583986134036344,137.50584639205815,16.650188012301896,91.25042954375293,0.0025346341653648954,-1150,6,176.0,188.0,2.0
-1150-06-26T05:20:30.060,1301207.4934034736,0.008481401033033699,62.60759395699567,138.4612708882064,16.361691318896867,92.21085924651518,0.0024338842463561177,-1150,6,177.0,189.0,3.0
-1150-06-27T05:20:51.703,1301208.4936539747,0.018274670203676846,62.637144427695425,139.4143238810766,16.06875099431538,93.17176092019602,0.0023281173440266633,-1150,6,178.0,190.0,4.0
-1150-06-28T05:21:13.347,1301209.4939044756,0.024224389175071515,62.67268898313753,140.36503540256356,15.771451986203255,94.13315178229735,0.0022189222185861677,-1150,6,179.0,191.0,5.0
-1150-06-29T05:21:34.990,1301210.4941549767,0.02641586788848551,62.71427706151135,141.31343523765233,15.469880940942339,95.09504670024847,0.0021081836971572707,-1150,6,180.0,192.0,6.0
-1150-06-30T05:21:56.633,1301211.4944054775,0.02493983467309125,62.761956215390256,142.2595520694885,15.16412645556307,96.05745623541044,0.001998028012662739,-1150,6,181.0,193.0,7.0
-1150-07-01T05:22:18.277,1301212.4946559786,0.019893301059406385,62.81577244001493,143.20341263511128,14.854279287861939,97.02038414660858,0.0018907114018043097,-1150,7,182.0,194.0,8.0
-1150-07-02T05:22:39.920,1301213.4949064797,0.011379956772277895,62.8757707590613,144.14504115677025,14.540432421400013,97.9838250673936,0.0017884407861438701,-1150,7,183.0,195.0,9.0
-1150-07-03T05:23:01.563,1301214.4951569806,-0.0004903980237129091,62.94199591463373,145.0844594131296,14.222680866364486,98.94776372490895,0.0016931424829605864,-1150,7,184.0,196.0,10.0
-1150-07-04T05:23:23.206,1301215.4954074817,-0.015603619026743764,63.01449274172203,146.02168771160575,13.901121131485889,99.91217701699146,0.001606224923733361,-1150,7,185.0,197.0,11.0
-1150-07-05T05:23:44.850,1301216.4956579825,-0.03384384564321008,63.09330572037217,146.95674672951606,13.575850413989674,100.87703894988117,0.0015283971403042937,-1150,7,186.0,198.0,12.0
-1150-07-06T05:24:28.136,1301217.4961589847,0.015502781426446056,63.22177031774553,147.88989319717592,13.246882867895742,101.84256834846427,0.0014595787193950635,-1150,7,187.0,199.0,13.0
-1150-07-07T05:24:49.780,1301218.4964094856,-0.00859347517253695,63.31335648205535,148.82068805562656,12.91447917238569,102.80826606061589,0.0013990185695038058,-1150,7,188.0,200.0,14.0
-1150-07-08T05:25:33.066,1301219.4969104875,0.03526406837823467,63.45465935354426,149.74963207667668,12.578567277874626,103.77460872579547,0.0013453347195747207,-1150,7,189.0,201.0,15.0
-1150-07-09T05:25:54.709,1301220.4971609886,0.005759361166740188,63.55915835176963,150.67630153032704,12.23940812714795,104.74111282066818,0.001296843785807497,-1150,7,190.0,202.0,16.0
-1150-07-10T05:26:16.353,1301221.4974114897,-0.026325106082639237,63.6701396728354,151.60097734906367,11.897009219467954,105.70802584184781,0.0012516623132591222,-1150,7,191.0,203.0,17.0
-1150-07-11T05:26:59.639,1301222.4979124917,0.010078842186569948,63.83092221730379,152.5239444390757,11.551373547941212,106.67559887628376,0.0012079040173416215,-1150,7,192.0,204.0,18.0
-1150-07-12T05:27:21.283,1301223.4981629928,-0.026801142360464984,63.95493141417212,153.44479984829044,11.202763154252754,107.64335795724433,0.0011638045595010445,-1150,7,193.0,205.0,19.0
-1150-07-13T05:28:04.569,1301224.4986639947,0.005177125499929446,64.12876368350278,154.36406848376103,10.851091682346258,108.61179933803605,0.0011176953615337434,-1150,7,194.0,206.0,20.0
-1150-07-14T05:28:47.856,1301225.4991649967,0.03514319638391205,64.30911943164101,155.28158702174943,10.496533768446316,109.58069282300993,0.0010681089233741362,-1150,7,195.0,207.0,21.0
-1150-07-15T05:29:09.499,1301226.4994154978,-0.008173920645268064,64.45272012670763,156.19719728130067,10.139266511973412,110.5498081712171,0.0010137721256324168,-1150,7,196.0,208.0,22.0
-1150-07-16T05:29:52.786,1301227.4999164997,0.017946041444377173,64.64613335422501,157.11143182929632,9.779197908787175,111.51964366827674,0.0009535853900221331,-1150,7,197.0,209.0,23.0
-1150-07-17T05:30:14.429,1301228.5001670006,-0.029236243432904985,64.80276328455132,158.02390959526218,9.416594939473573,112.48972696297923,0.0008867453305443977,-1150,7,198.0,210.0,24.0
-1150-07-18T05:30:57.715,1301229.5006680028,-0.006599005107651961,65.00919961671822,158.93516695413345,9.05136252817603,113.46055781664234,0.0008126440564959362,-1150,7,199.0,211.0,25.0
-1150-07-19T05:31:41.002,1301230.5011690047,0.014489657044190888,65.22212059467044,159.84505688529282,8.683677648926441,114.43190799364847,0.0007310001590751664,-1150,7,200.0,212.0,26.0
-1150-07-20T05:32:24.289,1301231.5016700067,0.03411724952752192,65.44150846982951,160.7536631128183,8.313626836656962,115.40379314028407,0.0006418104848814559,-1150,7,201.0,213.0,27.0
-1150-07-21T05:32:45.932,1301232.5019205078,-0.01967928274780159,65.62404661975157,161.6608440027743,7.941390317120972,116.37598653488514,0.0005454074716992218,-1150,7,202.0,214.0,28.0
-1150-07-22T05:33:29.218,1301233.5024215097,-0.002850621255287566,65.8563100353015,162.56714064720475,7.566868708306155,117.34899317815739,0.00044237335693140726,-1150,7,203.0,215.0,29.0
-1150-07-23T05:34:12.505,1301234.5029225117,0.012765560146597537,66.09496702593668,163.472413327864,7.190242560892257,118.32258881082784,0.000333688219870767,-1150,7,204.0,216.0,30.0
-1150-07-24T05:34:55.792,1301235.5034235136,0.0272500624586154,66.3399870452581,164.37675010440265,6.8116001998024,119.29679323809098,0.00022062380340184004,-1150,7,205.0,217.0,31.0
-1150-07-25T05:35:17.435,1301236.5036740147,-0.03188095346845268,66.54802728841575,165.28001283365256,6.431126389632282,120.27138197662325,0.00010476982298930898,-1150,7,206.0,218.0,32.0
-1150-07-26T05:36:00.721,1301237.5041750167,-0.019560287361819743,66.80567364458656,166.1827411884643,6.048720940028892,121.24686151432108,-1.212288758464591e-05,-1150,7,207.0,219.0,33.0
-1150-07-27T05:36:44.008,1301238.5046760186,-0.008132707614899329,67.0695709565147,167.08479471630736,5.6645707114088975,122.2230032566794,-0.00012802409630119943,-1150,7,208.0,220.0,34.0
-1150-07-28T05:37:27.295,1301239.5051770208,0.002484059092365285,67.33967563851512,167.98625706976406,5.278769209393876,123.19981766130017,-0.00024082297548621345,-1150,7,209.0,221.0,35.0
-1150-07-29T05:38:10.581,1301240.5056780227,0.012374751399755904,67.61594122380974,168.88720882991169,4.891411898306798,124.17730808716892,-0.0003484222445433677,-1150,7,210.0,222.0,36.0
-1150-07-30T05:38:53.868,1301241.5061790247,0.021627232238283264,67.89831891993352,169.78772671561427,4.502596388522409,125.15546906176765,-0.000448906765792538,-1150,7,211.0,223.0,37.0
-1150-07-31T05:39:37.154,1301242.5066800267,0.030332559037038617,68.18675838106999,170.68788311848223,4.11242244681606,126.13428589184744,-0.0005407439515367927,-1150,7,212.0,224.0,38.0
-1150-08-01T05:39:58.798,1301243.5069305277,-0.03497605227184839,68.43788714356677,171.58752099504832,3.7210898856172454,127.11349113774541,-0.0006229592610171596,-1150,8,213.0,225.0,39.0
-1150-08-02T05:40:42.084,1301244.5074315297,-0.027235384070266037,68.7382985894428,172.48715599219054,3.328505651136639,128.09354959763075,-0.0006953545177676867,-1150,8,214.0,226.0,40.0
-1150-08-03T05:41:25.371,1301245.5079325316,-0.01976315649878909,69.04461619962005,173.3866263716229,2.934871084612602,129.0741916029364,-0.00075842276114316,-1150,8,215.0,227.0,41.0
-1150-08-04T05:42:08.657,1301246.5084335338,-0.012470952673956063,69.35678531555152,174.28599636828775,2.54028932973103,130.05539737459642,-0.0008133557651651885,-1150,8,216.0,228.0,42.0
-1150-08-05T05:42:51.944,1301247.5089345358,-0.00527598104835648,69.6747477326909,175.18533277695298,2.1448624871269555,131.03715322433098,-0.0008618493254655168,-1150,8,217.0,229.0,43.0
-1150-08-06T05:43:35.230,1301248.5094355377,0.0018980021708925484,69.99844061510099,176.08470627331116,1.7486912264937384,132.01945095170967,-0.0009058835257890601,-1150,8,218.0,230.0,44.0
-1150-08-07T05:44:18.517,1301249.5099365397,0.009120411305482317,70.32779605115361,176.98419195950538,1.3518747313723745,133.00228636751868,-0.000947512125927586,-1150,8,219.0,231.0,45.0
-1150-08-08T05:45:01.804,1301250.5104375416,0.016453987149475442,70.66274118512244,177.88386924816646,0.9545108875392456,133.98565788487053,-0.000988702380873715,-1150,8,220.0,232.0,46.0
-1150-08-09T05:45:45.090,1301251.5109385438,0.023955182363910282,71.0031986723296,178.783821361594,0.5566965799040353,134.96956557711778,-0.0010312397072709957,-1150,8,221.0,233.0,47.0
-1150-08-10T05:46:28.377,1301252.5114395458,0.03167459930679316,71.34908721257922,179.68413472184804,0.15852798752814673,135.95401069702365,-0.0010766865801178863,-1150,8,222.0,234.0,48.0
-1150-08-11T05:46:50.020,1301253.5116900469,-0.035417228876511574,71.65698640775668,180.58467281052648,-0.23979939433327274,136.93874880994397,-0.0011263590917250474,-1150,8,223.0,235.0,49.0
-1150-08-12T05:47:33.307,1301254.5121910488,-0.02728442733093967,72.01348172260717,181.48597797686077,-0.6383896680747607,137.9242763593381,-0.001181375710947072,-1150,8,224.0,236.0,50.0
-1150-08-13T05:48:16.593,1301255.5126920508,-0.01881259506119225,72.37514464189242,182.3879180078883,-1.037047826196226,138.91035101525614,-0.0012425763894449245,-1150,8,225.0,237.0,51.0
-1150-08-14T05:48:59.880,1301256.5131930527,-0.009971517534971648,72.74188172923776,183.2905879271311,-1.4356786437363664,139.89697812999196,-0.0013105566469397549,-1150,8,226.0,238.0,52.0
-1150-08-15T05:49:43.166,1301257.5136940547,-0.0007359066924457349,73.11359706330843,184.19408442387075,-1.8341868793554261,140.88416442391895,-0.0013856362929398193,-1150,8,227.0,239.0,53.0
-1150-08-16T05:50:26.453,1301258.5141950569,0.008914568701909592,73.49019241557549,185.0985057667185,-2.232477206296271,141.87191831599222,-0.0014678380510832177,-1150,8,228.0,240.0,54.0
-1150-08-17T05:51:09.739,1301259.5146960588,0.01899528178273754,73.87156742527968,186.00395167735988,-2.6304541240511647,142.8602503070877,-0.0015568667951512797,-1150,8,229.0,241.0,55.0
-1150-08-18T05:51:53.026,1301260.5151970608,0.02951674405655041,74.2576197514462,186.9105231087463,-3.0280218305859727,143.84917329700036,-0.0016520927607187657,-1150,8,230.0,242.0,56.0
-1150-08-19T05:52:14.669,1301261.5154475619,-0.035769623703386766,74.60489957840701,187.81809444917852,-3.4249847079578544,144.83845484600096,-0.001752518719857289,-1150,8,231.0,243.0,57.0
-1150-08-20T05:52:57.956,1301262.5159485638,-0.024496008117325618,74.99999493193184,188.72722251756605,-3.8214446516664484,145.82860804293657,-0.0018568917540673021,-1150,8,232.0,244.0,58.0
-1150-08-21T05:53:41.242,1301263.5164495658,-0.012773703963131478,75.3994493365777,189.63778226882627,-4.217204314967142,146.81940417288806,-0.001963584215211414,-1150,8,233.0,245.0,59.0
-1150-08-22T05:54:24.529,1301264.5169505677,-0.0006070306975643666,75.80315285793564,190.5498749194749,-4.612164675629534,147.81086221547372,-0.0020707498608917656,-1150,8,234.0,246.0,60.0
-1150-08-23T05:55:07.816,1301265.51745157,0.01199798913678902,76.2109935206207,191.46360003431082,-5.006225304506954,148.80299938660528,-0.0021763775495652784,-1150,8,235.0,247.0,61.0
-1150-08-24T05:55:51.102,1301266.5179525719,0.02503468176719374,76.62285729872026,192.37905468046534,-5.399284119674669,149.79582915806594,-0.0022783879233481898,-1150,8,236.0,248.0,62.0
-1150-08-25T05:56:34.389,1301267.5184535738,0.038496739134348666,77.03862822317755,193.2963325537864,-5.791237162297383,150.78935938223165,-0.0023747476048607856,-1150,8,237.0,249.0,63.0
-1150-08-26T05:56:56.032,1301268.518704075,-0.02481216484418551,77.41483903953403,194.21529270504385,-6.181880733759043,151.78334181144785,-0.00246358071947573,-1150,8,238.0,250.0,64.0
-1150-08-27T05:57:39.319,1301269.5192050769,-0.010637533468901636,77.8380732595409,195.1364797635132,-6.571302296809395,152.7782673093035,-0.002543404906663122,-1150,8,239.0,251.0,65.0
-1150-08-28T05:58:22.605,1301270.5197060788,0.003956902633613588,78.26485871954775,196.05974246711529,-6.959293413605699,153.773872660876,-0.0026131499846433026,-1150,8,240.0,252.0,66.0
-1150-08-29T05:59:05.892,1301271.5202070808,0.018972716161927833,78.69507624444742,196.98515346187733,-7.345741533960709,154.77013777500608,-0.0026723806436082928,-1150,8,241.0,253.0,67.0
-1150-08-30T05:59:49.178,1301272.520708083,0.03441282809812345,79.12860733081392,197.91277970650415,-7.730532324829503,155.7670394739035,-0.0027213502199432884,-1150,8,242.0,254.0,68.0
-1150-08-31T06:00:10.822,1301273.5209585838,-0.027491902161104823,79.52197894234973,198.84245032479495,-8.113454510123347,156.76430450720753,-0.0027609867407627805,-1150,8,243.0,255.0,69.0
-1150-09-01T06:00:54.108,1301274.5214595858,-0.011303877417850532,79.96178701621017,199.7746899824762,-8.49458364540992,157.76241082107435,-0.002792833816404989,-1150,9,244.0,256.0,70.0
-1150-09-02T06:01:37.395,1301275.521960588,0.005315010983077126,80.4045548188545,200.70932371149314,-8.873707301234932,158.76108989921775,-0.002818820562616418,-1150,9,245.0,257.0,71.0
-1150-09-03T06:02:20.681,1301276.52246159,0.022358865322275375,80.85016241369635,201.64640921007341,-9.250709615340375,159.76032545268492,-0.002841095070505314,-1150,9,246.0,258.0,72.0
-1150-09-04T06:02:42.325,1301277.5227120908,-0.03835433861563255,81.25512663888479,202.585769850633,-9.625381895984784,160.75985276537992,-0.0028618079846168803,-1150,9,247.0,259.0,73.0
-1150-09-05T06:03:25.611,1301278.523213093,-0.02059120991608205,81.7060473245805,203.52793682559295,-9.997797451354671,161.76015962322472,-0.002882976709703627,-1150,9,248.0,260.0,74.0
-1150-09-06T06:04:08.898,1301279.523714095,-0.0024482077365273677,82.15943311661785,204.4727376426093,-10.367748452109433,162.76098418690614,-0.0029063592102549873,-1150,9,249.0,261.0,75.0
-1150-09-07T06:04:52.184,1301280.5242150968,0.016047760311231847,82.6151545265733,205.4202361416348,-10.735121681524436,163.7623161508258,-0.002933433943826227,-1150,9,250.0,262.0,76.0
-1150-09-08T06:05:35.471,1301281.5247160988,0.03486513706483192,83.07308024302296,206.3704970903786,-11.099804240415645,164.76414657821573,-0.002965390463101083,-1150,9,251.0,263.0,77.0
-1150-09-09T06:05:57.114,1301282.5249666,-0.024611440913616053,83.48971568660453,207.32334675439367,-11.461593157055766,165.76621698027756,-0.0030031296666272887,-1150,9,252.0,264.0,78.0
-1150-09-10T06:06:40.401,1301283.5254676018,-0.0053320300478216604,83.95165229569659,208.27932778615985,-11.8205570122195,166.769023370635,-0.003047311487644254,-1150,9,253.0,265.0,79.0
-1150-09-11T06:07:23.687,1301284.5259686038,0.014154882492312004,84.41539047037689,209.23826725498603,-12.17649220038665,167.7723106727177,-0.003098296458577561,-1150,9,254.0,266.0,80.0
-1150-09-12T06:08:06.974,1301285.526469606,0.03380245129541112,84.88079375449895,210.20023034779396,-12.529286060969357,168.77607669342217,-0.003156168199541803,-1150,9,255.0,267.0,81.0
-1150-09-13T06:08:28.617,1301286.5267201068,-0.025263085571075886,85.30436050014471,211.16504006658417,-12.878738810163819,169.78007014729715,-0.0032206854140715254,-1150,9,256.0,268.0,82.0
-1150-09-14T06:09:11.904,1301287.5272211088,-0.005499287775723261,85.7726822895386,212.13324451809623,-13.224912794179104,170.78479708073914,-0.0032913226389894136,-1150,9,257.0,269.0,83.0
-1150-09-15T06:09:55.190,1301288.527722111,0.014267930626293746,86.24225395664087,213.10466714665097,-13.567607328338235,171.7900127869364,-0.003367152013542519,-1150,9,258.0,270.0,84.0
-1150-09-16T06:10:38.477,1301289.528223113,0.03397725675900264,86.71293579901794,214.07937226044956,-13.906709554508465,172.7957277357165,-0.0034469000457509587,-1150,9,259.0,271.0,85.0
-1150-09-17T06:11:00.120,1301290.5284736138,-0.02542502536980848,87.14122147650275,215.05717808595122,-14.24202290935769,173.80170392667816,-0.003528931190129911,-1150,9,260.0,272.0,86.0
-1150-09-18T06:11:43.407,1301291.528974616,-0.006056600298287197,87.61370290442582,216.03863644615495,-14.573601956340488,174.8084616584185,-0.0036113848350226296,-1150,9,261.0,273.0,87.0
-1150-09-19T06:12:26.693,1301292.529475618,0.013060280711354096,88.08687114647589,217.02356256780794,-14.901248317142539,175.81576598056105,-0.003692142374956535,-1150,9,262.0,274.0,88.0
-1150-09-20T06:13:09.980,1301293.5299766199,0.031858076561909136,88.56058345420962,218.01201259878795,-15.224847352022813,176.82363182758223,-0.0037690318615134256,-1150,9,263.0,275.0,89.0
-1150-09-21T06:13:31.623,1301294.530227121,-0.02880318023832949,88.99132852326872,219.00378907473547,-15.544204111020585,177.83181719793146,-0.003839932966246256,-1150,9,264.0,276.0,90.0
-1150-09-22T06:14:14.910,1301295.530728123,-0.010846393987393023,89.46569625969146,219.9994340948953,-15.859362106213032,178.84083154514187,-0.00390299380260733,-1150,9,265.0,277.0,91.0
-1150-09-23T06:14:58.196,1301296.5312291249,0.006609405194155826,89.94017314795578,220.9987379557437,-16.17012335728056,179.85042019370914,-0.003956662680858402,-1150,9,266.0,278.0,92.0
-1150-09-24T06:15:41.483,1301297.5317301268,0.023510141439454884,90.41461328958557,222.0017308377772,-16.47636942627682,180.86057452857474,-0.003999881113045837,-1150,9,267.0,279.0,93.0
-1150-09-25T06:16:03.126,1301298.531980628,-0.03926955263327898,90.84550345124192,223.00818168964204,-16.77790610766403,181.87102760138,-0.004032149605077188,-1150,9,268.0,280.0,94.0
-1150-09-26T06:16:46.413,1301299.5324816299,-0.023608431113872546,91.31943423541392,224.0186070249448,-17.074764538690808,182.88226802136344,-0.004053609181410737,-1150,9,269.0,281.0,95.0
-1150-09-27T06:17:29.699,1301300.5329826318,-0.008629537574805921,91.79289501737485,225.03275864581516,-17.366748332724114,183.89402312804413,-0.004064995331158408,-1150,9,270.0,282.0,96.0
-1150-09-28T06:18:12.986,1301301.533483634,0.005631824285427244,92.26574437996915,226.05063142006694,-17.653737186245788,184.9062722584443,-0.004067618247738542,-1150,9,271.0,283.0,97.0
-1150-09-29T06:18:56.273,1301302.533984636,0.01914362174108275,92.73784225361142,227.0722126317434,-17.935611171992694,185.918994394341,-0.004063241769479893,-1150,9,272.0,284.0,98.0
-1150-09-30T06:19:39.559,1301303.534485638,0.0318761108263885,93.20904937653486,228.09748324921262,-18.212251144599147,186.93216828987158,-0.004053927534907555,-1150,9,273.0,285.0,99.0
-1150-10-01T06:20:01.202,1301304.534736139,-0.03512233153002477,93.6358594324977,229.12616123743138,-18.483471867546672,187.94551852060243,-0.004041861584647955,-1150,10,274.0,286.0,100.0
-1150-10-02T06:20:44.489,1301305.535237141,-0.023989381425535066,94.1048662136283,230.15873421854886,-18.74929266942716,188.95953067994856,-0.0040291727807967425,-1150,10,275.0,287.0,101.0
-1150-10-03T06:21:27.776,1301306.535738143,-0.013715646400826524,94.57256268925838,231.19491467878905,-19.009530057495024,189.9739289230886,-0.004017815814695009,-1150,10,276.0,288.0,102.0
-1150-10-04T06:22:11.062,1301307.5362391449,-0.004330369261301135,95.03880719664191,232.2346700621783,-19.264070899205787,190.98869148505122,-0.004009469893991108,-1150,10,277.0,289.0,103.0
-1150-10-05T06:22:54.349,1301308.536740147,0.004136391666931123,95.5034570770444,233.2779657581506,-19.51280387124937,192.00379753667536,-0.00400549893800737,-1150,10,278.0,290.0,104.0
-1150-10-06T06:23:37.635,1301309.537241149,0.011653917862366263,95.96636888540378,234.32476498099103,-19.75561947203205,193.01922767640613,-0.00400694446869527,-1150,10,279.0,291.0,105.0
-1150-10-07T06:24:20.922,1301310.537742151,0.018191112048112947,96.42739862856898,235.3750285335153,-19.992410028161487,194.0349642690623,-0.004014537522832515,-1150,10,280.0,292.0,106.0
-1150-10-08T06:25:04.208,1301311.538243153,0.02371679322106073,96.88640196587274,236.42871456880465,-20.223069709075553,195.05099165362705,-0.00402871415202125,-1150,10,281.0,293.0,107.0
-1150-10-09T06:25:47.495,1301312.538744155,0.028199912619290772,97.34323435137881,237.48577844534634,-20.44749455931911,196.06729632189612,-0.004049623862425477,-1150,10,282.0,294.0,108.0
-1150-10-10T06:26:30.782,1301313.539245157,0.03160963800449762,97.79775112296814,238.54617271083316,-20.665582546581327,197.08386716758284,-0.004077125945603112,-1150,10,283.0,295.0,109.0
-1150-10-11T06:27:14.068,1301314.539746159,0.033915281654930934,98.24980757024177,239.6098472400999,-20.877233624667515,198.10069590944732,-0.004110773473588287,-1150,10,284.0,296.0,110.0
-1150-10-12T06:27:57.355,1301315.540247161,0.03508609958152028,98.69925901589856,240.6767494946176,-21.082349802479726,199.11777770305028,-0.004149789026795072,-1150,10,285.0,297.0,111.0
-1150-10-13T06:28:40.641,1301316.540748163,0.03509101999378236,99.14596093816252,241.7468248595171,-21.280835214361794,200.13511186473826,-0.004193040928020764,-1150,10,286.0,298.0,112.0
-1150-10-14T06:29:23.928,1301317.541249165,0.03389843392713781,99.5897691340909,242.82001694505936,-21.472596182334513,201.15270244450159,-0.004239033722723728,-1150,10,287.0,299.0,113.0
-1150-10-15T06:30:07.214,1301318.541750167,0.031476230609050755,100.03053987920876,243.896267708252,-21.65754126471472,202.17055822990253,-0.004285929785835432,-1150,10,288.0,300.0,114.0
-1150-10-16T06:30:50.501,1301319.542251169,0.02779228595257277,100.46813000104099,244.9755172338129,-21.835581288995954,203.18869173189134,-0.004331617133174317,-1150,10,289.0,301.0,115.0
-1150-10-17T06:31:33.788,1301320.542752171,0.02281552444113715,100.9023967888955,246.05770304902458,-22.00662937259274,204.2071169786382,-0.004373829913120204,-1150,10,290.0,302.0,116.0
-1150-10-18T06:32:17.074,1301321.5432531731,0.01651748364525143,101.33319777071516,247.14275896953416,-22.170600946247596,205.22584654837578,-0.004410314084288543,-1150,10,291.0,303.0,117.0
-1150-10-19T06:33:00.361,1301322.543754175,0.008874098905912432,101.76039052756184,248.23061359796264,-22.327413798451968,206.24488880340928,-0.00443901630972713,-1150,10,292.0,304.0,118.0
-1150-10-20T06:33:43.647,1301323.544255177,-0.00013267215861820342,102.18383278356467,249.3211887357043,-22.476988162499655,207.2642463239288,-0.004458265233956785,-1150,10,293.0,305.0,119.0
-1150-10-21T06:34:26.934,1301324.544756179,-0.010513667621714249,102.6033828950338,250.41439798901064,-22.619246856984823,208.2839159014325,-0.004466915061034894,-1150,10,294.0,306.0,120.0
-1150-10-22T06:35:10.220,1301325.545257181,-0.022271861757954467,103.01890065016269,251.5101457881248,-22.75411547744827,209.30388965560113,-0.004464431274020471,-1150,10,295.0,307.0,121.0
-1150-10-23T06:35:53.507,1301326.545758183,-0.03540214927442025,103.43024814116974,252.60832692026796,-22.881522625621738,210.3241564646165,-0.0044509127304579845,-1150,10,296.0,308.0,122.0
-1150-10-24T06:36:58.437,1301327.546509686,0.026883871535442482,103.88063784122308,253.70910237043202,-23.00142922226202,211.3449586147843,-0.004427049841314349,-1150,10,297.0,309.0,123.0
-1150-10-25T06:37:41.723,1301328.547010688,0.010920996556644906,104.28323692865261,254.81179700266375,-23.113710578934956,212.36577016175903,-0.004394073312368127,-1150,10,298.0,310.0,124.0
-1150-10-26T06:38:25.010,1301329.54751169,-0.006354307390022433,104.68127068726606,255.9165535773777,-23.218336738255207,213.38683006341188,-0.0043536106020185365,-1150,10,299.0,311.0,125.0
-1150-10-27T06:39:08.297,1301330.548012692,-0.0249071893292853,105.07461457862928,257.02323213523744,-23.315250718381343,214.40811988689399,-0.004307581933518315,-1150,10,300.0,312.0,126.0
-1150-10-28T06:40:13.226,1301331.548764195,0.031508852047044386,105.50649126369267,258.1319641796309,-23.404420989874332,215.42987476487758,-0.0042580478424656875,-1150,10,301.0,313.0,127.0
-1150-10-29T06:40:56.513,1301332.549265197,0.010385287888945218,105.89008435069124,259.24204342118173,-23.48575427099679,216.4515601796238,-0.004207124372468236,-1150,10,302.0,314.0,128.0
-1150-10-30T06:41:39.800,1301333.549766199,-0.011879743565491936,106.26862962889997,260.35359234669386,-23.559229562036812,217.47340671427966,-0.004156783352169928,-1150,10,303.0,315.0,129.0
-1150-10-31T06:42:23.086,1301334.5502672011,-0.03523176023113649,106.64201210048523,261.4664537416477,-23.624806961053377,218.49538762174626,-0.004108799654858964,-1150,10,304.0,316.0,130.0
-1150-11-01T06:43:28.016,1301335.551018704,0.01599352589314631,107.05345095505359,262.5807481079517,-23.6824644234456,219.51773130437533,-0.004064657548611006,-1150,11,305.0,317.0,131.0
-1150-11-02T06:44:11.303,1301336.5515197061,-0.009505707897748876,107.41615680836482,263.6957584924623,-23.7321420275865,220.5398985939494,-0.004025555727210979,-1150,11,306.0,318.0,132.0
-1150-11-03T06:44:54.589,1301337.552020708,-0.03591271405020325,107.77336304019549,264.8116046585984,-23.77382857835349,221.5621190480585,-0.003992330055329079,-1150,11,307.0,319.0,133.0
-1150-11-04T06:45:59.519,1301338.5527722111,0.011978141296659568,108.16828728231292,265.9284076496278,-23.807509295750133,222.58462394342658,-0.003965500307386578,-1150,11,308.0,320.0,134.0
-1150-11-05T06:46:42.806,1301339.553273213,-0.016198961157775815,108.51415603314743,267.04545046926995,-23.83314950504257,223.6068788026565,-0.003945297566406961,-1150,11,309.0,321.0,135.0
-1150-11-06T06:47:47.735,1301340.5540247161,0.029736860363104217,108.89753518641483,268.16313549456527,-23.85074859484573,224.62937529742482,-0.003931633206319003,-1150,11,310.0,322.0,136.0
-1150-11-07T06:48:31.022,1301341.554525718,6.337936081967824e-05,109.2316451571104,269.28074752186154,-23.8602886317813,225.6515839440235,-0.00392414450417203,-1150,11,311.0,323.0,137.0
-1150-11-08T06:49:14.309,1301342.55502672,-0.030175087463501157,109.55973112420894,270.39841234488284,-23.861770168247176,226.67374607068143,-0.003922162453157288,-1150,11,312.0,324.0,138.0
-1150-11-09T06:50:19.238,1301343.555778223,0.0134451450253884,109.92501418669914,271.51625807171206,-23.855189861727666,227.69610646181374,-0.003924714904841853,-1150,11,313.0,325.0,139.0
-1150-11-10T06:51:02.525,1301344.556279225,-0.0178506585284105,110.24074472864515,272.6335763483144,-23.840554382155506,228.71814636702348,-0.0039305014326821,-1150,11,314.0,326.0,140.0
-1150-11-11T06:52:07.455,1301345.557030728,0.024543100100463233,110.59348563968534,273.7507817014111,-23.81786370818284,229.7403755127853,-0.003937891038839807,-1150,11,315.0,327.0,141.0
-1150-11-12T06:52:50.741,1301346.55753173,-0.007508040465236045,110.89648783614734,274.86717453879334,-23.787140298040505,230.76228524343873,-0.003944932622966856,-1150,11,316.0,328.0,142.0
-1150-11-13T06:53:55.671,1301347.558283233,0.033963645723164564,111.23632400123076,275.983178809361,-23.748383556868436,231.78439493330274,-0.003949438569201889,-1150,11,317.0,329.0,143.0
-1150-11-14T06:54:38.958,1301348.558784235,0.0014583743248382875,111.52624732373997,277.09810616482696,-23.701631315845784,232.80620324311326,-0.003949108961092804,-1150,11,318.0,330.0,144.0
-1150-11-15T06:55:22.244,1301349.5592852372,-0.031087842492965433,111.80951596475983,278.21211125697647,-23.646896997638322,233.8279762826429,-0.0039417359170974406,-1150,11,319.0,331.0,145.0
-1150-11-16T06:56:27.174,1301350.56003674,0.009661354322004873,112.12935541899921,279.3253513469321,-23.584189885002456,234.84997734071422,-0.003925417516651922,-1150,11,320.0,332.0,146.0
-1150-11-17T06:57:10.461,1301351.5605377422,-0.02287108722030262,112.39906076200698,280.43714954115285,-23.513571440927453,235.87169812730562,-0.0038987869662560916,-1150,11,321.0,333.0,147.0
-1150-11-18T06:58:15.391,1301352.5612892453,0.01776047111154187,112.70518698916369,281.5479427398164,-23.43504074305328,236.8936498722274,-0.003861123472796677,-1150,11,322.0,334.0,148.0
-1150-11-19T06:58:58.677,1301353.5617902472,-0.014398824157311203,112.96103513997141,282.6570533151085,-23.348676120088033,237.91531809758652,-0.0038124583878801194,-1150,11,323.0,335.0,149.0
-1150-11-20T07:00:03.607,1301354.5625417503,0.026509237427298455,113.25317210279462,283.7649125236073,-23.25447807696236,238.9372100653227,-0.0037534553883067506,-1150,11,324.0,336.0,150.0
-1150-11-21T07:00:46.894,1301355.5630427522,-0.004861754122030776,113.49490878180234,284.87083906474817,-23.152542260153893,239.9588084958844,-0.0036853897809685328,-1150,11,325.0,337.0,151.0
-1150-11-22T07:01:30.180,1301356.5635437542,-0.0356006992867431,113.72952025458186,285.9749817756599,-23.042899228042817,240.9803615770427,-0.0036098979011909707,-1150,11,326.0,338.0,152.0
-1150-11-23T07:02:35.110,1301357.5642952572,0.006662291704375632,114.00025294563049,287.0774865892106,-22.925576376772753,242.00211477561106,-0.0035288576245538195,-1150,11,327.0,339.0,153.0
-1150-11-24T07:03:18.397,1301358.5647962592,-0.0225683775573236,114.22047160838986,288.1776716567768,-22.800694563274337,243.0235430284861,-0.003444320443892904,-1150,11,328.0,340.0,154.0
-1150-11-25T07:04:23.327,1301359.5655477622,0.021193526424466043,114.47674832814377,289.2759588763232,-22.668257610322456,244.04514073359744,-0.0033582539459674227,-1150,11,329.0,341.0,155.0
-1150-11-26T07:05:06.613,1301360.5660487642,-0.0059943485826852265,114.68245163827503,290.37167135744187,-22.528402167685037,245.0663759287447,-0.003272614948633297,-1150,11,330.0,342.0,156.0
-1150-11-27T07:05:49.900,1301361.566549766,-0.03189343953165499,114.88087388974768,291.4649601113867,-22.38117015018948,246.08748076688792,-0.003189121167492372,-1150,11,331.0,343.0,157.0
-1150-11-28T07:06:54.830,1301362.5673012692,0.01524806818564731,115.11528530270918,292.5559774427244,-22.226599644808985,247.10868486340877,-0.0031092542986614602,-1150,11,332.0,344.0,158.0
-1150-11-29T07:07:38.116,1301363.567802271,-0.007757734526252514,115.29908906532499,293.6440611579003,-22.064849056098453,248.12944942275544,-0.0030342715782708846,-1150,11,333.0,345.0,159.0
-1150-11-30T07:08:21.403,1301364.5683032733,-0.02904479411824325,115.4755803206457,294.7293738433912,-21.89596469621426,249.15000192201074,-0.0029650593119608898,-1150,11,334.0,346.0,160.0
-1150-12-01T07:09:26.333,1301365.569054776,0.022804955713507297,115.68804098564732,295.8120809928762,-21.719988598104102,250.1705699562636,-0.0029021911842196193,-1150,12,335.0,347.0,161.0
-1150-12-02T07:10:09.619,1301366.5695557783,0.005291742989626836,115.84989182601244,296.8915414811536,-21.53709848988534,251.19061592969499,-0.0028459730009117493,-1150,12,336.0,348.0,162.0
-1150-12-03T07:10:52.906,1301367.5700567802,-0.0100660876848833,116.00443622653721,297.9679339726512,-21.34734326688776,252.210370488567,-0.0027963572968329603,-1150,12,337.0,349.0,163.0
-1150-12-04T07:11:36.192,1301368.5705577822,-0.023124975496257864,116.1516838445757,299.0411722788771,-21.150817258573838,253.22981105956046,-0.002753017848378223,-1150,12,338.0,350.0,164.0
-1150-12-05T07:12:19.479,1301369.5710587841,-0.033742325656266746,116.2916482903606,300.1111768680866,-20.94761686631217,254.24891767539296,-0.002715341966815575,-1150,12,339.0,351.0,165.0
-1150-12-06T07:13:24.409,1301370.5718102872,0.029027240496095848,116.46762599891152,301.17814167384745,-20.737787021200656,255.2679283129898,-0.002682429717061588,-1150,12,340.0,352.0,166.0
-1150-12-07T07:14:07.695,1301371.5723112891,0.023638353696733054,116.59307534793285,302.24146685072225,-20.521532697251928,256.28631906491864,-0.0026531291764287455,-1150,12,341.0,353.0,167.0
-1150-12-08T07:14:50.982,1301372.5728122913,0.021113007019087467,116.71130717248124,303.30136160496113,-20.298903464869014,257.304335042459,-0.0026259877761994612,-1150,12,342.0,354.0,168.0
-1150-12-09T07:15:34.269,1301373.5733132933,0.021585306215045643,116.82235019104347,304.3577755434451,-20.070001653407164,258.32197047841913,-0.002599290101730294,-1150,12,343.0,355.0,169.0
-1150-12-10T07:16:17.555,1301374.5738142952,0.02518550332948772,116.92623655455735,305.4106668078147,-19.83493030391616,259.3392241173552,-0.0025710740987954107,-1150,12,344.0,356.0,170.0
-1150-12-11T07:17:00.842,1301375.5743152972,0.03203922985071718,117.02300168439723,306.46000276456635,-19.593792837353455,260.3560989343755,-0.0025392018735118462,-1150,12,345.0,357.0,171.0
-1150-12-12T07:17:22.485,1301376.5745657983,-0.02814076921701962,117.06940746863714,307.5054991352816,-19.346755413445834,261.3723465501631,-0.0025015067083106707,-1150,12,346.0,358.0,172.0
-1150-12-13T07:18:05.772,1301377.5750668002,-0.01437200173674503,117.15204122925954,308.5476664151257,-19.093797897275337,262.38848331058153,-0.0024559561740819962,-1150,12,347.0,359.0,173.0
-1150-12-14T07:18:49.058,1301378.5755678022,0.00299420318602756,117.22767433916937,309.5862380247632,-18.835085291081896,263.40426147289264,-0.0024009459292322747,-1150,12,348.0,360.0,174.0
-1150-12-15T07:19:32.345,1301379.5760688044,0.02406757333575485,117.29635208513639,310.621216770945,-18.570722169292516,264.4196866991992,-0.00233548295555668,-1150,12,349.0,361.0,175.0
-1150-12-16T07:19:53.988,1301380.5763193052,-0.02129930350828054,117.31484831907372,311.6523523582514,-18.300882671482466,265.4345101341895,-0.0022593546364849176,-1150,12,350.0,362.0,176.0
-1150-12-17T07:20:37.275,1301381.5768203072,0.007550634362362784,117.3697458812221,312.6801709403623,-18.025539390272076,266.4492459551452,-0.00217307133497651,-1150,12,351.0,363.0,177.0
-1150-12-18T07:20:58.918,1301382.5770708083,-0.029786604221605312,117.3745767845661,313.70416773176515,-17.744940226056492,267.46339248293106,-0.002077906932133145,-1150,12,352.0,364.0,178.0
-1150-12-19T07:21:42.204,1301383.5775718102,0.007269053410319036,117.41591335989604,314.72486467458083,-17.45905713925238,268.4774633026134,-0.0019755431768512283,-1150,12,353.0,365.0,179.0
-1150-12-20T07:22:03.848,1301384.5778223113,-0.02161971408784582,117.40731394815084,315.7417586781109,-17.168148076945783,269.4909534955457,-0.0018680438540078182,-1150,12,354.0,366.0,180.0
-1150-12-21T07:22:47.134,1301385.5783233133,0.024084237588022337,117.43536356614932,316.7553665524019,-16.872184190997014,270.5043694008336,-0.0017574582161906202,-1150,12,355.0,1.0,181.0
-1150-12-22T07:23:08.778,1301386.5785738144,0.004074374053346649,117.41362467526636,317.7651883802401,-16.57143219396874,271.5171975090421,-0.0016458893802212247,-1150,12,356.0,2.0,182.0
-1150-12-23T07:23:30.421,1301387.5788243152,-0.011342885577794108,117.38544610660335,318.7714869431658,-16.265938447802593,272.5296809341201,-0.0015352096914695898,-1150,12,357.0,3.0,183.0
-1150-12-24T07:23:52.064,1301388.5790748163,-0.02206368142784926,117.3509144572214,319.774272324151,-15.95582387791616,273.5418049167266,-0.001427115090574253,-1150,12,358.0,4.0,184.0
-1150-12-25T07:24:13.707,1301389.5793253174,-0.02798514715791165,117.3101205010553,320.77355662434593,-15.641210241959197,274.5535512916028,-0.00132306043482902,-1150,12,359.0,5.0,185.0
-1150-12-26T07:24:35.351,1301390.5795758183,-0.029005885569035803,117.26315868999785,321.7693543483544,-15.322219904438079,275.5648992301784,-0.0012242307984267412,-1150,12,360.0,6.0,186.0
-1150-12-27T07:24:56.994,1301391.5798263194,-0.02502640661214778,117.21012670443473,322.76168270592404,-14.998975630051195,276.5758260051453,-0.0011315199470608662,-1150,12,361.0,7.0,187.0
-1150-12-28T07:25:18.637,1301392.5800768202,-0.0159495407332242,117.15112504399531,323.7505618560688,-14.671600393754659,277.586307775753,-0.0010455184541494794,-1150,12,362.0,8.0,188.0
-1150-12-29T07:25:40.281,1301393.5803273213,-0.0016808436973581372,117.08625665307932,324.7360151219198,-14.340217201488906,278.5963203938292,-0.0009665119201139282,-1150,12,363.0,9.0,189.0
-1150-12-30T07:26:01.924,1301394.5805778224,0.017870994923061465,117.01562658053581,325.7180691848226,-14.004948916972461,279.60584020494815,-0.000894485903658859,-1150,12,364.0,10.0,190.0
-1150-12-31T07:26:01.924,1301395.5805778224,-0.027744280377392235,116.89609541006223,326.69650957365764,-13.666003459459791,280.6145921604703,-0.0008291486424023253,-1150,12,365.0,11.0,191.0
-1149-01-01T07:26:23.567,1301396.5808283233,0.002580724918216829,116.81424653718355,327.67186035028925,-13.323333071949298,281.6230610670812,-0.0007698749339686325,-1149,1,366.0,12.0,192.0
-1149-01-02T07:26:23.567,1301397.5808283233,-0.032236362906922444,116.68371679974453,328.64367057697183,-12.97723078870219,282.6307235140831,-0.00071582707572493,-1149,1,367.0,13.0,193.0
