jd	date	year	event	sun_lon	obj_lon
1538813.0555439813	-499-01-14	-499	evening_first_visibility	289.55	303.42
1538830.3610995368	-499-02-01	-499	evening_last_visibility	307.63	320.78
1538851.3610995368	-499-02-22	-499	morning_first_visibility	327.97	307.42
1538884.6666550925	-499-03-25	-499	morning_last_visibility	358.3	335.78
1538917.972210648	-499-04-28	-499	evening_first_visibility	31.57	44.22
1538956.583321759	-499-06-06	-499	evening_last_visibility	68.73	85.05
1539000.8888773147	-499-07-20	-499	morning_last_visibility	110.2	97.95
1539050.4999884258	-499-09-09	-499	evening_first_visibility	160.65	184.32
1539088.8055439813	-499-10-17	-499	morning_first_visibility	198.18	182.73
1539119.1110995368	-499-11-17	-499	morning_last_visibility	229.73	218.1
1539161.4166550925	-499-12-29	-499	evening_first_visibility	273.08	287.65
1539179.3055439813	-498-01-15	-498	evening_last_visibility	290.32	304.08
1539196.6110995368	-498-02-02	-498	morning_first_visibility	307.87	290.18
1539234.9166550925	-498-03-10	-498	morning_last_visibility	343.45	322.03
1539267.222210648	-498-04-12	-498	evening_first_visibility	15.98	28.1
1539303.5277662035	-498-05-18	-498	evening_last_visibility	50.42	65.43
1539348.1388773147	-498-07-02	-498	morning_last_visibility	92.67	78.22
1539385.4444328703	-498-08-09	-498	evening_first_visibility	129.97	149.57
1539407.7499884258	-498-09-01	-498	evening_last_visibility	152.5	178.03
1539438.0555439813	-498-10-01	-498	morning_first_visibility	181.78	166.95
1539465.0555439813	-498-10-28	-498	morning_last_visibility	209.1	197.87
1539511.6666550925	-498-12-14	-498	evening_first_visibility	257.57	273.68
1539527.6666550925	-498-12-30	-498	evening_last_visibility	273.87	287.58
1539544.5555439813	-497-01-15	-497	morning_first_visibility	289.55	273.5
1539582.8610995368	-497-02-23	-497	morning_last_visibility	328.48	308.62
1539618.1666550925	-497-03-28	-497	evening_first_visibility	1.27	13.87
1539649.472210648	-497-04-29	-497	evening_last_visibility	32.05	45.42
1539695.083321759	-497-06-14	-497	morning_last_visibility	75.25	58.58
1539728.3888773147	-497-07-17	-497	evening_first_visibility	107.47	124.05
1539759.6944328703	-497-08-18	-497	evening_last_visibility	138.5	164.12
1539787.9999884258	-497-09-16	-497	morning_first_visibility	166.53	151.03
1539810.3055439813	-497-10-08	-497	morning_last_visibility	188.6	177.12
1539861.6110995368	-497-11-29	-497	evening_first_visibility	242.02	259.75
1539875.9166550925	-497-12-13	-497	evening_last_visibility	256.3	271.57
1539891.9166550925	-497-12-29	-497	morning_first_visibility	272.08	257.05
1539933.1110995368	-496-02-08	-496	morning_last_visibility	313.38	295.5
1539967.4166550925	-496-03-12	-496	evening_first_visibility	346.45	359.57
1539993.722210648	-496-04-08	-496	evening_last_visibility	12.63	25.72
1540040.0277662035	-496-05-24	-496	morning_last_visibility	56.0	35.98
1540073.333321759	-496-06-27	-496	evening_first_visibility	89.02	104.03
1540109.9444328703	-496-08-03	-496	evening_last_visibility	124.63	149.13
1540136.9444328703	-496-08-30	-496	morning_first_visibility	150.42	135.07
1540156.2499884258	-496-09-19	-496	morning_last_visibility	170.28	159.03
1540210.8610995368	-496-11-13	-496	evening_first_visibility	226.45	245.83
1540221.8610995368	-496-11-24	-496	evening_last_visibility	237.68	255.47
1540240.1666550925	-496-12-12	-496	morning_first_visibility	255.53	240.52
1540282.0555439813	-495-01-22	-495	morning_last_visibility	297.13	281.0
1540314.3610995368	-495-02-24	-495	evening_first_visibility	330.5	343.3
1540340.6666550925	-495-03-20	-495	evening_last_visibility	354.0	6.55
1540386.2777662035	-495-05-05	-495	morning_last_visibility	37.68	15.37
1540420.583321759	-495-06-09	-495	evening_first_visibility	71.62	85.1
1540460.8888773147	-495-07-19	-495	evening_last_visibility	109.88	132.62
1540487.1944328703	-495-08-15	-495	morning_first_visibility	135.45	119.12
1540503.4999884258	-495-09-01	-495	morning_last_visibility	152.17	140.43
1540563.8055439813	-495-10-31	-495	evening_first_visibility	212.95	234.12
1540589.1110995368	-495-11-26	-495	morning_first_visibility	238.93	224.33
1540630.3055439813	-494-01-05	-494	morning_last_visibility	279.72	265.17
1540663.6110995368	-494-02-08	-494	evening_first_visibility	314.4	327.12
1540686.9166550925	-494-03-01	-494	evening_last_visibility	335.2	348.33
1540734.222210648	-494-04-18	-494	morning_last_visibility	21.2	357.82
1540770.5277662035	-494-05-24	-494	evening_first_visibility	56.15	69.53
1540810.1388773147	-494-07-03	-494	evening_last_visibility	94.3	114.93
1540838.1388773147	-494-07-31	-494	morning_first_visibility	120.62	103.25
1540853.4444328703	-494-08-16	-494	morning_last_visibility	136.2	124.95
1540939.3610995368	-494-11-11	-494	morning_first_visibility	223.37	207.92
1540976.6666550925	-494-12-18	-494	morning_last_visibility	261.17	247.98
1541014.5555439813	-493-01-24	-493	evening_first_visibility	299.15	312.87
1541032.8610995368	-493-02-12	-493	evening_last_visibility	318.13	330.6
1541060.1666550925	-493-03-09	-493	morning_first_visibility	342.25	318.52
1541084.472210648	-493-04-03	-493	morning_last_visibility	6.55	343.45
1541119.7777662035	-493-05-08	-493	evening_first_visibility	40.67	53.72
1541158.083321759	-493-06-16	-493	evening_last_visibility	77.82	96.32
1541189.3888773147	-493-07-17	-493	morning_first_visibility	106.85	88.32
1541202.3888773147	-493-07-30	-493	morning_last_visibility	119.42	107.38
1541289.3055439813	-493-10-26	-493	morning_first_visibility	206.83	192.12
1541322.6110995368	-493-11-29	-493	morning_last_visibility	241.52	229.43
1541363.8055439813	-492-01-08	-492	evening_first_visibility	282.77	296.95
1541381.8055439813	-492-01-26	-492	evening_last_visibility	300.92	313.57
1541400.1110995368	-492-02-14	-492	morning_first_visibility	319.35	300.02
1541434.4166550925	-492-03-18	-492	morning_last_visibility	351.78	329.48
1541467.722210648	-492-04-21	-492	evening_first_visibility	25.13	37.68
1541506.0277662035	-492-05-29	-492	evening_last_visibility	61.4	76.8
1541549.6388773147	-492-07-12	-492	morning_last_visibility	102.78	89.57
1541592.9444328703	-492-08-25	-492	evening_first_visibility	146.13	168.05
1541603.2499884258	-492-09-05	-492	evening_last_visibility	156.98	181.87
1541638.5555439813	-492-10-10	-492	morning_first_visibility	191.4	176.1
1541666.8610995368	-492-11-08	-492	morning_last_visibility	220.85	209.33
1541711.1666550925	-492-12-22	-492	evening_first_visibility	266.27	281.28
1541729.0555439813	-491-01-08	-491	evening_last_visibility	283.53	297.08
1541746.0555439813	-491-01-25	-491	morning_first_visibility	300.15	283.08
1541784.6666550925	-491-03-03	-491	morning_last_visibility	336.9	315.88
1541817.972210648	-491-04-06	-491	evening_first_visibility	10.5	23.52
1541852.2777662035	-491-05-10	-491	evening_last_visibility	43.07	56.97
1541896.583321759	-491-06-24	-491	morning_last_visibility	85.32	69.88
1541931.8888773147	-491-07-29	-491	evening_first_visibility	119.58	137.57
1541959.1944328703	-491-08-26	-491	evening_last_visibility	146.88	172.52
1541988.4999884258	-491-09-25	-491	morning_first_visibility	176.07	160.23
1542012.8055439813	-491-10-19	-491	morning_last_visibility	200.27	188.92
1542061.4166550925	-491-12-07	-491	evening_first_visibility	250.72	267.37
1542076.4166550925	-491-12-22	-491	evening_last_visibility	266.02	280.93
1542094.3055439813	-490-01-08	-490	morning_first_visibility	282.77	266.23
1542132.6110995368	-490-02-16	-490	morning_last_visibility	321.87	302.6
1542167.9166550925	-490-03-21	-490	evening_first_visibility	354.77	7.28
1542197.222210648	-490-04-20	-490	evening_last_visibility	23.73	37.12
1542243.833321759	-490-06-06	-490	morning_last_visibility	67.93	50.33
1542276.1388773147	-490-07-08	-490	evening_first_visibility	99.12	114.67
1542310.4444328703	-490-08-12	-490	evening_last_visibility	132.95	158.13
1542337.7499884258	-490-09-09	-490	morning_first_visibility	159.87	144.37
1542358.7499884258	-490-09-30	-490	morning_last_visibility	180.85	169.53
1542411.3610995368	-490-11-22	-490	evening_first_visibility	235.17	253.5
1542424.6666550925	-490-12-05	-490	evening_last_visibility	248.45	264.88
1542441.6666550925	-490-12-22	-490	morning_first_visibility	265.27	249.98
1542482.8610995368	-489-02-01	-489	morning_last_visibility	306.7	289.58
1542518.1666550925	-489-03-06	-489	evening_first_visibility	339.9	352.95
1542543.1666550925	-489-03-31	-489	evening_last_visibility	4.23	17.65
1542589.7777662035	-489-05-17	-489	morning_last_visibility	48.68	27.85
1542623.083321759	-489-06-20	-489	evening_first_visibility	81.67	96.08
1542661.3888773147	-489-07-28	-489	evening_last_visibility	118.15	142.25
1542687.6944328703	-489-08-24	-489	morning_first_visibility	143.83	128.33
1542705.9999884258	-489-09-12	-489	morning_last_visibility	162.62	151.22
1542762.6110995368	-489-11-08	-489	evening_first_visibility	220.63	240.85
1542771.6110995368	-489-11-17	-489	evening_last_visibility	229.82	248.53
1542790.9166550925	-489-12-06	-489	morning_first_visibility	248.68	233.63
1542831.8055439813	-488-01-15	-488	morning_last_visibility	289.37	273.6
1542865.1110995368	-488-02-18	-488	evening_first_visibility	323.88	336.72
1542888.4166550925	-488-03-11	-488	evening_last_visibility	345.53	358.87
1542934.722210648	-488-04-27	-488	morning_last_visibility	30.33	7.32
1542970.333321759	-488-06-02	-488	evening_first_visibility	65.23	78.83
1543010.6388773147	-488-07-12	-488	evening_last_visibility	103.45	125.32
1543036.9444328703	-488-08-08	-488	morning_first_visibility	128.92	112.35
1543053.9444328703	-488-08-25	-488	morning_last_visibility	145.58	134.18
1543138.8610995368	-488-11-19	-488	morning_first_visibility	232.1	217.58
1543178.1666550925	-488-12-28	-488	morning_last_visibility	271.9	257.87
1543213.3610995368	-487-02-01	-487	evening_first_visibility	307.72	320.58
1543233.3610995368	-487-02-21	-487	evening_last_visibility	327.6	340.88
1543284.972210648	-487-04-12	-487	morning_last_visibility	15.75	352.78
1543319.2777662035	-487-05-16	-487	evening_first_visibility	48.82	61.18
1543359.583321759	-487-06-26	-487	evening_last_visibility	87.9	107.18
1543387.8888773147	-487-07-24	-487	morning_first_visibility	114.13	96.45
1543402.1944328703	-487-08-08	-487	morning_last_visibility	128.7	116.77
1543489.1110995368	-487-11-04	-487	morning_first_visibility	216.55	201.27
1543525.4166550925	-487-12-10	-487	morning_last_visibility	253.32	240.78
1543564.3055439813	-486-01-17	-486	evening_first_visibility	292.42	306.37
1543581.6110995368	-486-02-04	-486	evening_last_visibility	310.48	323.52
1543603.6110995368	-486-02-26	-486	morning_first_visibility	331.77	310.3
1543635.9166550925	-486-03-28	-486	morning_last_visibility	1.05	338.63
1543669.5277662035	-486-05-01	-486	evening_first_visibility	34.28	47.25
1543707.833321759	-486-06-09	-486	evening_last_visibility	71.45	88.15
1543741.1388773147	-486-07-12	-486	morning_first_visibility	102.35	83.62
1543751.1388773147	-486-07-22	-486	morning_last_visibility	111.98	99.07
1543840.0555439813	-486-10-20	-486	morning_first_visibility	201.05	185.23
1543870.3610995368	-486-11-20	-486	morning_last_visibility	232.63	220.73
1543913.5555439813	-485-01-01	-486	evening_first_visibility	275.98	290.55
1543913.5555439813	-485-01-01	-485	evening_first_visibility	275.98	290.55
1543930.5555439813	-485-01-18	-485	evening_last_visibility	293.18	306.73
1543947.8610995368	-485-02-05	-485	morning_first_visibility	310.72	292.98
1543986.1666550925	-485-03-13	-485	morning_last_visibility	346.23	324.85
1544018.472210648	-485-04-15	-485	evening_first_visibility	18.73	31.15
1544054.7777662035	-485-05-21	-485	evening_last_visibility	53.13	68.63
1544099.3888773147	-485-07-05	-485	morning_last_visibility	95.42	81.22
1544138.6944328703	-485-08-14	-485	evening_first_visibility	134.7	155.2
1544157.9999884258	-485-09-03	-485	evening_last_visibility	154.33	179.8
1544189.3055439813	-485-10-04	-485	morning_first_visibility	184.65	169.47
1544216.3055439813	-485-10-31	-485	morning_last_visibility	212.0	200.53
1544262.9166550925	-485-12-17	-485	evening_first_visibility	260.47	276.53
1544279.8055439813	-484-01-02	-484	evening_last_visibility	276.75	290.15
1544295.8055439813	-484-01-18	-484	morning_first_visibility	292.42	276.18
1544334.1110995368	-484-02-26	-484	morning_last_visibility	331.3	311.4
1544368.4166550925	-484-03-30	-484	evening_first_visibility	4.03	16.93
1544400.0277662035	-484-05-01	-484	evening_last_visibility	34.78	48.63
1544445.333321759	-484-06-16	-484	morning_last_visibility	77.98	61.57
1544479.6388773147	-484-07-20	-484	evening_first_visibility	111.18	128.47
1544509.9444328703	-484-08-20	-484	evening_last_visibility	141.3	166.8
1544538.2499884258	-484-09-18	-484	morning_first_visibility	169.37	153.62
1544560.5555439813	-484-10-10	-484	morning_last_visibility	191.47	179.87
1544612.1666550925	-484-12-01	-484	evening_first_visibility	244.92	262.57
1544626.1666550925	-484-12-15	-484	evening_last_visibility	259.2	274.13
1544642.1666550925	-484-12-31	-484	morning_first_visibility	274.98	259.63
1544682.3610995368	-483-02-09	-483	morning_last_visibility	315.22	296.63
1544717.6666550925	-483-03-14	-483	evening_first_visibility	348.27	0.68
1544744.972210648	-483-04-11	-483	evening_last_visibility	15.38	28.88
1544792.2777662035	-483-05-28	-483	morning_last_visibility	59.68	40.5
1544824.583321759	-483-06-30	-483	evening_first_visibility	91.75	106.88
1544860.1944328703	-483-08-05	-483	evening_last_visibility	126.43	151.47
1544887.4999884258	-483-09-02	-483	morning_first_visibility	153.23	137.68
1544907.4999884258	-483-09-22	-483	morning_last_visibility	173.13	161.85
1544962.1110995368	-483-11-16	-483	evening_first_visibility	229.35	248.6
1544973.1110995368	-483-11-27	-483	evening_last_visibility	240.58	258.08
1544991.4166550925	-483-12-15	-483	morning_first_visibility	258.43	243.02
1545033.3055439813	-482-01-25	-482	morning_last_visibility	299.98	283.72
1545065.6110995368	-482-02-27	-482	evening_first_visibility	333.32	346.35
1545091.9166550925	-482-03-23	-482	evening_last_visibility	356.78	9.62
1545137.5277662035	-482-05-08	-482	morning_last_visibility	40.42	18.32
1545171.833321759	-482-06-12	-482	evening_first_visibility	74.33	88.02
1545212.1388773147	-482-07-22	-482	evening_last_visibility	112.65	135.4
1545238.4444328703	-482-08-18	-482	morning_first_visibility	138.25	121.8
1545254.7499884258	-482-09-04	-482	morning_last_visibility	154.98	143.32
1545313.3610995368	-482-11-02	-482	evening_first_visibility	214.83	235.77
1545317.3610995368	-482-11-06	-482	evening_last_visibility	218.9	239.63
1545340.3610995368	-482-11-29	-482	morning_first_visibility	241.85	226.8
1545381.5555439813	-481-01-08	-481	morning_last_visibility	282.6	267.83
1545414.8610995368	-481-02-11	-481	evening_first_visibility	317.25	330.15
1545438.1666550925	-481-03-04	-481	evening_last_visibility	338.0	351.23
1545485.472210648	-481-04-21	-481	morning_last_visibility	23.93	0.73
1545520.7777662035	-481-05-26	-481	evening_first_visibility	57.92	70.55
1545561.3888773147	-481-07-06	-481	evening_last_visibility	97.03	117.83
1545587.6944328703	-481-08-02	-481	morning_first_visibility	122.42	105.53
1545603.6944328703	-481-08-18	-481	morning_last_visibility	138.02	126.07
1545690.6110995368	-481-11-14	-481	morning_first_visibility	226.27	210.42
1545727.9166550925	-481-12-21	-481	morning_last_visibility	264.07	250.63
1545764.8055439813	-480-01-26	-480	evening_first_visibility	301.0	314.07
1545784.1110995368	-480-02-15	-480	evening_last_visibility	320.97	333.38
1545811.4166550925	-480-03-12	-480	morning_first_visibility	346.02	321.8
1545834.722210648	-480-04-05	-480	morning_last_visibility	9.3	346.33
1545869.0277662035	-480-05-09	-480	evening_first_visibility	42.45	54.75
1545908.333321759	-480-06-18	-480	evening_last_visibility	80.55	99.37
1545938.6388773147	-480-07-18	-480	morning_first_visibility	108.65	90.33
1545951.9444328703	-480-08-01	-480	morning_last_visibility	122.2	110.37
1546039.5555439813	-480-10-28	-480	morning_first_visibility	209.72	194.6
1546073.1666550925	-480-12-01	-480	morning_last_visibility	244.42	232.07
1546114.0555439813	-479-01-10	-479	evening_first_visibility	285.63	299.9
1546132.0555439813	-479-01-28	-479	evening_last_visibility	303.77	316.23
1546150.3610995368	-479-02-16	-479	morning_first_visibility	322.18	302.9
1546185.6666550925	-479-03-21	-479	morning_last_visibility	354.55	332.33
1546218.972210648	-479-04-24	-479	evening_first_visibility	27.88	40.73
1546256.583321759	-479-06-01	-479	evening_last_visibility	64.12	79.97
1546300.8888773147	-479-07-15	-479	morning_last_visibility	105.53	92.58
1546346.1944328703	-479-08-30	-479	evening_first_visibility	150.92	173.38
1546389.8055439813	-479-10-13	-479	morning_first_visibility	194.27	178.62
1546418.1110995368	-479-11-11	-479	morning_last_visibility	223.75	211.98
1546462.4166550925	-479-12-25	-479	evening_first_visibility	269.17	284.17
1546480.3055439813	-478-01-11	-478	evening_last_visibility	286.42	299.7
1546497.3055439813	-478-01-28	-478	morning_first_visibility	303.0	285.83
1546535.9166550925	-478-03-06	-478	morning_last_visibility	339.68	318.68
1546568.222210648	-478-04-08	-478	evening_first_visibility	12.28	24.58
1546603.5277662035	-478-05-13	-478	evening_last_visibility	45.8	60.18
1546648.833321759	-478-06-28	-478	morning_last_visibility	89.0	74.7
1546683.4444328703	-478-08-02	-478	evening_first_visibility	123.3	141.83
1546709.4444328703	-478-08-28	-478	evening_last_visibility	148.7	174.4
1546738.7499884258	-478-09-27	-478	morning_first_visibility	177.92	162.83
1546764.0555439813	-478-10-22	-478	morning_last_visibility	203.15	191.6
1546812.6666550925	-478-12-10	-478	evening_first_visibility	253.62	270.2
1546827.6666550925	-478-12-25	-478	evening_last_visibility	268.92	283.52
1546845.5555439813	-477-01-11	-477	morning_first_visibility	285.65	268.87
1546883.8610995368	-477-02-19	-477	morning_last_visibility	324.68	305.37
1546919.1666550925	-477-03-24	-477	evening_first_visibility	357.53	10.33
1546948.472210648	-477-04-23	-477	evening_last_visibility	26.45	40.3
1546995.083321759	-477-06-09	-477	morning_last_visibility	70.65	53.3
1547027.3888773147	-477-07-11	-477	evening_first_visibility	101.85	117.45
1547061.6944328703	-477-08-15	-477	evening_last_visibility	135.72	160.82
1547088.9999884258	-477-09-12	-477	morning_first_visibility	162.7	146.95
1547110.3055439813	-477-10-03	-477	morning_last_visibility	183.7	172.28
1547162.6110995368	-477-11-25	-477	evening_first_visibility	238.07	256.28
1547175.9166550925	-477-12-08	-477	evening_last_visibility	251.33	267.47
1547192.9166550925	-477-12-25	-477	morning_first_visibility	268.15	252.53
1547233.1110995368	-476-02-03	-476	morning_last_visibility	308.53	290.7
1547267.4166550925	-476-03-07	-476	evening_first_visibility	341.7	354.07
1547293.722210648	-476-04-03	-476	evening_last_visibility	7.95	20.6
1547340.0277662035	-476-05-19	-476	morning_last_visibility	51.38	30.8
1547373.333321759	-476-06-22	-476	evening_first_visibility	84.38	98.95
1547411.6388773147	-476-07-30	-476	evening_last_visibility	120.9	144.98
1547437.9444328703	-476-08-26	-476	morning_first_visibility	146.63	130.95
1547456.2499884258	-476-09-14	-476	morning_last_visibility	165.45	154.05
1547512.8610995368	-476-11-10	-476	evening_first_visibility	223.53	243.6
1547521.8610995368	-476-11-19	-476	evening_last_visibility	232.7	251.18
1547541.1666550925	-476-12-08	-476	morning_first_visibility	251.58	236.12
1547582.0555439813	-475-01-17	-475	morning_last_visibility	292.23	276.28
1547615.3610995368	-475-02-20	-475	evening_first_visibility	326.7	339.75
1547640.6666550925	-475-03-15	-475	evening_last_visibility	349.28	1.68
1547685.972210648	-475-04-30	-475	morning_last_visibility	33.07	10.25
1547721.583321759	-475-06-05	-475	evening_first_visibility	67.95	81.77
1547761.8888773147	-475-07-15	-475	evening_last_visibility	106.18	128.13
1547788.1944328703	-475-08-11	-475	morning_first_visibility	131.68	115.05
1547805.1944328703	-475-08-28	-475	morning_last_visibility	148.37	137.07
1547865.8055439813	-475-10-28	-475	evening_first_visibility	210.05	231.5
1547890.1110995368	-475-11-22	-475	morning_first_visibility	235.0	220.03
1547929.4166550925	-475-12-31	-475	morning_last_visibility	274.78	260.52
1547929.4166550925	-475-12-31	-474	morning_last_visibility	274.78	260.52
1547964.6110995368	-474-02-04	-474	evening_first_visibility	310.55	323.58
1547984.6110995368	-474-02-24	-474	evening_last_visibility	330.42	343.73
1548035.222210648	-474-04-14	-474	morning_last_visibility	17.52	354.18
1548070.5277662035	-474-05-19	-474	evening_first_visibility	51.53	64.18
1548110.833321759	-474-06-29	-474	evening_last_visibility	90.62	110.13
1548139.1388773147	-474-07-27	-474	morning_first_visibility	116.88	99.22
1548153.4444328703	-474-08-11	-474	morning_last_visibility	131.47	119.72
1548240.3610995368	-474-11-07	-474	morning_first_visibility	219.43	203.73
1548276.6666550925	-474-12-13	-474	morning_last_visibility	256.22	243.42
1548314.5555439813	-473-01-19	-473	evening_first_visibility	294.27	307.58
1548332.8610995368	-473-02-07	-473	evening_last_visibility	313.32	326.23
1548358.1666550925	-473-03-02	-473	morning_first_visibility	335.53	313.28
1548386.1666550925	-473-03-30	-473	morning_last_visibility	2.83	339.93
1548419.7777662035	-473-05-03	-473	evening_first_visibility	36.05	48.27
1548459.083321759	-473-06-12	-473	evening_last_visibility	74.17	91.23
1548491.3888773147	-473-07-14	-473	morning_first_visibility	104.12	85.38
1548502.3888773147	-473-07-25	-473	morning_last_visibility	114.73	102.05
1548590.3055439813	-473-10-22	-473	morning_first_visibility	202.92	187.95
1548622.6110995368	-473-11-24	-473	morning_last_visibility	236.55	224.88
1548664.8055439813	-472-01-04	-472	evening_first_visibility	278.85	293.47
1548681.8055439813	-472-01-21	-472	evening_last_visibility	296.03	309.37
1548700.1110995368	-472-02-09	-472	morning_first_visibility	314.53	295.48
1548735.4166550925	-472-03-14	-472	morning_last_visibility	348.03	326.08
1548768.722210648	-472-04-17	-472	evening_first_visibility	21.47	34.2
1548806.0277662035	-472-05-24	-472	evening_last_visibility	56.8	71.65
1548849.6388773147	-472-07-07	-472	morning_last_visibility	98.15	84.22
1548889.9444328703	-472-08-17	-472	evening_first_visibility	138.45	159.28
1548907.2499884258	-472-09-04	-472	evening_last_visibility	156.15	181.52
1548939.5555439813	-472-10-06	-472	morning_first_visibility	187.5	171.98
1548965.8610995368	-472-11-02	-472	morning_last_visibility	214.87	203.17
1549012.1666550925	-472-12-18	-472	evening_first_visibility	262.33	277.83
1549030.0555439813	-471-01-04	-471	evening_last_visibility	279.62	292.72
1549046.0555439813	-471-01-20	-471	morning_first_visibility	295.27	278.85
1549083.3610995368	-471-02-27	-471	morning_last_visibility	333.12	312.57
1549117.972210648	-471-04-01	-471	evening_first_visibility	5.82	18.02
1549151.2777662035	-471-05-04	-471	evening_last_visibility	37.5	51.87
1549196.583321759	-471-06-19	-471	morning_last_visibility	80.7	64.57
1549230.8888773147	-471-07-23	-471	evening_first_visibility	113.93	131.2
1549260.1944328703	-471-08-22	-471	evening_last_visibility	143.12	168.8
1549288.4999884258	-471-09-20	-471	morning_first_visibility	171.2	156.18
1549311.8055439813	-471-10-13	-471	morning_last_visibility	194.33	182.58
1549362.4166550925	-471-12-03	-471	evening_first_visibility	246.78	263.92
1549377.4166550925	-471-12-18	-471	evening_last_visibility	262.08	276.68
1549394.3055439813	-470-01-03	-470	morning_first_visibility	277.85	262.2
1549433.6110995368	-470-02-12	-470	morning_last_visibility	318.05	299.37
1549468.9166550925	-470-03-17	-470	evening_first_visibility	351.03	3.75
1549497.222210648	-470-04-15	-470	evening_last_visibility	19.08	31.9
1549543.5277662035	-470-05-31	-470	morning_last_visibility	62.38	43.45
1549576.1388773147	-470-07-03	-470	evening_first_visibility	94.48	109.7
1549611.4444328703	-470-08-08	-470	evening_last_visibility	129.2	154.15
1549638.7499884258	-470-09-05	-470	morning_first_visibility	156.05	140.28
1549658.7499884258	-470-09-25	-470	morning_last_visibility	175.98	164.63
1549712.3610995368	-470-11-18	-470	evening_first_visibility	231.22	250.03
1549724.3610995368	-470-11-30	-470	evening_last_visibility	243.48	260.7
1549742.6666550925	-470-12-18	-470	morning_first_visibility	261.32	245.53
1549783.5555439813	-469-01-27	-469	morning_last_visibility	301.83	284.82
1549818.1666550925	-469-03-01	-469	evening_first_visibility	335.13	347.48
1549843.1666550925	-469-03-26	-469	evening_last_visibility	359.55	12.65
1549888.7777662035	-469-05-11	-469	morning_last_visibility	43.12	21.25
1549923.083321759	-469-06-15	-469	evening_first_visibility	77.05	90.93
1549962.3888773147	-469-07-24	-469	evening_last_visibility	114.43	138.0
1549988.6944328703	-469-08-20	-469	morning_first_visibility	140.07	124.22
1550005.9999884258	-469-09-07	-469	morning_last_visibility	157.8	146.18
1550063.6110995368	-469-11-04	-469	evening_first_visibility	216.7	237.35
1550070.6110995368	-469-11-11	-469	evening_last_visibility	223.83	243.72
1550091.9166550925	-469-12-02	-469	morning_first_visibility	244.75	229.28
1550132.8055439813	-468-01-11	-468	morning_last_visibility	285.47	270.5
1550166.1110995368	-468-02-14	-468	evening_first_visibility	320.07	333.17
1550188.4166550925	-468-03-06	-468	evening_last_visibility	340.78	354.13
1550235.722210648	-468-04-23	-468	morning_last_visibility	26.67	3.65
1550271.0277662035	-468-05-28	-468	evening_first_visibility	60.63	73.53
1550311.6388773147	-468-07-08	-468	evening_last_visibility	99.77	120.72
1550337.9444328703	-468-08-04	-468	morning_first_visibility	125.18	108.27
1550353.9444328703	-468-08-20	-468	morning_last_visibility	140.82	129.0
1550439.8610995368	-468-11-15	-468	morning_first_visibility	228.15	213.3
1550478.1666550925	-468-12-23	-468	morning_last_visibility	266.95	253.27
1550515.0555439813	-467-01-28	-467	evening_first_visibility	303.85	317.05
1550534.3610995368	-467-02-17	-467	evening_last_visibility	323.78	336.17
1550566.6666550925	-467-03-19	-467	morning_first_visibility	352.7	326.72
1550584.972210648	-467-04-07	-467	morning_last_visibility	11.08	347.72
1550620.2777662035	-467-05-12	-467	evening_first_visibility	45.17	57.77
1550659.583321759	-467-06-21	-467	evening_last_visibility	83.28	102.37
1550689.8888773147	-467-07-21	-467	morning_first_visibility	111.4	93.15
1550703.1944328703	-467-08-04	-467	morning_last_visibility	124.97	113.33
1550790.8055439813	-467-10-31	-467	morning_first_visibility	212.62	197.08
1550825.4166550925	-467-12-05	-467	morning_last_visibility	248.35	236.22
1550864.3055439813	-466-01-12	-466	evening_first_visibility	287.5	301.13
1550882.3055439813	-466-01-30	-466	evening_last_visibility	305.62	319.18
1550902.6110995368	-466-02-20	-466	morning_first_visibility	325.98	305.62
1550936.9166550925	-466-03-24	-466	morning_last_visibility	357.33	335.18
1550969.222210648	-466-04-26	-466	evening_first_visibility	29.65	41.78
1551007.833321759	-466-06-04	-466	evening_last_visibility	66.83	83.1
1551052.1388773147	-466-07-18	-466	morning_last_visibility	108.28	95.58
1551099.7499884258	-466-09-05	-466	evening_first_visibility	156.68	179.93
1551140.0555439813	-466-10-15	-466	morning_first_visibility	196.13	181.33
1551170.3610995368	-466-11-15	-466	morning_last_visibility	227.68	216.15
1551213.6666550925	-466-12-28	-466	evening_first_visibility	272.05	287.07
1551231.5555439813	-465-01-14	-465	evening_last_visibility	289.28	302.32
1551248.5555439813	-465-01-31	-465	morning_first_visibility	305.85	288.58
1551287.1666550925	-465-03-09	-465	morning_last_visibility	342.48	321.5
1551319.472210648	-465-04-11	-465	evening_first_visibility	15.03	27.65
1551354.7777662035	-465-05-16	-465	evening_last_visibility	48.52	63.4
1551400.3888773147	-465-07-01	-465	morning_last_visibility	91.73	77.7
1551435.6944328703	-465-08-06	-465	evening_first_visibility	127.05	146.07
1551460.6944328703	-465-08-31	-465	evening_last_visibility	151.52	177.05
1551489.9999884258	-465-09-30	-465	morning_first_visibility	180.77	165.37
1551515.3055439813	-465-10-25	-465	morning_last_visibility	206.03	194.3
1551562.9166550925	-465-12-12	-465	evening_first_visibility	255.5	271.53
1551578.9166550925	-465-12-28	-465	evening_last_visibility	271.82	286.1
1551595.8055439813	-464-01-13	-464	morning_first_visibility	287.52	272.03
1551635.1110995368	-464-02-22	-464	morning_last_visibility	327.5	308.13
1551669.4166550925	-464-03-26	-464	evening_first_visibility	0.32	13.42
1551699.722210648	-464-04-26	-464	evening_last_visibility	30.15	43.37
1551745.333321759	-464-06-11	-464	morning_last_visibility	73.38	56.28
1551778.6388773147	-464-07-14	-464	evening_first_visibility	105.57	121.95
1551810.9444328703	-464-08-16	-464	evening_last_visibility	137.53	162.97
1551838.2499884258	-464-09-13	-464	morning_first_visibility	164.53	149.52
1551860.5555439813	-464-10-05	-464	morning_last_visibility	186.57	175.05
1551911.8610995368	-464-11-26	-464	evening_first_visibility	239.95	257.68
1551926.1666550925	-464-12-10	-464	evening_last_visibility	254.23	270.05
1551943.1666550925	-464-12-27	-464	morning_first_visibility	271.05	255.1
1551983.3610995368	-463-02-05	-463	morning_last_visibility	311.37	293.43
1552018.6666550925	-463-03-10	-463	evening_first_visibility	344.5	357.13
1552044.972210648	-463-04-06	-463	evening_last_visibility	10.72	23.73
1552091.2777662035	-463-05-22	-463	morning_last_visibility	54.12	33.75
1552124.583321759	-463-06-25	-463	evening_first_visibility	87.12	101.82
1552161.1944328703	-463-08-01	-463	evening_last_visibility	122.7	147.38
1552189.1944328703	-463-08-29	-463	morning_first_visibility	149.43	133.58
1552207.4999884258	-463-09-17	-463	morning_last_visibility	168.3	156.88
1552263.1110995368	-463-11-12	-463	evening_first_visibility	225.42	245.12
1552273.1110995368	-463-11-22	-463	evening_last_visibility	235.62	253.82
1552292.4166550925	-463-12-11	-463	morning_first_visibility	254.5	238.63
1552333.3055439813	-462-01-20	-462	morning_last_visibility	295.1	278.98
1552365.6110995368	-462-02-22	-462	evening_first_visibility	328.53	340.9
1552391.9166550925	-462-03-18	-462	evening_last_visibility	352.07	4.7
1552437.5277662035	-462-05-03	-462	morning_last_visibility	35.8	13.18
1552471.833321759	-462-06-07	-462	evening_first_visibility	69.73	82.78
1552512.1388773147	-462-07-17	-462	evening_last_visibility	107.98	130.85
1552538.4444328703	-462-08-13	-462	morning_first_visibility	133.5	117.43
1552556.4444328703	-462-08-31	-462	morning_last_visibility	151.18	139.97
1552616.0555439813	-462-10-30	-462	evening_first_visibility	211.93	233.25
1552641.3610995368	-462-11-25	-462	morning_first_visibility	237.9	222.52
1552681.5555439813	-461-01-03	-461	morning_last_visibility	277.68	263.18
1552715.8610995368	-461-02-07	-461	evening_first_visibility	313.4	326.6
1552735.8610995368	-461-02-27	-461	evening_last_visibility	333.23	346.58
1552786.472210648	-461-04-17	-461	morning_last_visibility	20.25	357.1
1552821.7777662035	-461-05-22	-461	evening_first_visibility	54.27	67.17
1552861.3888773147	-461-07-01	-461	evening_last_visibility	92.4	113.12
1552889.3888773147	-461-07-29	-461	morning_first_visibility	118.68	101.45
1552904.6944328703	-461-08-14	-461	morning_last_visibility	134.25	122.67
1552990.6110995368	-461-11-09	-461	morning_first_visibility	221.32	206.6
1553027.9166550925	-461-12-16	-461	morning_last_visibility	259.12	246.03
1553065.8055439813	-460-01-22	-460	evening_first_visibility	297.13	310.55
1553084.1110995368	-460-02-10	-460	evening_last_visibility	316.15	328.98
1553109.4166550925	-460-03-05	-460	morning_first_visibility	339.32	316.37
1553135.722210648	-460-04-01	-460	morning_last_visibility	5.58	342.82
1553170.0277662035	-460-05-05	-460	evening_first_visibility	38.78	51.3
1553209.333321759	-460-06-14	-460	evening_last_visibility	76.88	94.3
1553240.6388773147	-460-07-15	-460	morning_first_visibility	105.9	87.25
1553252.6388773147	-460-07-27	-460	morning_last_visibility	117.5	105.03
1553340.5555439813	-460-10-24	-460	morning_first_visibility	205.8	190.43
1553372.8610995368	-460-11-26	-460	morning_last_visibility	239.45	227.5
1553414.0555439813	-459-01-05	-459	evening_first_visibility	280.72	294.7
1553432.0555439813	-459-01-23	-459	evening_last_visibility	298.9	312.03
1553450.3610995368	-459-02-11	-459	morning_first_visibility	317.37	298.32
1553486.6666550925	-459-03-17	-459	morning_last_visibility	350.82	328.92
1553519.972210648	-459-04-20	-459	evening_first_visibility	24.2	37.27
1553557.2777662035	-459-05-27	-459	evening_last_visibility	59.52	74.83
1553600.8888773147	-459-07-10	-459	morning_last_visibility	100.88	87.22
1553643.1944328703	-459-08-22	-459	evening_first_visibility	143.2	164.75
1553656.4999884258	-459-09-05	-459	evening_last_visibility	156.98	182.17
1553690.8055439813	-459-10-09	-459	morning_first_visibility	190.37	174.52
1553718.1110995368	-459-11-06	-459	morning_last_visibility	218.78	207.37
1553763.4166550925	-459-12-21	-459	evening_first_visibility	265.23	280.7
1553780.3055439813	-458-01-06	-458	evening_last_visibility	281.48	295.58
1553797.3055439813	-458-01-23	-458	morning_first_visibility	298.13	281.55
1553836.9166550925	-458-03-02	-458	morning_last_visibility	335.92	315.37
1553869.222210648	-458-04-04	-458	evening_first_visibility	8.58	21.08
1553903.5277662035	-458-05-08	-458	evening_last_visibility	41.18	54.92
1553948.833321759	-458-06-23	-458	morning_last_visibility	84.38	69.33
1553983.1388773147	-458-07-27	-458	evening_first_visibility	117.65	135.53
1554011.4444328703	-458-08-25	-458	evening_last_visibility	145.9	171.45
1554039.7499884258	-458-09-23	-458	morning_first_visibility	174.05	158.73
1554064.0555439813	-458-10-17	-458	morning_last_visibility	198.22	186.88
1554113.6666550925	-458-12-06	-458	evening_first_visibility	249.68	266.73
1554128.6666550925	-458-12-21	-458	evening_last_visibility	264.98	279.25
1554145.5555439813	-457-01-06	-457	morning_first_visibility	280.72	264.78
1554184.8610995368	-457-02-15	-457	morning_last_visibility	320.87	302.12
1554220.1666550925	-457-03-20	-457	evening_first_visibility	353.8	6.8
1554248.472210648	-457-04-18	-457	evening_last_visibility	21.82	35.08
1554295.083321759	-457-06-04	-457	morning_last_visibility	66.05	48.03
1554327.3888773147	-457-07-06	-457	evening_first_visibility	97.2	112.5
1554362.6944328703	-457-08-11	-457	evening_last_visibility	131.97	156.85
1554388.9999884258	-457-09-07	-457	morning_first_visibility	157.88	142.82
1554409.9999884258	-457-09-28	-457	morning_last_visibility	178.82	167.42
1554463.6110995368	-457-11-21	-457	evening_first_visibility	234.12	252.8
1554476.9166550925	-457-12-04	-457	evening_last_visibility	247.38	263.3
1554492.9166550925	-457-12-20	-457	morning_first_visibility	263.2	248.63
1554534.8055439813	-456-01-30	-456	morning_last_visibility	304.67	287.52
1554568.4166550925	-456-03-03	-456	evening_first_visibility	337.92	350.53
1554593.4166550925	-456-03-28	-456	evening_last_visibility	2.3	15.7
1554640.0277662035	-456-05-14	-456	morning_last_visibility	46.78	25.63
1554673.333321759	-456-06-17	-456	evening_first_visibility	79.78	93.82
1554712.6388773147	-456-07-26	-456	evening_last_visibility	117.18	140.77
1554738.9444328703	-456-08-22	-456	morning_first_visibility	142.85	126.87
1554756.2499884258	-456-09-09	-456	morning_last_visibility	160.62	149.03
1554813.8610995368	-456-11-06	-456	evening_first_visibility	219.58	240.07
1554821.8610995368	-456-11-14	-456	evening_last_visibility	227.75	246.85
1554842.1666550925	-456-12-04	-456	morning_first_visibility	247.63	231.77
1554883.0555439813	-455-01-13	-455	morning_last_visibility	288.33	273.17
1554915.3610995368	-455-02-15	-455	evening_first_visibility	321.88	334.32
1554939.6666550925	-455-03-09	-455	evening_last_visibility	343.57	357.05
1554986.972210648	-455-04-26	-455	morning_last_visibility	29.4	6.57
1555022.2777662035	-455-05-31	-455	evening_first_visibility	63.35	76.5
1555061.8888773147	-455-07-10	-455	evening_last_visibility	101.55	123.53
1555089.1944328703	-455-08-07	-455	morning_first_visibility	127.95	110.98
1555105.1944328703	-455-08-23	-455	morning_last_visibility	143.6	131.92
1555191.1110995368	-455-11-18	-455	morning_first_visibility	231.05	215.77
1555230.4166550925	-455-12-27	-455	morning_last_visibility	270.87	257.45
1555266.3055439813	-454-01-31	-454	evening_first_visibility	306.7	320.05
1555285.6110995368	-454-02-20	-454	evening_last_visibility	326.6	338.98
1555336.222210648	-454-04-10	-454	morning_last_visibility	13.82	350.6
1555371.5277662035	-454-05-15	-454	evening_first_visibility	47.88	60.77
1555410.833321759	-454-06-24	-454	evening_last_visibility	86.0	105.33
1555440.1388773147	-454-07-23	-454	morning_first_visibility	113.17	95.22
1555454.4444328703	-454-08-07	-454	morning_last_visibility	127.73	116.3
1555541.3610995368	-454-11-03	-454	morning_first_visibility	215.5	199.57
1555576.6666550925	-454-12-08	-454	morning_last_visibility	251.25	238.83
1555615.5555439813	-453-01-15	-453	evening_first_visibility	290.37	304.07
1555632.8610995368	-453-02-02	-453	evening_last_visibility	308.47	321.88
1555653.8610995368	-453-02-23	-453	morning_first_visibility	328.8	308.53
1555687.1666550925	-453-03-26	-453	morning_last_visibility	359.12	336.47
1555720.472210648	-453-04-29	-453	evening_first_visibility	32.38	44.82
1555759.083321759	-453-06-07	-453	evening_last_visibility	69.55	86.2
1555803.3888773147	-453-07-21	-453	morning_last_visibility	111.03	98.58
1555853.9999884258	-453-09-11	-453	evening_first_visibility	162.48	186.28
1555891.3055439813	-453-10-18	-453	morning_first_visibility	199.0	183.82
1555921.6110995368	-453-11-18	-453	morning_last_visibility	230.57	218.77
1555963.9166550925	-453-12-30	-453	evening_first_visibility	273.92	288.32
1555982.8055439813	-452-01-17	-452	evening_last_visibility	292.15	304.93
1555999.1110995368	-452-02-03	-452	morning_first_visibility	308.7	291.35
1556036.4166550925	-452-03-10	-452	morning_last_visibility	344.28	322.7
1556069.722210648	-452-04-13	-452	evening_first_visibility	17.77	30.7
1556106.0277662035	-452-05-19	-452	evening_last_visibility	52.18	66.42
1556150.6388773147	-452-07-03	-452	morning_last_visibility	94.47	80.7
1556187.9444328703	-452-08-10	-452	evening_first_visibility	131.77	151.75
1556209.2499884258	-452-09-01	-452	evening_last_visibility	153.33	178.87
1556240.5555439813	-452-10-02	-452	morning_first_visibility	183.62	167.9
1556266.5555439813	-452-10-28	-452	morning_last_visibility	209.93	198.53
1556313.1666550925	-452-12-14	-452	evening_first_visibility	258.4	274.37
1556329.1666550925	-452-12-30	-452	evening_last_visibility	274.68	288.68
1556346.0555439813	-451-01-15	-451	morning_first_visibility	290.38	274.68
1556384.3610995368	-451-02-23	-451	morning_last_visibility	329.32	309.28
1556419.6666550925	-451-03-28	-451	evening_first_visibility	2.1	14.5
1556450.972210648	-451-04-29	-451	evening_last_visibility	32.88	46.6
1556496.583321759	-451-06-14	-451	morning_last_visibility	76.1	59.27
1556529.8888773147	-451-07-17	-451	evening_first_visibility	108.3	124.72
1556561.1944328703	-451-08-18	-451	evening_last_visibility	139.33	165.03
1556589.4999884258	-451-09-16	-451	morning_first_visibility	167.37	152.07
1556611.8055439813	-451-10-08	-451	morning_last_visibility	189.43	177.78
1556663.1110995368	-451-11-29	-451	evening_first_visibility	242.85	260.47
1556677.4166550925	-451-12-13	-451	evening_last_visibility	257.13	272.63
1556694.4166550925	-451-12-30	-451	morning_first_visibility	273.93	257.67
1556734.6110995368	-450-02-08	-450	morning_last_visibility	314.22	296.17
1556769.9166550925	-450-03-13	-450	evening_first_visibility	347.28	0.2
1556796.222210648	-450-04-09	-450	evening_last_visibility	13.47	26.88
1556843.5277662035	-450-05-26	-450	morning_last_visibility	57.78	38.25
1556875.833321759	-450-06-28	-450	evening_first_visibility	89.85	104.67
1556912.4444328703	-450-08-04	-450	evening_last_visibility	125.47	150.1
1556939.7499884258	-450-09-01	-450	morning_first_visibility	152.25	136.22
1556958.7499884258	-450-09-20	-450	morning_last_visibility	171.13	159.7
1557013.3610995368	-450-11-14	-450	evening_first_visibility	227.28	246.6
1557025.3610995368	-450-11-26	-450	evening_last_visibility	239.53	256.62
1557042.6666550925	-450-12-13	-450	morning_first_visibility	256.38	241.7
1557084.5555439813	-449-01-23	-449	morning_last_visibility	297.97	281.68
1557116.8610995368	-449-02-25	-449	evening_first_visibility	331.33	343.93
1557143.1666550925	-449-03-21	-449	evening_last_visibility	354.85	7.72
1557188.7777662035	-449-05-06	-449	morning_last_visibility	38.52	16.12
1557223.083321759	-449-06-10	-449	evening_first_visibility	72.45	85.72
1557263.3888773147	-449-07-20	-449	evening_last_visibility	110.72	133.65
1557289.6944328703	-449-08-16	-449	morning_first_visibility	136.28	120.12
1557306.9999884258	-449-09-03	-449	morning_last_visibility	154.0	142.85
1557365.6110995368	-449-11-01	-449	evening_first_visibility	213.8	234.92
1557392.6110995368	-449-11-28	-449	morning_first_visibility	240.8	224.98
1557432.8055439813	-448-01-06	-448	morning_last_visibility	280.57	265.83
1557466.1110995368	-448-02-09	-448	evening_first_visibility	315.23	327.77
1557488.4166550925	-448-03-01	-448	evening_last_visibility	336.03	349.45
1557536.722210648	-448-04-19	-448	morning_last_visibility	23.0	0.0
1557572.0277662035	-448-05-24	-448	evening_first_visibility	56.98	70.17
1557611.6388773147	-448-07-03	-448	evening_last_visibility	95.13	116.03
1557639.6388773147	-448-07-31	-448	morning_first_visibility	121.45	104.22
1557654.9444328703	-448-08-16	-448	morning_last_visibility	137.05	125.6
1557740.8610995368	-448-11-11	-448	morning_first_visibility	224.22	209.05
1557779.1666550925	-448-12-19	-448	morning_last_visibility	263.03	250.22
1557816.0555439813	-447-01-24	-447	evening_first_visibility	299.98	313.53
1557834.3610995368	-447-02-12	-447	evening_last_visibility	318.98	331.73
1557861.6666550925	-447-03-09	-447	morning_first_visibility	343.1	319.55
1557885.972210648	-447-04-03	-447	morning_last_visibility	7.38	344.17
1557921.2777662035	-447-05-08	-447	evening_first_visibility	41.5	54.33
1557960.583321759	-447-06-17	-447	evening_last_visibility	79.62	97.35
1557990.8888773147	-447-07-17	-447	morning_first_visibility	107.7	89.2
1558003.8888773147	-447-07-30	-447	morning_last_visibility	120.27	108.03
1558091.8055439813	-447-10-27	-447	morning_first_visibility	208.68	192.93
1558124.1110995368	-447-11-29	-447	morning_last_visibility	242.37	230.12
1558165.3055439813	-446-01-08	-446	evening_first_visibility	283.6	297.63
1558183.3055439813	-446-01-26	-446	evening_last_visibility	301.75	314.7
1558201.6110995368	-446-02-14	-446	morning_first_visibility	320.2	301.18
1558236.9166550925	-446-03-19	-446	morning_last_visibility	352.63	330.18
1558270.222210648	-446-04-22	-446	evening_first_visibility	25.98	38.32
1558308.5277662035	-446-05-30	-446	evening_last_visibility	62.23	77.98
1558352.1388773147	-446-07-13	-446	morning_last_visibility	103.63	90.23
1558396.4444328703	-446-08-27	-446	evening_first_visibility	147.97	170.13
1558404.7499884258	-446-09-05	-446	evening_last_visibility	156.83	181.52
1558441.0555439813	-446-10-11	-446	morning_first_visibility	192.23	177.18
1558469.3610995368	-446-11-09	-446	morning_last_visibility	221.68	210.02
1558514.6666550925	-446-12-24	-446	evening_first_visibility	268.12	283.58
1558531.5555439813	-445-01-09	-445	evening_last_visibility	284.37	298.2
1558548.5555439813	-445-01-26	-445	morning_first_visibility	301.0	284.27
1558588.1666550925	-445-03-05	-445	morning_last_visibility	338.72	318.17
1558620.472210648	-445-04-07	-445	evening_first_visibility	11.33	24.15
1558654.7777662035	-445-05-11	-445	evening_last_visibility	43.92	58.15
1558700.083321759	-445-06-26	-445	morning_last_visibility	87.12	72.35
1558735.3888773147	-445-07-31	-445	evening_first_visibility	121.38	139.83
1558761.6944328703	-445-08-27	-445	evening_last_visibility	147.73	173.4
1558790.9999884258	-445-09-26	-445	morning_first_visibility	176.9	161.28
1558815.3055439813	-445-10-20	-445	morning_last_visibility	201.1	189.58
1558863.9166550925	-445-12-08	-445	evening_first_visibility	251.57	268.08
1558879.9166550925	-445-12-24	-445	evening_last_visibility	267.88	281.82
1558896.8055439813	-444-01-09	-444	morning_first_visibility	283.6	267.4
1558935.1110995368	-444-02-17	-444	morning_last_visibility	322.7	303.27
1558969.4166550925	-444-03-21	-444	evening_first_visibility	355.6	7.9
1558998.722210648	-444-04-20	-444	evening_last_visibility	24.57	38.28
1559045.333321759	-444-06-06	-444	morning_last_visibility	68.77	51.02
1559078.6388773147	-444-07-09	-444	evening_first_visibility	100.92	117.05
1559111.9444328703	-444-08-12	-444	evening_last_visibility	133.78	159.07
1559139.2499884258	-444-09-09	-444	morning_first_visibility	160.72	145.4
1559160.2499884258	-444-09-30	-444	morning_last_visibility	181.68	170.2
1559212.8610995368	-444-11-22	-444	evening_first_visibility	236.0	254.23
1559227.1666550925	-444-12-06	-444	evening_last_visibility	250.3	265.88
1559243.1666550925	-444-12-22	-444	morning_first_visibility	266.1	251.17
1559284.3610995368	-443-02-01	-443	morning_last_visibility	307.53	290.25
1559319.6666550925	-443-03-06	-443	evening_first_visibility	340.73	353.6
1559344.972210648	-443-04-01	-443	evening_last_visibility	6.03	18.65
1559391.2777662035	-443-05-17	-443	morning_last_visibility	49.52	28.6
1559424.583321759	-443-06-20	-443	evening_first_visibility	82.5	96.72
1559462.8888773147	-443-07-28	-443	evening_last_visibility	118.98	143.25
1559490.1944328703	-443-08-25	-443	morning_first_visibility	145.65	129.52
1559507.4999884258	-443-09-12	-443	morning_last_visibility	163.45	151.88
1559564.1110995368	-443-11-08	-443	evening_first_visibility	221.47	241.62
1559573.1110995368	-443-11-17	-443	evening_last_visibility	230.65	249.5
1559592.4166550925	-443-12-06	-443	morning_first_visibility	249.53	234.8
1559634.3055439813	-442-01-16	-442	morning_last_visibility	291.22	275.85
1559666.6110995368	-442-02-18	-442	evening_first_visibility	324.72	337.35
1559691.9166550925	-442-03-13	-442	evening_last_visibility	347.33	359.85
1559738.222210648	-442-04-29	-442	morning_last_visibility	32.13	9.5
1559772.833321759	-442-06-03	-442	evening_first_visibility	66.07	79.45
1559813.1388773147	-442-07-13	-442	evening_last_visibility	104.28	126.38
1559839.4444328703	-442-08-09	-442	morning_first_visibility	129.75	113.32
1559856.4444328703	-442-08-26	-442	morning_last_visibility	146.4	134.83
1559918.0555439813	-442-10-27	-442	evening_first_visibility	209.02	230.55
1559942.3610995368	-442-11-21	-442	morning_first_visibility	233.95	218.25
1559981.6666550925	-442-12-30	-442	morning_last_visibility	273.75	260.1
1560015.8610995368	-441-02-02	-441	evening_first_visibility	308.55	321.23
1560036.8610995368	-441-02-23	-441	evening_last_visibility	329.42	341.82
1560087.472210648	-441-04-13	-441	morning_last_visibility	16.57	353.5
1560122.7777662035	-441-05-18	-441	evening_first_visibility	50.6	63.77
1560162.083321759	-441-06-27	-441	evening_last_visibility	88.72	108.3
1560191.3888773147	-441-07-26	-441	morning_first_visibility	115.93	98.0
1560204.6944328703	-441-08-09	-441	morning_last_visibility	129.53	117.4
1560291.6110995368	-441-11-05	-441	morning_first_visibility	217.38	202.38
1560327.9166550925	-441-12-11	-441	morning_last_visibility	254.15	241.45
1560366.8055439813	-440-01-18	-440	evening_first_visibility	293.23	307.03
1560384.1110995368	-440-02-05	-440	evening_last_visibility	311.3	324.62
1560406.1110995368	-440-02-27	-440	morning_first_visibility	332.58	311.38
1560437.4166550925	-440-03-28	-440	morning_last_visibility	1.87	339.32
1560471.0277662035	-440-05-01	-440	evening_first_visibility	35.12	47.85
1560509.333321759	-440-06-09	-440	evening_last_visibility	72.28	89.32
1560542.6388773147	-440-07-12	-440	morning_first_visibility	103.17	84.42
1560553.6388773147	-440-07-23	-440	morning_last_visibility	113.78	101.58
1560641.5555439813	-440-10-20	-440	morning_first_visibility	201.88	186.3
1560672.8610995368	-440-11-21	-440	morning_last_visibility	234.48	222.93
1560715.0555439813	-439-01-01	-439	evening_first_visibility	276.8	291.22
1560733.0555439813	-439-01-19	-439	evening_last_visibility	295.0	307.55
1560750.3610995368	-439-02-06	-439	morning_first_visibility	312.52	293.78
1560787.6666550925	-439-03-13	-439	morning_last_visibility	347.07	325.53
1560819.972210648	-439-04-15	-439	evening_first_visibility	19.55	31.77
1560857.2777662035	-439-05-22	-439	evening_last_visibility	54.9	69.63
1560901.8888773147	-439-07-06	-439	morning_last_visibility	97.2	83.72
1560940.1944328703	-439-08-14	-439	evening_first_visibility	135.52	155.88
1560959.4999884258	-439-09-03	-439	evening_last_visibility	155.15	180.63
1560990.8055439813	-439-10-04	-439	morning_first_visibility	185.48	170.53
1561017.8055439813	-439-10-31	-439	morning_last_visibility	212.82	201.18
1561064.4166550925	-439-12-17	-439	evening_first_visibility	261.3	277.23
1561081.3055439813	-438-01-02	-438	evening_last_visibility	277.57	291.25
1561097.3055439813	-438-01-18	-438	morning_first_visibility	293.25	277.35
1561135.6110995368	-438-02-26	-438	morning_last_visibility	332.12	312.07
1561170.9166550925	-438-03-31	-438	evening_first_visibility	4.85	17.57
1561202.5277662035	-438-05-02	-438	evening_last_visibility	35.6	49.8
1561248.833321759	-438-06-18	-438	morning_last_visibility	79.77	64.0
1561282.1388773147	-438-07-21	-438	evening_first_visibility	112.0	129.12
1561312.4444328703	-438-08-21	-438	evening_last_visibility	142.12	167.68
1561340.7499884258	-438-09-19	-438	morning_first_visibility	170.2	154.63
1561363.0555439813	-438-10-11	-438	morning_last_visibility	192.3	180.52
1561414.6666550925	-438-12-02	-438	evening_first_visibility	245.73	263.27
1561428.6666550925	-438-12-16	-438	evening_last_visibility	260.03	275.2
1561445.5555439813	-437-01-01	-438	morning_first_visibility	275.8	260.8
1561445.5555439813	-437-01-01	-437	morning_first_visibility	275.8	260.8
1561485.8610995368	-437-02-11	-437	morning_last_visibility	317.03	298.9
1561520.1666550925	-437-03-15	-437	evening_first_visibility	349.07	1.3
1561548.472210648	-437-04-13	-437	evening_last_visibility	17.15	29.87
1561594.7777662035	-437-05-29	-437	morning_last_visibility	60.5	41.2
1561627.3888773147	-437-07-01	-437	evening_first_visibility	92.57	107.5
1561663.6944328703	-437-08-07	-437	evening_last_visibility	128.23	152.82
1561689.9999884258	-437-09-03	-437	morning_first_visibility	154.07	138.7
1561709.9999884258	-437-09-23	-437	morning_last_visibility	173.97	162.5
1561764.6110995368	-437-11-17	-437	evening_first_visibility	230.18	249.35
1561776.6110995368	-437-11-29	-437	evening_last_visibility	242.43	259.2
1561793.9166550925	-437-12-16	-437	morning_first_visibility	259.27	244.18
1561835.8055439813	-436-01-26	-436	morning_last_visibility	300.82	284.37
1561868.1110995368	-436-02-28	-436	evening_first_visibility	334.13	346.98
1561893.4166550925	-436-03-23	-436	evening_last_visibility	357.6	10.73
1561940.0277662035	-436-05-09	-436	morning_last_visibility	42.18	20.48
1561973.333321759	-436-06-12	-436	evening_first_visibility	75.17	88.63
1562013.6388773147	-436-07-22	-436	evening_last_visibility	113.47	136.43
1562039.9444328703	-436-08-18	-436	morning_first_visibility	139.07	122.78
1562056.2499884258	-436-09-04	-436	morning_last_visibility	155.82	143.97
1562114.8610995368	-436-11-02	-436	evening_first_visibility	215.67	236.53
1562120.8610995368	-436-11-08	-436	evening_last_visibility	221.77	241.93
1562141.8610995368	-436-11-29	-436	morning_first_visibility	242.67	227.97
1562183.0555439813	-435-01-08	-435	morning_last_visibility	283.43	268.5
1562216.3610995368	-435-02-11	-435	evening_first_visibility	318.07	330.78
1562239.6666550925	-435-03-04	-435	evening_last_visibility	338.82	352.35
1562287.972210648	-435-04-22	-435	morning_last_visibility	25.72	2.92
1562323.2777662035	-435-05-27	-435	evening_first_visibility	59.7	73.13
1562362.8888773147	-435-07-06	-435	evening_last_visibility	97.87	118.92
1562390.1944328703	-435-08-03	-435	morning_first_visibility	124.22	106.95
1562406.1944328703	-435-08-19	-435	morning_last_visibility	139.83	128.53
1562492.1110995368	-435-11-14	-435	morning_first_visibility	227.1	211.52
1562530.4166550925	-435-12-22	-435	morning_last_visibility	265.92	252.83
1562566.3055439813	-434-01-26	-434	evening_first_visibility	301.83	314.72
1562585.6110995368	-434-02-15	-434	evening_last_visibility	321.8	334.52
1562614.9166550925	-434-03-14	-434	morning_first_visibility	347.82	323.17
1562637.222210648	-434-04-06	-434	morning_last_visibility	10.13	347.03
1562672.5277662035	-434-05-11	-434	evening_first_visibility	44.22	57.35
1562711.833321759	-434-06-20	-434	evening_last_visibility	82.33	100.37
1562741.1388773147	-434-07-19	-434	morning_first_visibility	109.47	91.22
1562754.4444328703	-434-08-02	-434	morning_last_visibility	123.02	111.0
1562842.0555439813	-434-10-29	-434	morning_first_visibility	210.55	195.72
1562876.6666550925	-434-12-03	-434	morning_last_visibility	246.28	234.27
1562916.5555439813	-433-01-11	-433	evening_first_visibility	286.47	300.57
1562934.5555439813	-433-01-29	-433	evening_last_visibility	304.6	317.37
1562953.8610995368	-433-02-18	-433	morning_first_visibility	324.0	303.85
1562988.1666550925	-433-03-22	-433	morning_last_visibility	355.38	333.02
1563021.472210648	-433-04-25	-433	evening_first_visibility	28.7	41.35
1563059.083321759	-433-06-02	-433	evening_last_visibility	64.95	81.12
1563103.3888773147	-433-07-16	-433	morning_last_visibility	106.37	93.22
1563148.9999884258	-433-09-01	-433	evening_first_visibility	152.73	175.43
1563192.3055439813	-433-10-14	-433	morning_first_visibility	195.1	179.68
1563221.6110995368	-433-11-13	-433	morning_last_visibility	225.6	214.18
1563264.9166550925	-433-12-26	-433	evening_first_visibility	269.98	284.85
1563282.8055439813	-432-01-12	-432	evening_last_visibility	287.23	300.8
1563299.8055439813	-432-01-29	-432	morning_first_visibility	303.83	286.98
1563337.4166550925	-432-03-06	-432	morning_last_visibility	340.52	319.37
1563369.722210648	-432-04-08	-432	evening_first_visibility	13.12	25.22
1563405.0277662035	-432-05-13	-432	evening_last_visibility	46.63	61.37
1563450.333321759	-432-06-28	-432	morning_last_visibility	89.83	75.35
1563485.9444328703	-432-08-03	-432	evening_first_visibility	125.12	144.07
1563510.9444328703	-432-08-28	-432	evening_last_visibility	149.55	175.27
1563540.2499884258	-432-09-27	-432	morning_first_visibility	178.75	163.9
1563565.5555439813	-432-10-22	-432	morning_last_visibility	203.98	192.28
1563614.1666550925	-432-12-10	-432	evening_first_visibility	254.45	270.92
1563630.1666550925	-432-12-26	-432	evening_last_visibility	270.77	284.35
1563647.0555439813	-431-01-11	-431	morning_first_visibility	286.47	270.03
1563685.3610995368	-431-02-19	-431	morning_last_visibility	325.52	306.03
1563720.6666550925	-431-03-24	-431	evening_first_visibility	358.37	10.97
1563750.972210648	-431-04-24	-431	evening_last_visibility	28.25	41.33
1563796.583321759	-431-06-09	-431	morning_last_visibility	71.48	53.98
1563829.8888773147	-431-07-12	-431	evening_first_visibility	103.65	119.83
1563863.1944328703	-431-08-15	-431	evening_last_visibility	136.57	161.75
1563890.4999884258	-431-09-12	-431	morning_first_visibility	163.53	147.98
1563911.8055439813	-431-10-03	-431	morning_last_visibility	184.53	172.95
1563964.1110995368	-431-11-25	-431	evening_first_visibility	238.9	257.02
1563978.4166550925	-431-12-09	-431	evening_last_visibility	253.2	268.43
1563994.4166550925	-431-12-25	-431	morning_first_visibility	268.98	253.72
1564035.6110995368	-430-02-04	-430	morning_last_visibility	310.37	292.97
1564070.9166550925	-430-03-09	-430	evening_first_visibility	343.52	356.65
1564096.222210648	-430-04-04	-430	evening_last_visibility	8.78	21.77
1564142.5277662035	-430-05-20	-430	morning_last_visibility	52.23	31.53
1564175.833321759	-430-06-23	-430	evening_first_visibility	85.23	99.58
1564214.1388773147	-430-07-31	-430	evening_last_visibility	121.73	145.98
1564240.4444328703	-430-08-27	-430	morning_first_visibility	147.47	131.98
1564258.7499884258	-430-09-15	-430	morning_last_visibility	166.28	154.72
1564315.3610995368	-430-11-11	-430	evening_first_visibility	224.37	244.37
1564325.3610995368	-430-11-21	-430	evening_last_visibility	234.57	252.42
1564343.6666550925	-430-12-09	-430	morning_first_visibility	252.43	237.28
1564384.5555439813	-429-01-18	-429	morning_last_visibility	293.07	276.95
1564417.8610995368	-429-02-21	-429	evening_first_visibility	327.53	340.4
1564443.1666550925	-429-03-16	-429	evening_last_visibility	350.12	2.83
1564489.7777662035	-429-05-02	-429	morning_last_visibility	34.85	12.42
1564524.083321759	-429-06-06	-429	evening_first_visibility	68.78	82.4
1564564.3888773147	-429-07-16	-429	evening_last_visibility	107.03	129.22
1564590.6944328703	-429-08-12	-429	morning_first_visibility	132.53	116.03
1564607.6944328703	-429-08-29	-429	morning_last_visibility	149.22	137.73
1564667.3055439813	-429-10-28	-429	evening_first_visibility	209.88	231.35
1564692.6110995368	-429-11-23	-429	morning_first_visibility	235.83	221.2
1564733.8055439813	-428-01-02	-428	morning_last_visibility	276.63	262.75
1564767.1110995368	-428-02-05	-428	evening_first_visibility	311.38	324.23
1564788.1110995368	-428-02-26	-428	evening_last_visibility	332.23	344.67
1564837.722210648	-428-04-15	-428	morning_last_visibility	19.32	356.4
1564872.0277662035	-428-05-19	-428	evening_first_visibility	52.37	64.8
1564912.333321759	-428-06-29	-428	evening_last_visibility	91.45	111.27
1564940.6388773147	-428-07-27	-428	morning_first_visibility	117.73	100.17
1564954.9444328703	-428-08-11	-428	morning_last_visibility	132.32	120.37
1565041.8610995368	-428-11-07	-428	morning_first_visibility	220.28	204.85
1565078.1666550925	-428-12-13	-428	morning_last_visibility	257.05	244.08
1565116.0555439813	-427-01-19	-427	evening_first_visibility	295.1	308.25
1565134.3610995368	-427-02-07	-427	evening_last_visibility	314.15	327.35
1565159.6666550925	-427-03-02	-427	morning_first_visibility	336.38	314.37
1565187.6666550925	-427-03-30	-427	morning_last_visibility	3.67	340.65
1565222.2777662035	-427-05-04	-427	evening_first_visibility	37.85	50.9
1565260.583321759	-427-06-12	-427	evening_last_visibility	75.0	92.4
1565292.8888773147	-427-07-14	-427	morning_first_visibility	104.97	86.23
1565304.8888773147	-427-07-26	-427	morning_last_visibility	116.53	104.57
1565391.8055439813	-427-10-22	-427	morning_first_visibility	203.75	189.07
1565424.1110995368	-427-11-24	-427	morning_last_visibility	237.4	225.55
1565466.3055439813	-426-01-04	-426	evening_first_visibility	279.7	294.15
1565483.3055439813	-426-01-21	-426	evening_last_visibility	296.87	310.48
1565501.6110995368	-426-02-09	-426	morning_first_visibility	315.37	296.62
1565537.9166550925	-426-03-15	-426	morning_last_visibility	348.87	326.78
1565571.222210648	-426-04-18	-426	evening_first_visibility	22.3	34.83
1565608.5277662035	-426-05-25	-426	evening_last_visibility	57.63	72.83
1565653.1388773147	-426-07-09	-426	morning_last_visibility	99.93	86.73
1565693.4444328703	-426-08-19	-426	evening_first_visibility	140.27	161.42
1565709.7499884258	-426-09-05	-426	evening_last_visibility	156.98	182.33
1565742.0555439813	-426-10-07	-426	morning_first_visibility	188.35	173.07
1565769.3610995368	-426-11-04	-426	morning_last_visibility	216.73	205.4
1565814.6666550925	-426-12-19	-426	evening_first_visibility	263.18	278.53
1565832.5555439813	-425-01-05	-425	evening_last_visibility	280.47	293.85
1565848.5555439813	-425-01-21	-425	morning_first_visibility	296.12	280.03
1565885.8610995368	-425-02-28	-425	morning_last_visibility	333.95	313.25
1565921.472210648	-425-04-03	-425	evening_first_visibility	7.62	20.63
1565954.7777662035	-425-05-06	-425	evening_last_visibility	39.28	52.87
1566000.083321759	-425-06-21	-425	morning_last_visibility	82.48	67.0
1566034.3888773147	-425-07-25	-425	evening_first_visibility	115.73	133.48
1566062.6944328703	-425-08-23	-425	evening_last_visibility	143.95	169.68
1566091.9999884258	-425-09-22	-425	morning_first_visibility	173.03	157.22
1566115.3055439813	-425-10-15	-425	morning_last_visibility	196.18	184.85
1566164.9166550925	-425-12-04	-425	evening_first_visibility	247.62	264.63
1566179.9166550925	-425-12-19	-425	evening_last_visibility	262.93	277.78
1566196.8055439813	-424-01-04	-424	morning_first_visibility	278.68	263.38
1566236.1110995368	-424-02-13	-424	morning_last_visibility	318.88	300.03
1566270.4166550925	-424-03-17	-424	evening_first_visibility	351.87	4.37
1566298.722210648	-424-04-15	-424	evening_last_visibility	19.92	33.07
1566345.333321759	-424-06-01	-424	morning_last_visibility	64.17	45.77
1566377.6388773147	-424-07-03	-424	evening_first_visibility	95.32	110.33
1566412.9444328703	-424-08-08	-424	evening_last_visibility	130.03	155.12
1566440.2499884258	-424-09-05	-424	morning_first_visibility	156.88	141.32
1566460.2499884258	-424-09-25	-424	morning_last_visibility	176.82	165.3
1566513.8610995368	-424-11-18	-424	evening_first_visibility	232.05	250.78
1566527.1666550925	-424-12-01	-424	evening_last_visibility	245.33	261.78
1566544.1666550925	-424-12-18	-424	morning_first_visibility	262.15	246.7
1566585.0555439813	-423-01-27	-423	morning_last_visibility	302.67	285.48
1566620.6666550925	-423-03-02	-423	evening_first_visibility	336.95	350.03
1566644.6666550925	-423-03-26	-423	evening_last_visibility	0.38	13.8
1566691.2777662035	-423-05-12	-423	morning_last_visibility	44.9	23.43
1566724.583321759	-423-06-15	-423	evening_first_visibility	77.88	91.55
1566763.8888773147	-423-07-24	-423	evening_last_visibility	115.27	139.02
1566790.1944328703	-423-08-20	-423	morning_first_visibility	140.88	125.23
1566807.4999884258	-423-09-07	-423	morning_last_visibility	158.63	146.83
1566865.1110995368	-423-11-04	-423	evening_first_visibility	217.53	238.12
1566873.1110995368	-423-11-12	-423	evening_last_visibility	225.68	245.15
1566893.4166550925	-423-12-02	-423	morning_first_visibility	245.58	230.43
1566934.3055439813	-422-01-11	-422	morning_last_visibility	286.3	271.17
1566967.6110995368	-422-02-14	-422	evening_first_visibility	320.9	333.82
1566991.9166550925	-422-03-08	-422	evening_last_visibility	342.6	355.1
1567038.222210648	-422-04-24	-422	morning_last_visibility	27.5	4.38
1567073.5277662035	-422-05-29	-422	evening_first_visibility	61.47	74.15
1567114.1388773147	-422-07-09	-422	evening_last_visibility	100.6	121.8
1567140.4444328703	-422-08-05	-422	morning_first_visibility	126.02	109.23
1567157.4444328703	-422-08-22	-422	morning_last_visibility	142.62	131.45
1567242.3610995368	-422-11-16	-422	morning_first_visibility	228.98	214.43
1567281.6666550925	-422-12-25	-422	morning_last_visibility	268.8	255.47
1567317.5555439813	-421-01-29	-421	evening_first_visibility	304.68	317.7
1567336.8610995368	-421-02-18	-421	evening_last_visibility	324.62	337.3
1567388.472210648	-421-04-09	-421	morning_last_visibility	12.87	349.93
1567422.7777662035	-421-05-13	-421	evening_first_visibility	45.98	58.37
1567462.083321759	-421-06-22	-421	evening_last_visibility	84.1	103.48
1567492.3888773147	-421-07-22	-421	morning_first_visibility	112.22	94.03
1567505.6944328703	-421-08-05	-421	morning_last_visibility	125.78	113.97
1567592.6110995368	-421-11-01	-421	morning_first_visibility	213.45	198.18
1567627.9166550925	-421-12-06	-421	morning_last_visibility	249.18	236.88
1567666.8055439813	-420-01-13	-420	evening_first_visibility	288.32	301.78
1567685.1110995368	-420-02-01	-420	evening_last_visibility	307.43	320.05
1567705.1110995368	-420-02-21	-420	morning_first_visibility	326.82	306.73
1567738.4166550925	-420-03-24	-420	morning_last_visibility	358.15	335.87
1567771.722210648	-420-04-27	-420	evening_first_visibility	31.43	44.4
1567809.333321759	-420-06-04	-420	evening_last_visibility	67.67	84.25
1567853.6388773147	-420-07-18	-420	morning_last_visibility	109.12	96.23
1567902.2499884258	-420-09-06	-420	evening_first_visibility	158.5	181.93
1567942.5555439813	-420-10-16	-420	morning_first_visibility	197.97	182.2
1567971.8610995368	-420-11-15	-420	morning_last_visibility	228.5	216.82
1568015.1666550925	-420-12-28	-420	evening_first_visibility	272.88	287.75
1568033.0555439813	-419-01-14	-419	evening_last_visibility	290.1	303.42
1568050.3610995368	-419-02-01	-419	morning_first_visibility	307.68	289.35
1568088.6666550925	-419-03-09	-419	morning_last_visibility	343.3	322.17
1568120.972210648	-419-04-11	-419	evening_first_visibility	15.85	28.27
1568157.2777662035	-419-05-17	-419	evening_last_visibility	50.3	64.4
1568201.8888773147	-419-07-01	-419	morning_last_visibility	92.57	78.35
1568238.1944328703	-419-08-07	-419	evening_first_visibility	128.85	148.27
1568262.1944328703	-419-08-31	-419	evening_last_visibility	152.33	177.9
1568291.4999884258	-419-09-30	-419	morning_first_visibility	181.6	166.42
1568317.8055439813	-419-10-26	-419	morning_last_visibility	207.87	196.52
1568365.4166550925	-419-12-13	-419	evening_first_visibility	257.35	273.75
1568380.4166550925	-419-12-28	-419	evening_last_visibility	272.63	287.18
1568398.3055439813	-418-01-14	-418	morning_first_visibility	289.35	272.67
1568436.6110995368	-418-02-22	-418	morning_last_visibility	328.32	308.8
1568471.9166550925	-418-03-27	-418	evening_first_visibility	1.13	14.03
1568502.222210648	-418-04-27	-418	evening_last_visibility	30.97	44.53
1568548.833321759	-418-06-13	-418	morning_last_visibility	75.15	58.68
1568581.1388773147	-418-07-15	-418	evening_first_visibility	106.38	122.6
1568613.4444328703	-418-08-17	-418	evening_last_visibility	138.37	163.87
1568641.7499884258	-418-09-15	-418	morning_first_visibility	166.35	150.57
1568663.0555439813	-418-10-06	-418	morning_last_visibility	187.4	175.7
1568715.3610995368	-418-11-28	-418	evening_first_visibility	241.8	259.8
1568729.6666550925	-418-12-12	-418	evening_last_visibility	256.08	270.98
1568745.6666550925	-418-12-28	-418	morning_first_visibility	271.87	256.27
1568785.8610995368	-417-02-06	-417	morning_last_visibility	312.2	294.08
1568821.1666550925	-417-03-11	-417	evening_first_visibility	345.32	357.75
1568847.472210648	-417-04-07	-417	evening_last_visibility	11.53	24.88
1568894.7777662035	-417-05-24	-417	morning_last_visibility	55.88	36.0
1568927.083321759	-417-06-26	-417	evening_first_visibility	87.95	102.45
1568964.6944328703	-417-08-03	-417	evening_last_visibility	124.48	148.7
1568991.6944328703	-417-08-30	-417	morning_first_visibility	150.27	134.6
1569009.9999884258	-417-09-18	-417	morning_last_visibility	169.12	157.55
1569065.6110995368	-417-11-13	-417	evening_first_visibility	226.23	245.87
1569076.6110995368	-417-11-24	-417	evening_last_visibility	237.47	255.02
1569094.9166550925	-417-12-12	-417	morning_first_visibility	255.32	239.78
1569135.8055439813	-416-01-21	-416	morning_last_visibility	295.92	279.63
1569169.1110995368	-416-02-24	-416	evening_first_visibility	330.33	343.43
1569193.4166550925	-416-03-18	-416	evening_last_visibility	352.88	5.83
1569240.0277662035	-416-05-04	-416	morning_last_visibility	37.57	15.35
1569274.333321759	-416-06-08	-416	evening_first_visibility	71.5	85.32
1569313.6388773147	-416-07-17	-416	evening_last_visibility	108.8	131.88
1569340.9444328703	-416-08-14	-416	morning_first_visibility	135.32	118.72
1569357.9444328703	-416-08-31	-416	morning_last_visibility	152.02	140.62
1569416.5555439813	-416-10-29	-416	evening_first_visibility	211.73	233.0
1569442.8610995368	-416-11-25	-416	morning_first_visibility	238.73	223.65
1569483.0555439813	-415-01-03	-415	morning_last_visibility	278.5	263.83
1569517.3610995368	-415-02-07	-415	evening_first_visibility	314.22	327.25
1569538.3610995368	-415-02-28	-415	evening_last_visibility	335.03	347.52
1569587.972210648	-415-04-17	-415	morning_last_visibility	21.08	357.82
1569623.2777662035	-415-05-22	-415	evening_first_visibility	55.08	67.78
1569663.8888773147	-415-07-02	-415	evening_last_visibility	94.18	114.18
1569691.8888773147	-415-07-30	-415	morning_first_visibility	120.48	102.92
1569706.1944328703	-415-08-14	-415	morning_last_visibility	135.08	123.3
1569793.1110995368	-415-11-10	-415	morning_first_visibility	223.17	207.33
1569830.4166550925	-415-12-17	-415	morning_last_visibility	260.97	248.25
1569867.3055439813	-414-01-22	-414	evening_first_visibility	297.97	311.22
1569885.6110995368	-414-02-10	-414	evening_last_visibility	316.98	330.1
1569911.9166550925	-414-03-06	-414	morning_first_visibility	340.15	317.42
1569938.222210648	-414-04-02	-414	morning_last_visibility	6.42	343.52
1569972.5277662035	-414-05-06	-414	evening_first_visibility	39.6	51.92
1570011.833321759	-414-06-15	-414	evening_last_visibility	77.72	95.45
1570043.1388773147	-414-07-16	-414	morning_first_visibility	106.73	88.1
1570055.1388773147	-414-07-28	-414	morning_last_visibility	118.32	105.68
1570143.0555439813	-414-10-25	-414	morning_first_visibility	206.63	191.53
1570175.3610995368	-414-11-27	-414	morning_last_visibility	240.28	228.17
1570217.5555439813	-413-01-07	-413	evening_first_visibility	282.57	297.07
1570234.5555439813	-413-01-24	-413	evening_last_visibility	299.73	313.13
1570252.8610995368	-413-02-12	-413	morning_first_visibility	318.2	299.45
1570289.1666550925	-413-03-18	-413	morning_last_visibility	351.65	329.6
1570322.472210648	-413-04-21	-413	evening_first_visibility	25.03	37.88
1570359.7777662035	-413-05-28	-413	evening_last_visibility	60.35	76.0
1570404.3888773147	-413-07-12	-413	morning_last_visibility	102.67	89.73
1570445.6944328703	-413-08-23	-413	evening_first_visibility	144.03	165.45
1570458.9999884258	-413-09-06	-413	evening_last_visibility	157.82	182.97
1570493.3055439813	-413-10-10	-413	morning_first_visibility	191.2	175.58
1570520.6110995368	-413-11-07	-413	morning_last_visibility	219.63	208.05
1570565.9166550925	-413-12-22	-413	evening_first_visibility	266.07	281.4
1570583.8055439813	-412-01-08	-412	evening_last_visibility	283.33	296.43
1570599.8055439813	-412-01-24	-412	morning_first_visibility	298.97	282.73
1570638.4166550925	-412-03-02	-412	morning_last_visibility	336.75	316.05
1570670.722210648	-412-04-04	-412	evening_first_visibility	9.4	21.7
1570705.0277662035	-412-05-08	-412	evening_last_visibility	42.02	56.1
1570750.333321759	-412-06-23	-412	morning_last_visibility	85.22	70.0
1570785.6388773147	-412-07-28	-412	evening_first_visibility	119.45	137.8
1570812.9444328703	-412-08-25	-412	evening_last_visibility	146.73	172.35
1570841.2499884258	-412-09-23	-412	morning_first_visibility	174.88	159.78
1570865.5555439813	-412-10-17	-412	morning_last_visibility	199.07	187.55
1570915.1666550925	-412-12-06	-412	evening_first_visibility	250.52	267.45
1570930.1666550925	-412-12-21	-412	evening_last_visibility	265.82	280.35
1570947.0555439813	-411-01-06	-411	morning_first_visibility	281.57	265.98
1570986.3610995368	-411-02-15	-411	morning_last_visibility	321.7	302.8
1571021.6666550925	-411-03-20	-411	evening_first_visibility	354.65	7.45
1571049.972210648	-411-04-18	-411	evening_last_visibility	22.67	36.27
1571096.583321759	-411-06-04	-411	morning_last_visibility	66.88	48.73
1571129.8888773147	-411-07-07	-411	evening_first_visibility	99.02	114.92
1571164.1944328703	-411-08-11	-411	evening_last_visibility	132.82	157.8
1571191.4999884258	-411-09-08	-411	morning_first_visibility	159.72	143.92
1571211.4999884258	-411-09-28	-411	morning_last_visibility	179.67	168.08
1571265.1110995368	-411-11-21	-411	evening_first_visibility	234.95	253.55
1571278.4166550925	-411-12-04	-411	evening_last_visibility	248.23	264.37
1571295.4166550925	-411-12-21	-411	morning_first_visibility	265.05	249.23
1571336.3055439813	-410-01-30	-410	morning_last_visibility	305.52	288.2
1571370.9166550925	-410-03-04	-410	evening_first_visibility	338.77	351.17
1571396.9166550925	-410-03-30	-410	evening_last_visibility	4.12	16.73
1571442.5277662035	-410-05-15	-410	morning_last_visibility	47.63	26.38
1571475.833321759	-410-06-18	-410	evening_first_visibility	80.62	94.47
1571515.1388773147	-410-07-27	-410	evening_last_visibility	118.02	141.78
1571541.4444328703	-410-08-23	-410	morning_first_visibility	143.68	127.88
1571558.7499884258	-410-09-10	-410	morning_last_visibility	161.47	149.7
1571616.3610995368	-410-11-07	-410	evening_first_visibility	220.43	240.85
1571624.3610995368	-410-11-15	-410	evening_last_visibility	228.58	247.8
1571644.6666550925	-410-12-05	-410	morning_first_visibility	248.48	232.93
1571685.5555439813	-409-01-14	-409	morning_last_visibility	289.18	273.83
1571718.8610995368	-409-02-17	-409	evening_first_visibility	323.72	336.85
1571743.1666550925	-409-03-11	-409	evening_last_visibility	345.38	358.03
1571789.472210648	-409-04-27	-409	morning_last_visibility	30.23	7.3
1571824.083321759	-409-06-01	-409	evening_first_visibility	64.18	77.12
1571864.3888773147	-409-07-11	-409	evening_last_visibility	102.38	124.6
1571891.6944328703	-409-08-08	-409	morning_first_visibility	128.78	111.95
1571907.6944328703	-409-08-24	-409	morning_last_visibility	144.43	132.57
1571993.6110995368	-409-11-19	-409	morning_first_visibility	231.88	216.9
1572032.9166550925	-409-12-28	-409	morning_last_visibility	271.7	258.12
1572068.1110995368	-408-02-01	-408	evening_first_visibility	307.53	320.7
1572088.1110995368	-408-02-21	-408	evening_last_visibility	327.43	340.12
1572137.722210648	-408-04-10	-408	morning_last_visibility	14.67	351.32
1572173.0277662035	-408-05-15	-408	evening_first_visibility	48.72	61.4
1572212.333321759	-408-06-24	-408	evening_last_visibility	86.83	106.47
1572241.6388773147	-408-07-23	-408	morning_first_visibility	114.02	96.13
1572255.9444328703	-408-08-07	-408	morning_last_visibility	128.57	116.95
1572342.8610995368	-408-11-03	-408	morning_first_visibility	216.33	200.67
1572378.1666550925	-408-12-08	-408	morning_last_visibility	252.08	239.5
1572417.0555439813	-407-01-15	-407	evening_first_visibility	291.2	304.73
1572435.3610995368	-407-02-03	-407	evening_last_visibility	310.3	322.77
1572456.3610995368	-407-02-24	-407	morning_first_visibility	330.62	309.55
1572488.6666550925	-407-03-26	-407	morning_last_visibility	359.95	337.17
1572521.972210648	-407-04-29	-407	evening_first_visibility	33.22	45.43
1572560.583321759	-407-06-07	-407	evening_last_visibility	70.4	87.38
1572594.8888773147	-407-07-11	-407	morning_first_visibility	102.23	83.5
1572604.8888773147	-407-07-21	-407	morning_last_visibility	111.87	99.23
1572656.4999884258	-407-09-12	-407	evening_first_visibility	164.3	188.23
1572692.8055439813	-407-10-18	-407	morning_first_visibility	199.85	184.9
1572723.1110995368	-407-11-18	-407	morning_last_visibility	231.4	219.45
1572766.4166550925	-407-12-31	-407	evening_first_visibility	275.77	290.65
1572784.3055439813	-406-01-17	-406	evening_last_visibility	292.98	306.05
1572801.6110995368	-406-02-04	-406	morning_first_visibility	310.53	292.15
1572838.9166550925	-406-03-11	-406	morning_last_visibility	345.12	323.4
1572872.222210648	-406-04-14	-406	evening_first_visibility	18.6	31.33
1572908.5277662035	-406-05-20	-406	evening_last_visibility	53.02	67.62
1572953.1388773147	-406-07-04	-406	morning_last_visibility	95.3	81.35
1572990.4444328703	-406-08-11	-406	evening_first_visibility	132.6	152.43
1573011.7499884258	-406-09-02	-406	evening_last_visibility	154.17	179.72
1573043.0555439813	-406-10-03	-406	morning_first_visibility	184.45	168.97
1573069.0555439813	-406-10-29	-406	morning_last_visibility	210.77	199.2
1573115.6666550925	-406-12-15	-406	evening_first_visibility	259.23	275.07
1573131.6666550925	-406-12-31	-406	evening_last_visibility	275.52	289.77
1573131.6666550925	-406-12-31	-405	evening_last_visibility	275.52	289.77
1573149.5555439813	-405-01-17	-405	morning_first_visibility	292.22	275.35
1573186.8610995368	-405-02-24	-405	morning_last_visibility	330.15	309.97
1573222.1666550925	-405-03-29	-405	evening_first_visibility	2.93	15.12
1573253.472210648	-405-04-30	-405	evening_last_visibility	33.7	47.75
1573300.083321759	-405-06-16	-405	morning_last_visibility	77.87	61.67
1573333.3888773147	-405-07-19	-405	evening_first_visibility	110.1	127.05
1573364.6944328703	-405-08-20	-405	evening_last_visibility	141.15	166.55
1573391.9999884258	-405-09-17	-405	morning_first_visibility	168.2	153.13
1573415.3055439813	-405-10-10	-405	morning_last_visibility	191.28	180.08
1573465.6110995368	-405-11-30	-405	evening_first_visibility	243.68	261.18
1573480.9166550925	-405-12-15	-405	evening_last_visibility	258.98	273.53
1573496.9166550925	-405-12-31	-405	morning_first_visibility	274.77	258.83
1573537.1110995368	-404-02-09	-404	morning_last_visibility	315.03	296.82
1573571.4166550925	-404-03-13	-404	evening_first_visibility	348.1	0.82
1573598.722210648	-404-04-10	-404	evening_last_visibility	15.25	27.87
1573645.0277662035	-404-05-26	-404	morning_last_visibility	58.6	38.95
1573677.333321759	-404-06-28	-404	evening_first_visibility	90.68	105.3
1573713.9444328703	-404-08-04	-404	evening_last_visibility	126.3	151.08
1573741.2499884258	-404-09-01	-404	morning_first_visibility	153.08	137.22
1573760.2499884258	-404-09-20	-404	morning_last_visibility	171.97	160.37
1573814.8610995368	-404-11-14	-404	evening_first_visibility	228.12	247.33
1573826.8610995368	-404-11-26	-404	evening_last_visibility	240.37	257.63
1573845.1666550925	-404-12-14	-404	morning_first_visibility	258.22	242.3
1573886.0555439813	-403-01-23	-403	morning_last_visibility	298.78	282.33
1573918.3610995368	-403-02-25	-403	evening_first_visibility	332.17	344.57
1573944.6666550925	-403-03-21	-403	evening_last_visibility	355.67	8.85
1573991.2777662035	-403-05-07	-403	morning_last_visibility	40.3	18.28
1574025.583321759	-403-06-11	-403	evening_first_visibility	74.23	88.25
1574064.8888773147	-403-07-20	-403	evening_last_visibility	111.55	134.68
1574091.1944328703	-403-08-16	-403	morning_first_visibility	137.12	121.1
1574108.4999884258	-403-09-03	-403	morning_last_visibility	154.82	143.5
1574166.8055439813	-403-10-31	-403	evening_first_visibility	213.62	234.62
1574171.1110995368	-403-11-05	-403	evening_last_visibility	218.7	239.45
1574194.1110995368	-403-11-28	-403	morning_first_visibility	241.63	226.12
1574234.3055439813	-402-01-06	-402	morning_last_visibility	281.38	266.5
1574268.6110995368	-402-02-10	-402	evening_first_visibility	317.07	330.27
1574291.9166550925	-402-03-03	-402	evening_last_visibility	337.83	350.4
1574339.222210648	-402-04-20	-402	morning_last_visibility	23.82	0.73
1574374.5277662035	-402-05-25	-402	evening_first_visibility	57.8	70.77
1574414.1388773147	-402-07-04	-402	evening_last_visibility	95.95	117.1
1574441.4444328703	-402-08-01	-402	morning_first_visibility	122.27	105.15
1574457.4444328703	-402-08-17	-402	morning_last_visibility	137.87	126.23
1574543.3610995368	-402-11-12	-402	morning_first_visibility	225.05	210.18
1574581.6666550925	-402-12-20	-402	morning_last_visibility	263.87	250.87
1574618.5555439813	-401-01-25	-401	evening_first_visibility	300.82	314.18
1574636.8610995368	-401-02-13	-401	evening_last_visibility	319.8	332.85
1574665.1666550925	-401-03-11	-401	morning_first_visibility	344.88	320.85
1574689.472210648	-401-04-05	-401	morning_last_visibility	9.17	346.38
1574723.7777662035	-401-05-09	-401	evening_first_visibility	42.32	54.93
1574763.083321759	-401-06-18	-401	evening_last_visibility	80.43	98.48
1574793.3888773147	-401-07-18	-401	morning_first_visibility	108.52	90.07
1574806.3888773147	-401-07-31	-401	morning_last_visibility	121.08	108.65
1574894.3055439813	-401-10-28	-401	morning_first_visibility	209.52	194.02
1574927.9166550925	-401-12-01	-401	morning_last_visibility	244.22	232.32
1574967.8055439813	-400-01-09	-400	evening_first_visibility	284.43	298.3
1574985.8055439813	-400-01-27	-400	evening_last_visibility	302.58	315.8
1575005.1110995368	-400-02-16	-400	morning_first_visibility	322.02	302.08
1575039.4166550925	-400-03-20	-400	morning_last_visibility	354.42	332.43
1575071.722210648	-400-04-22	-400	evening_first_visibility	26.8	38.92
1575110.0277662035	-400-05-30	-400	evening_last_visibility	63.07	79.15
1575154.6388773147	-400-07-14	-400	morning_last_visibility	105.42	92.75
1575198.9444328703	-400-08-28	-400	evening_first_visibility	149.77	172.2
1575242.5555439813	-400-10-11	-400	morning_first_visibility	193.07	178.27
1575270.8610995368	-400-11-09	-400	morning_last_visibility	222.52	210.68
1575316.1666550925	-400-12-24	-400	evening_first_visibility	268.95	284.27
