nid	naks	gname	lon	lat	year	date	jd
N10-Mag	मघाः	α Leo	87.901	0.163	-2500	-2500-12-31T06:00:00	808297.5364471667
N13-Has	हस्तः	γ Crv	128.828	-14.385	-2500	-2500-12-31T06:00:00	808297.5364471667
N18-Jye	ज्येष्ठा	α Sco	187.538	-3.995	-2500	-2500-12-31T06:00:00	808297.5364471667
N19-Mul	मूलं	λ Sco	202.357	-13.158	-2500	-2500-12-31T06:00:00	808297.5364471667
N20-PAsh	पूर्वाषाढा	δ Sgr	212.301	-5.830	-2500	-2500-12-31T06:00:00	808297.5364471667
N21-UAsh	उत्तराषाढा	σ Sgr	220.125	-2.775	-2500	-2500-12-31T06:00:00	808297.5364471667
N24-Sha	शतभिषक्	α PsA	271.146	-20.426	-2500	-2500-12-31T06:00:00	808297.5364471667
N27-Rev	रेवती	ζ Psc	317.493	-0.204	-2500	-2500-12-31T06:00:00	808297.5364471667
N10-Mag	मघाः	α Leo	88.583	0.168	-2450	-2450-12-31T18:00:00	826560.0364471667
N13-Has	हस्तः	γ Crv	129.510	-14.385	-2450	-2450-12-31T18:00:00	826560.0364471667
N18-Jye	ज्येष्ठा	α Sco	188.224	-4.000	-2450	-2450-12-31T18:00:00	826560.0364471667
N19-Mul	मूलं	λ Sco	203.043	-13.165	-2450	-2450-12-31T18:00:00	826560.0364471667
N20-PAsh	पूर्वाषाढा	δ Sgr	212.987	-5.837	-2450	-2450-12-31T18:00:00	826560.0364471667
N21-UAsh	उत्तराषाढा	σ Sgr	220.811	-2.783	-2450	-2450-12-31T18:00:00	826560.0364471667
N24-Sha	शतभिषक्	α PsA	271.837	-20.435	-2450	-2450-12-31T18:00:00	826560.0364471667
N27-Rev	रेवती	ζ Psc	318.180	-0.205	-2450	-2450-12-31T18:00:00	826560.0364471667
N10-Mag	मघाः	α Leo	89.265	0.172	-2400	-2400-12-31T06:00:00	844822.5364471667
N13-Has	हस्तः	γ Crv	130.192	-14.385	-2400	-2400-12-31T06:00:00	844822.5364471667
N18-Jye	ज्येष्ठा	α Sco	188.909	-4.006	-2400	-2400-12-31T06:00:00	844822.5364471667
N19-Mul	मूलं	λ Sco	203.728	-13.172	-2400	-2400-12-31T06:00:00	844822.5364471667
N20-PAsh	पूर्वाषाढा	δ Sgr	213.673	-5.845	-2400	-2400-12-31T06:00:00	844822.5364471667
N21-UAsh	उत्तराषाढा	σ Sgr	221.497	-2.790	-2400	-2400-12-31T06:00:00	844822.5364471667
N24-Sha	शतभिषक्	α PsA	272.528	-20.444	-2400	-2400-12-31T06:00:00	844822.5364471667
N27-Rev	रेवती	ζ Psc	318.868	-0.206	-2400	-2400-12-31T06:00:00	844822.5364471667
N10-Mag	मघाः	α Leo	89.948	0.176	-2350	-2350-12-31T18:00:00	863085.0364471667
N13-Has	हस्तः	γ Crv	130.874	-14.385	-2350	-2350-12-31T18:00:00	863085.0364471667
N18-Jye	ज्येष्ठा	α Sco	189.595	-4.012	-2350	-2350-12-31T18:00:00	863085.0364471667
N19-Mul	मूलं	λ Sco	204.414	-13.178	-2350	-2350-12-31T18:00:00	863085.0364471667
N20-PAsh	पूर्वाषाढा	δ Sgr	214.359	-5.852	-2350	-2350-12-31T18:00:00	863085.0364471667
N21-UAsh	उत्तराषाढा	σ Sgr	222.183	-2.798	-2350	-2350-12-31T18:00:00	863085.0364471667
N24-Sha	शतभिषक्	α PsA	273.219	-20.453	-2350	-2350-12-31T18:00:00	863085.0364471667
N27-Rev	रेवती	ζ Psc	319.555	-0.207	-2350	-2350-12-31T18:00:00	863085.0364471667
N10-Mag	मघाः	α Leo	90.630	0.181	-2300	-2300-12-31T06:00:00	881347.5364471667
N13-Has	हस्तः	γ Crv	131.556	-14.385	-2300	-2300-12-31T06:00:00	881347.5364471667
N18-Jye	ज्येष्ठा	α Sco	190.281	-4.018	-2300	-2300-12-31T06:00:00	881347.5364471667
N19-Mul	मूलं	λ Sco	205.099	-13.185	-2300	-2300-12-31T06:00:00	881347.5364471667
N20-PAsh	पूर्वाषाढा	δ Sgr	215.045	-5.859	-2300	-2300-12-31T06:00:00	881347.5364471667
N21-UAsh	उत्तराषाढा	σ Sgr	222.869	-2.806	-2300	-2300-12-31T06:00:00	881347.5364471667
N24-Sha	शतभिषक्	α PsA	273.910	-20.462	-2300	-2300-12-31T06:00:00	881347.5364471667
N27-Rev	रेवती	ζ Psc	320.243	-0.209	-2300	-2300-12-31T06:00:00	881347.5364471667
N10-Mag	मघाः	α Leo	91.313	0.185	-2250	-2250-12-31T18:00:00	899610.0364471667
N13-Has	हस्तः	γ Crv	132.239	-14.386	-2250	-2250-12-31T18:00:00	899610.0364471667
N18-Jye	ज्येष्ठा	α Sco	190.967	-4.024	-2250	-2250-12-31T18:00:00	899610.0364471667
N19-Mul	मूलं	λ Sco	205.785	-13.192	-2250	-2250-12-31T18:00:00	899610.0364471667
N20-PAsh	पूर्वाषाढा	δ Sgr	215.732	-5.866	-2250	-2250-12-31T18:00:00	899610.0364471667
N21-UAsh	उत्तराषाढा	σ Sgr	223.555	-2.814	-2250	-2250-12-31T18:00:00	899610.0364471667
N24-Sha	शतभिषक्	α PsA	274.601	-20.471	-2250	-2250-12-31T18:00:00	899610.0364471667
N27-Rev	रेवती	ζ Psc	320.931	-0.210	-2250	-2250-12-31T18:00:00	899610.0364471667
N10-Mag	मघाः	α Leo	91.996	0.189	-2200	-2200-12-31T06:00:00	917872.5364471667
N13-Has	हस्तः	γ Crv	132.921	-14.386	-2200	-2200-12-31T06:00:00	917872.5364471667
N18-Jye	ज्येष्ठा	α Sco	191.653	-4.030	-2200	-2200-12-31T06:00:00	917872.5364471667
N19-Mul	मूलं	λ Sco	206.471	-13.199	-2200	-2200-12-31T06:00:00	917872.5364471667
N20-PAsh	पूर्वाषाढा	δ Sgr	216.419	-5.874	-2200	-2200-12-31T06:00:00	917872.5364471667
N21-UAsh	उत्तराषाढा	σ Sgr	224.242	-2.822	-2200	-2200-12-31T06:00:00	917872.5364471667
N24-Sha	शतभिषक्	α PsA	275.292	-20.480	-2200	-2200-12-31T06:00:00	917872.5364471667
N27-Rev	रेवती	ζ Psc	321.619	-0.211	-2200	-2200-12-31T06:00:00	917872.5364471667
N10-Mag	मघाः	α Leo	92.679	0.194	-2150	-2150-12-31T18:00:00	936135.0364471667
N13-Has	हस्तः	γ Crv	133.604	-14.386	-2150	-2150-12-31T18:00:00	936135.0364471667
N18-Jye	ज्येष्ठा	α Sco	192.339	-4.036	-2150	-2150-12-31T18:00:00	936135.0364471667
N19-Mul	मूलं	λ Sco	207.157	-13.206	-2150	-2150-12-31T18:00:00	936135.0364471667
N20-PAsh	पूर्वाषाढा	δ Sgr	217.105	-5.881	-2150	-2150-12-31T18:00:00	936135.0364471667
N21-UAsh	उत्तराषाढा	σ Sgr	224.928	-2.829	-2150	-2150-12-31T18:00:00	936135.0364471667
N24-Sha	शतभिषक्	α PsA	275.984	-20.489	-2150	-2150-12-31T18:00:00	936135.0364471667
N27-Rev	रेवती	ζ Psc	322.307	-0.212	-2150	-2150-12-31T18:00:00	936135.0364471667
N10-Mag	मघाः	α Leo	93.362	0.198	-2100	-2100-12-31T06:00:00	954397.5364471667
N13-Has	हस्तः	γ Crv	134.286	-14.386	-2100	-2100-12-31T06:00:00	954397.5364471667
N18-Jye	ज्येष्ठा	α Sco	193.025	-4.043	-2100	-2100-12-31T06:00:00	954397.5364471667
N19-Mul	मूलं	λ Sco	207.843	-13.213	-2100	-2100-12-31T06:00:00	954397.5364471667
N20-PAsh	पूर्वाषाढा	δ Sgr	217.792	-5.888	-2100	-2100-12-31T06:00:00	954397.5364471667
N21-UAsh	उत्तराषाढा	σ Sgr	225.615	-2.837	-2100	-2100-12-31T06:00:00	954397.5364471667
N24-Sha	शतभिषक्	α PsA	276.675	-20.498	-2100	-2100-12-31T06:00:00	954397.5364471667
N27-Rev	रेवती	ζ Psc	322.995	-0.213	-2100	-2100-12-31T06:00:00	954397.5364471667
N10-Mag	मघाः	α Leo	94.045	0.202	-2050	-2050-12-31T18:00:00	972660.0364471667
N13-Has	हस्तः	γ Crv	134.969	-14.387	-2050	-2050-12-31T18:00:00	972660.0364471667
N18-Jye	ज्येष्ठा	α Sco	193.712	-4.049	-2050	-2050-12-31T18:00:00	972660.0364471667
N19-Mul	मूलं	λ Sco	208.529	-13.220	-2050	-2050-12-31T18:00:00	972660.0364471667
N20-PAsh	पूर्वाषाढा	δ Sgr	218.479	-5.895	-2050	-2050-12-31T18:00:00	972660.0364471667
N21-UAsh	उत्तराषाढा	σ Sgr	226.302	-2.845	-2050	-2050-12-31T18:00:00	972660.0364471667
N24-Sha	शतभिषक्	α PsA	277.367	-20.507	-2050	-2050-12-31T18:00:00	972660.0364471667
N27-Rev	रेवती	ζ Psc	323.683	-0.215	-2050	-2050-12-31T18:00:00	972660.0364471667
N10-Mag	मघाः	α Leo	94.728	0.206	-2000	-2000-12-31T06:00:00	990922.5364471667
N13-Has	हस्तः	γ Crv	135.652	-14.387	-2000	-2000-12-31T06:00:00	990922.5364471667
N18-Jye	ज्येष्ठा	α Sco	194.398	-4.055	-2000	-2000-12-31T06:00:00	990922.5364471667
N19-Mul	मूलं	λ Sco	209.216	-13.227	-2000	-2000-12-31T06:00:00	990922.5364471667
N20-PAsh	पूर्वाषाढा	δ Sgr	219.166	-5.903	-2000	-2000-12-31T06:00:00	990922.5364471667
N21-UAsh	उत्तराषाढा	σ Sgr	226.989	-2.853	-2000	-2000-12-31T06:00:00	990922.5364471667
N24-Sha	शतभिषक्	α PsA	278.059	-20.516	-2000	-2000-12-31T06:00:00	990922.5364471667
N27-Rev	रेवती	ζ Psc	324.371	-0.216	-2000	-2000-12-31T06:00:00	990922.5364471667
N10-Mag	मघाः	α Leo	95.412	0.211	-1950	-1950-12-31T18:00:00	1009185.0364471667
N13-Has	हस्तः	γ Crv	136.335	-14.387	-1950	-1950-12-31T18:00:00	1009185.0364471667
N18-Jye	ज्येष्ठा	α Sco	195.085	-4.061	-1950	-1950-12-31T18:00:00	1009185.0364471667
N19-Mul	मूलं	λ Sco	209.902	-13.234	-1950	-1950-12-31T18:00:00	1009185.0364471667
N20-PAsh	पूर्वाषाढा	δ Sgr	219.853	-5.910	-1950	-1950-12-31T18:00:00	1009185.0364471667
N21-UAsh	उत्तराषाढा	σ Sgr	227.676	-2.860	-1950	-1950-12-31T18:00:00	1009185.0364471667
N24-Sha	शतभिषक्	α PsA	278.751	-20.525	-1950	-1950-12-31T18:00:00	1009185.0364471667
N27-Rev	रेवती	ζ Psc	325.060	-0.217	-1950	-1950-12-31T18:00:00	1009185.0364471667
N10-Mag	मघाः	α Leo	96.095	0.215	-1900	-1900-12-31T06:00:00	1027447.5364471667
N13-Has	हस्तः	γ Crv	137.018	-14.388	-1900	-1900-12-31T06:00:00	1027447.5364471667
N18-Jye	ज्येष्ठा	α Sco	195.772	-4.067	-1900	-1900-12-31T06:00:00	1027447.5364471667
N19-Mul	मूलं	λ Sco	210.589	-13.241	-1900	-1900-12-31T06:00:00	1027447.5364471667
N20-PAsh	पूर्वाषाढा	δ Sgr	220.541	-5.917	-1900	-1900-12-31T06:00:00	1027447.5364471667
N21-UAsh	उत्तराषाढा	σ Sgr	228.363	-2.868	-1900	-1900-12-31T06:00:00	1027447.5364471667
N24-Sha	शतभिषक्	α PsA	279.443	-20.533	-1900	-1900-12-31T06:00:00	1027447.5364471667
N27-Rev	रेवती	ζ Psc	325.748	-0.218	-1900	-1900-12-31T06:00:00	1027447.5364471667
N10-Mag	मघाः	α Leo	96.779	0.219	-1850	-1850-12-31T18:00:00	1045710.0364471667
N13-Has	हस्तः	γ Crv	137.702	-14.388	-1850	-1850-12-31T18:00:00	1045710.0364471667
N18-Jye	ज्येष्ठा	α Sco	196.459	-4.073	-1850	-1850-12-31T18:00:00	1045710.0364471667
N19-Mul	मूलं	λ Sco	211.276	-13.248	-1850	-1850-12-31T18:00:00	1045710.0364471667
N20-PAsh	पूर्वाषाढा	δ Sgr	221.228	-5.924	-1850	-1850-12-31T18:00:00	1045710.0364471667
N21-UAsh	उत्तराषाढा	σ Sgr	229.050	-2.876	-1850	-1850-12-31T18:00:00	1045710.0364471667
N24-Sha	शतभिषक्	α PsA	280.135	-20.542	-1850	-1850-12-31T18:00:00	1045710.0364471667
N27-Rev	रेवती	ζ Psc	326.437	-0.219	-1850	-1850-12-31T18:00:00	1045710.0364471667
N10-Mag	मघाः	α Leo	97.463	0.223	-1800	-1800-12-31T06:00:00	1063972.5364471667
N13-Has	हस्तः	γ Crv	138.385	-14.388	-1800	-1800-12-31T06:00:00	1063972.5364471667
N18-Jye	ज्येष्ठा	α Sco	197.146	-4.079	-1800	-1800-12-31T06:00:00	1063972.5364471667
N19-Mul	मूलं	λ Sco	211.963	-13.255	-1800	-1800-12-31T06:00:00	1063972.5364471667
N20-PAsh	पूर्वाषाढा	δ Sgr	221.916	-5.932	-1800	-1800-12-31T06:00:00	1063972.5364471667
N21-UAsh	उत्तराषाढा	σ Sgr	229.738	-2.883	-1800	-1800-12-31T06:00:00	1063972.5364471667
N24-Sha	शतभिषक्	α PsA	280.827	-20.551	-1800	-1800-12-31T06:00:00	1063972.5364471667
N27-Rev	रेवती	ζ Psc	327.126	-0.220	-1800	-1800-12-31T06:00:00	1063972.5364471667
N10-Mag	मघाः	α Leo	98.147	0.227	-1750	-1750-12-31T18:00:00	1082235.0364471667
N13-Has	हस्तः	γ Crv	139.069	-14.389	-1750	-1750-12-31T18:00:00	1082235.0364471667
N18-Jye	ज्येष्ठा	α Sco	197.833	-4.085	-1750	-1750-12-31T18:00:00	1082235.0364471667
N19-Mul	मूलं	λ Sco	212.650	-13.262	-1750	-1750-12-31T18:00:00	1082235.0364471667
N20-PAsh	पूर्वाषाढा	δ Sgr	222.604	-5.939	-1750	-1750-12-31T18:00:00	1082235.0364471667
N21-UAsh	उत्तराषाढा	σ Sgr	230.425	-2.891	-1750	-1750-12-31T18:00:00	1082235.0364471667
N24-Sha	शतभिषक्	α PsA	281.520	-20.560	-1750	-1750-12-31T18:00:00	1082235.0364471667
N27-Rev	रेवती	ζ Psc	327.815	-0.221	-1750	-1750-12-31T18:00:00	1082235.0364471667
N10-Mag	मघाः	α Leo	98.831	0.231	-1700	-1700-12-31T06:00:00	1100497.5364471667
N13-Has	हस्तः	γ Crv	139.752	-14.389	-1700	-1700-12-31T06:00:00	1100497.5364471667
N18-Jye	ज्येष्ठा	α Sco	198.520	-4.091	-1700	-1700-12-31T06:00:00	1100497.5364471667
N19-Mul	मूलं	λ Sco	213.337	-13.269	-1700	-1700-12-31T06:00:00	1100497.5364471667
N20-PAsh	पूर्वाषाढा	δ Sgr	223.292	-5.946	-1700	-1700-12-31T06:00:00	1100497.5364471667
N21-UAsh	उत्तराषाढा	σ Sgr	231.113	-2.899	-1700	-1700-12-31T06:00:00	1100497.5364471667
N24-Sha	शतभिषक्	α PsA	282.212	-20.568	-1700	-1700-12-31T06:00:00	1100497.5364471667
N27-Rev	रेवती	ζ Psc	328.504	-0.221	-1700	-1700-12-31T06:00:00	1100497.5364471667
N10-Mag	मघाः	α Leo	99.515	0.235	-1650	-1650-12-31T18:00:00	1118760.0364471667
N13-Has	हस्तः	γ Crv	140.436	-14.390	-1650	-1650-12-31T18:00:00	1118760.0364471667
N18-Jye	ज्येष्ठा	α Sco	199.208	-4.098	-1650	-1650-12-31T18:00:00	1118760.0364471667
N19-Mul	मूलं	λ Sco	214.024	-13.276	-1650	-1650-12-31T18:00:00	1118760.0364471667
N20-PAsh	पूर्वाषाढा	δ Sgr	223.980	-5.953	-1650	-1650-12-31T18:00:00	1118760.0364471667
N21-UAsh	उत्तराषाढा	σ Sgr	231.801	-2.907	-1650	-1650-12-31T18:00:00	1118760.0364471667
N24-Sha	शतभिषक्	α PsA	282.905	-20.577	-1650	-1650-12-31T18:00:00	1118760.0364471667
N27-Rev	रेवती	ζ Psc	329.193	-0.222	-1650	-1650-12-31T18:00:00	1118760.0364471667
N10-Mag	मघाः	α Leo	100.199	0.239	-1600	-1600-12-31T06:00:00	1137022.5364471667
N13-Has	हस्तः	γ Crv	141.120	-14.390	-1600	-1600-12-31T06:00:00	1137022.5364471667
N18-Jye	ज्येष्ठा	α Sco	199.895	-4.104	-1600	-1600-12-31T06:00:00	1137022.5364471667
N19-Mul	मूलं	λ Sco	214.712	-13.283	-1600	-1600-12-31T06:00:00	1137022.5364471667
N20-PAsh	पूर्वाषाढा	δ Sgr	224.668	-5.961	-1600	-1600-12-31T06:00:00	1137022.5364471667
N21-UAsh	उत्तराषाढा	σ Sgr	232.489	-2.914	-1600	-1600-12-31T06:00:00	1137022.5364471667
N24-Sha	शतभिषक्	α PsA	283.598	-20.586	-1600	-1600-12-31T06:00:00	1137022.5364471667
N27-Rev	रेवती	ζ Psc	329.883	-0.223	-1600	-1600-12-31T06:00:00	1137022.5364471667
N10-Mag	मघाः	α Leo	100.884	0.243	-1550	-1550-12-31T18:00:00	1155285.0364471667
N13-Has	हस्तः	γ Crv	141.804	-14.391	-1550	-1550-12-31T18:00:00	1155285.0364471667
N18-Jye	ज्येष्ठा	α Sco	200.583	-4.110	-1550	-1550-12-31T18:00:00	1155285.0364471667
N19-Mul	मूलं	λ Sco	215.399	-13.290	-1550	-1550-12-31T18:00:00	1155285.0364471667
N20-PAsh	पूर्वाषाढा	δ Sgr	225.356	-5.968	-1550	-1550-12-31T18:00:00	1155285.0364471667
N21-UAsh	उत्तराषाढा	σ Sgr	233.177	-2.922	-1550	-1550-12-31T18:00:00	1155285.0364471667
N24-Sha	शतभिषक्	α PsA	284.291	-20.594	-1550	-1550-12-31T18:00:00	1155285.0364471667
N27-Rev	रेवती	ζ Psc	330.572	-0.224	-1550	-1550-12-31T18:00:00	1155285.0364471667
N10-Mag	मघाः	α Leo	101.568	0.247	-1500	-1500-12-31T06:00:00	1173547.5364471667
N13-Has	हस्तः	γ Crv	142.488	-14.392	-1500	-1500-12-31T06:00:00	1173547.5364471667
N18-Jye	ज्येष्ठा	α Sco	201.271	-4.116	-1500	-1500-12-31T06:00:00	1173547.5364471667
N19-Mul	मूलं	λ Sco	216.087	-13.297	-1500	-1500-12-31T06:00:00	1173547.5364471667
N20-PAsh	पूर्वाषाढा	δ Sgr	226.045	-5.975	-1500	-1500-12-31T06:00:00	1173547.5364471667
N21-UAsh	उत्तराषाढा	σ Sgr	233.865	-2.930	-1500	-1500-12-31T06:00:00	1173547.5364471667
N24-Sha	शतभिषक्	α PsA	284.984	-20.603	-1500	-1500-12-31T06:00:00	1173547.5364471667
N27-Rev	रेवती	ζ Psc	331.262	-0.225	-1500	-1500-12-31T06:00:00	1173547.5364471667
N10-Mag	मघाः	α Leo	102.253	0.251	-1450	-1450-12-31T18:00:00	1191810.0364471667
N13-Has	हस्तः	γ Crv	143.173	-14.392	-1450	-1450-12-31T18:00:00	1191810.0364471667
N18-Jye	ज्येष्ठा	α Sco	201.959	-4.122	-1450	-1450-12-31T18:00:00	1191810.0364471667
N19-Mul	मूलं	λ Sco	216.775	-13.304	-1450	-1450-12-31T18:00:00	1191810.0364471667
N20-PAsh	पूर्वाषाढा	δ Sgr	226.733	-5.982	-1450	-1450-12-31T18:00:00	1191810.0364471667
N21-UAsh	उत्तराषाढा	σ Sgr	234.554	-2.937	-1450	-1450-12-31T18:00:00	1191810.0364471667
N24-Sha	शतभिषक्	α PsA	285.677	-20.611	-1450	-1450-12-31T18:00:00	1191810.0364471667
N27-Rev	रेवती	ζ Psc	331.952	-0.225	-1450	-1450-12-31T18:00:00	1191810.0364471667
N10-Mag	मघाः	α Leo	102.938	0.255	-1400	-1400-12-31T06:00:00	1210072.5364471667
N13-Has	हस्तः	γ Crv	143.857	-14.393	-1400	-1400-12-31T06:00:00	1210072.5364471667
N18-Jye	ज्येष्ठा	α Sco	202.647	-4.129	-1400	-1400-12-31T06:00:00	1210072.5364471667
N19-Mul	मूलं	λ Sco	217.463	-13.311	-1400	-1400-12-31T06:00:00	1210072.5364471667
N20-PAsh	पूर्वाषाढा	δ Sgr	227.422	-5.990	-1400	-1400-12-31T06:00:00	1210072.5364471667
N21-UAsh	उत्तराषाढा	σ Sgr	235.242	-2.945	-1400	-1400-12-31T06:00:00	1210072.5364471667
N24-Sha	शतभिषक्	α PsA	286.371	-20.620	-1400	-1400-12-31T06:00:00	1210072.5364471667
N27-Rev	रेवती	ζ Psc	332.642	-0.226	-1400	-1400-12-31T06:00:00	1210072.5364471667
N10-Mag	मघाः	α Leo	103.623	0.259	-1350	-1350-12-31T18:00:00	1228335.0364471667
N13-Has	हस्तः	γ Crv	144.542	-14.394	-1350	-1350-12-31T18:00:00	1228335.0364471667
N18-Jye	ज्येष्ठा	α Sco	203.335	-4.135	-1350	-1350-12-31T18:00:00	1228335.0364471667
N19-Mul	मूलं	λ Sco	218.151	-13.318	-1350	-1350-12-31T18:00:00	1228335.0364471667
N20-PAsh	पूर्वाषाढा	δ Sgr	228.111	-5.997	-1350	-1350-12-31T18:00:00	1228335.0364471667
N21-UAsh	उत्तराषाढा	σ Sgr	235.931	-2.953	-1350	-1350-12-31T18:00:00	1228335.0364471667
N24-Sha	शतभिषक्	α PsA	287.064	-20.628	-1350	-1350-12-31T18:00:00	1228335.0364471667
N27-Rev	रेवती	ζ Psc	333.332	-0.227	-1350	-1350-12-31T18:00:00	1228335.0364471667
N10-Mag	मघाः	α Leo	104.308	0.263	-1300	-1300-12-31T06:00:00	1246597.5364471667
N13-Has	हस्तः	γ Crv	145.226	-14.394	-1300	-1300-12-31T06:00:00	1246597.5364471667
N18-Jye	ज्येष्ठा	α Sco	204.023	-4.141	-1300	-1300-12-31T06:00:00	1246597.5364471667
N19-Mul	मूलं	λ Sco	218.840	-13.325	-1300	-1300-12-31T06:00:00	1246597.5364471667
N20-PAsh	पूर्वाषाढा	δ Sgr	228.800	-6.004	-1300	-1300-12-31T06:00:00	1246597.5364471667
N21-UAsh	उत्तराषाढा	σ Sgr	236.619	-2.961	-1300	-1300-12-31T06:00:00	1246597.5364471667
N24-Sha	शतभिषक्	α PsA	287.758	-20.637	-1300	-1300-12-31T06:00:00	1246597.5364471667
N27-Rev	रेवती	ζ Psc	334.022	-0.228	-1300	-1300-12-31T06:00:00	1246597.5364471667
N10-Mag	मघाः	α Leo	104.993	0.267	-1250	-1250-12-31T18:00:00	1264860.0364471667
N13-Has	हस्तः	γ Crv	145.911	-14.395	-1250	-1250-12-31T18:00:00	1264860.0364471667
N18-Jye	ज्येष्ठा	α Sco	204.712	-4.147	-1250	-1250-12-31T18:00:00	1264860.0364471667
N19-Mul	मूलं	λ Sco	219.528	-13.332	-1250	-1250-12-31T18:00:00	1264860.0364471667
N20-PAsh	पूर्वाषाढा	δ Sgr	229.489	-6.011	-1250	-1250-12-31T18:00:00	1264860.0364471667
N21-UAsh	उत्तराषाढा	σ Sgr	237.308	-2.968	-1250	-1250-12-31T18:00:00	1264860.0364471667
N24-Sha	शतभिषक्	α PsA	288.452	-20.645	-1250	-1250-12-31T18:00:00	1264860.0364471667
N27-Rev	रेवती	ζ Psc	334.712	-0.228	-1250	-1250-12-31T18:00:00	1264860.0364471667
N10-Mag	मघाः	α Leo	105.679	0.271	-1200	-1200-12-31T06:00:00	1283122.5364471667
N13-Has	हस्तः	γ Crv	146.596	-14.396	-1200	-1200-12-31T06:00:00	1283122.5364471667
N18-Jye	ज्येष्ठा	α Sco	205.400	-4.153	-1200	-1200-12-31T06:00:00	1283122.5364471667
N19-Mul	मूलं	λ Sco	220.217	-13.339	-1200	-1200-12-31T06:00:00	1283122.5364471667
N20-PAsh	पूर्वाषाढा	δ Sgr	230.178	-6.019	-1200	-1200-12-31T06:00:00	1283122.5364471667
N21-UAsh	उत्तराषाढा	σ Sgr	237.997	-2.976	-1200	-1200-12-31T06:00:00	1283122.5364471667
N24-Sha	शतभिषक्	α PsA	289.146	-20.654	-1200	-1200-12-31T06:00:00	1283122.5364471667
N27-Rev	रेवती	ζ Psc	335.403	-0.229	-1200	-1200-12-31T06:00:00	1283122.5364471667
N10-Mag	मघाः	α Leo	106.364	0.275	-1150	-1150-12-31T18:00:00	1301385.0364471667
N13-Has	हस्तः	γ Crv	147.281	-14.397	-1150	-1150-12-31T18:00:00	1301385.0364471667
N18-Jye	ज्येष्ठा	α Sco	206.089	-4.160	-1150	-1150-12-31T18:00:00	1301385.0364471667
N19-Mul	मूलं	λ Sco	220.905	-13.346	-1150	-1150-12-31T18:00:00	1301385.0364471667
N20-PAsh	पूर्वाषाढा	δ Sgr	230.867	-6.026	-1150	-1150-12-31T18:00:00	1301385.0364471667
N21-UAsh	उत्तराषाढा	σ Sgr	238.687	-2.984	-1150	-1150-12-31T18:00:00	1301385.0364471667
N24-Sha	शतभिषक्	α PsA	289.840	-20.662	-1150	-1150-12-31T18:00:00	1301385.0364471667
N27-Rev	रेवती	ζ Psc	336.093	-0.229	-1150	-1150-12-31T18:00:00	1301385.0364471667
N10-Mag	मघाः	α Leo	107.050	0.279	-1100	-1100-12-31T06:00:00	1319647.5364471667
N13-Has	हस्तः	γ Crv	147.967	-14.397	-1100	-1100-12-31T06:00:00	1319647.5364471667
N18-Jye	ज्येष्ठा	α Sco	206.778	-4.166	-1100	-1100-12-31T06:00:00	1319647.5364471667
N19-Mul	मूलं	λ Sco	221.594	-13.353	-1100	-1100-12-31T06:00:00	1319647.5364471667
N20-PAsh	पूर्वाषाढा	δ Sgr	231.557	-6.033	-1100	-1100-12-31T06:00:00	1319647.5364471667
N21-UAsh	उत्तराषाढा	σ Sgr	239.376	-2.991	-1100	-1100-12-31T06:00:00	1319647.5364471667
N24-Sha	शतभिषक्	α PsA	290.535	-20.670	-1100	-1100-12-31T06:00:00	1319647.5364471667
N27-Rev	रेवती	ζ Psc	336.784	-0.230	-1100	-1100-12-31T06:00:00	1319647.5364471667
N10-Mag	मघाः	α Leo	107.736	0.282	-1050	-1050-12-31T18:00:00	1337910.0364471667
N13-Has	हस्तः	γ Crv	148.652	-14.398	-1050	-1050-12-31T18:00:00	1337910.0364471667
N18-Jye	ज्येष्ठा	α Sco	207.467	-4.172	-1050	-1050-12-31T18:00:00	1337910.0364471667
N19-Mul	मूलं	λ Sco	222.283	-13.360	-1050	-1050-12-31T18:00:00	1337910.0364471667
N20-PAsh	पूर्वाषाढा	δ Sgr	232.246	-6.040	-1050	-1050-12-31T18:00:00	1337910.0364471667
N21-UAsh	उत्तराषाढा	σ Sgr	240.065	-2.999	-1050	-1050-12-31T18:00:00	1337910.0364471667
N24-Sha	शतभिषक्	α PsA	291.229	-20.679	-1050	-1050-12-31T18:00:00	1337910.0364471667
N27-Rev	रेवती	ζ Psc	337.475	-0.231	-1050	-1050-12-31T18:00:00	1337910.0364471667
N10-Mag	मघाः	α Leo	108.421	0.286	-1000	-1000-12-31T06:00:00	1356172.5364471667
N13-Has	हस्तः	γ Crv	149.338	-14.399	-1000	-1000-12-31T06:00:00	1356172.5364471667
N18-Jye	ज्येष्ठा	α Sco	208.156	-4.179	-1000	-1000-12-31T06:00:00	1356172.5364471667
N19-Mul	मूलं	λ Sco	222.972	-13.367	-1000	-1000-12-31T06:00:00	1356172.5364471667
N20-PAsh	पूर्वाषाढा	δ Sgr	232.936	-6.047	-1000	-1000-12-31T06:00:00	1356172.5364471667
N21-UAsh	उत्तराषाढा	σ Sgr	240.755	-3.007	-1000	-1000-12-31T06:00:00	1356172.5364471667
N24-Sha	शतभिषक्	α PsA	291.924	-20.687	-1000	-1000-12-31T06:00:00	1356172.5364471667
N27-Rev	रेवती	ζ Psc	338.166	-0.231	-1000	-1000-12-31T06:00:00	1356172.5364471667
N10-Mag	मघाः	α Leo	109.108	0.290	-950	-0950-12-31T18:00:00	1374435.0364471667
N13-Has	हस्तः	γ Crv	150.023	-14.400	-950	-0950-12-31T18:00:00	1374435.0364471667
N18-Jye	ज्येष्ठा	α Sco	208.846	-4.185	-950	-0950-12-31T18:00:00	1374435.0364471667
N19-Mul	मूलं	λ Sco	223.662	-13.374	-950	-0950-12-31T18:00:00	1374435.0364471667
N20-PAsh	पूर्वाषाढा	δ Sgr	233.626	-6.055	-950	-0950-12-31T18:00:00	1374435.0364471667
N21-UAsh	उत्तराषाढा	σ Sgr	241.445	-3.014	-950	-0950-12-31T18:00:00	1374435.0364471667
N24-Sha	शतभिषक्	α PsA	292.618	-20.695	-950	-0950-12-31T18:00:00	1374435.0364471667
N27-Rev	रेवती	ζ Psc	338.857	-0.232	-950	-0950-12-31T18:00:00	1374435.0364471667
N10-Mag	मघाः	α Leo	109.794	0.293	-900	-0900-12-31T06:00:00	1392697.5364471667
N13-Has	हस्तः	γ Crv	150.709	-14.401	-900	-0900-12-31T06:00:00	1392697.5364471667
N18-Jye	ज्येष्ठा	α Sco	209.535	-4.191	-900	-0900-12-31T06:00:00	1392697.5364471667
N19-Mul	मूलं	λ Sco	224.351	-13.381	-900	-0900-12-31T06:00:00	1392697.5364471667
N20-PAsh	पूर्वाषाढा	δ Sgr	234.316	-6.062	-900	-0900-12-31T06:00:00	1392697.5364471667
N21-UAsh	उत्तराषाढा	σ Sgr	242.135	-3.022	-900	-0900-12-31T06:00:00	1392697.5364471667
N24-Sha	शतभिषक्	α PsA	293.313	-20.704	-900	-0900-12-31T06:00:00	1392697.5364471667
N27-Rev	रेवती	ζ Psc	339.548	-0.232	-900	-0900-12-31T06:00:00	1392697.5364471667
N10-Mag	मघाः	α Leo	110.480	0.297	-850	-0850-12-31T18:00:00	1410960.0364471667
N13-Has	हस्तः	γ Crv	151.395	-14.402	-850	-0850-12-31T18:00:00	1410960.0364471667
N18-Jye	ज्येष्ठा	α Sco	210.225	-4.198	-850	-0850-12-31T18:00:00	1410960.0364471667
N19-Mul	मूलं	λ Sco	225.041	-13.388	-850	-0850-12-31T18:00:00	1410960.0364471667
N20-PAsh	पूर्वाषाढा	δ Sgr	235.006	-6.069	-850	-0850-12-31T18:00:00	1410960.0364471667
N21-UAsh	उत्तराषाढा	σ Sgr	242.825	-3.029	-850	-0850-12-31T18:00:00	1410960.0364471667
N24-Sha	शतभिषक्	α PsA	294.008	-20.712	-850	-0850-12-31T18:00:00	1410960.0364471667
N27-Rev	रेवती	ζ Psc	340.240	-0.232	-850	-0850-12-31T18:00:00	1410960.0364471667
N10-Mag	मघाः	α Leo	111.167	0.301	-800	-0800-12-31T06:00:00	1429222.5364471667
N13-Has	हस्तः	γ Crv	152.081	-14.403	-800	-0800-12-31T06:00:00	1429222.5364471667
N18-Jye	ज्येष्ठा	α Sco	210.914	-4.204	-800	-0800-12-31T06:00:00	1429222.5364471667
N19-Mul	मूलं	λ Sco	225.730	-13.395	-800	-0800-12-31T06:00:00	1429222.5364471667
N20-PAsh	पूर्वाषाढा	δ Sgr	235.697	-6.076	-800	-0800-12-31T06:00:00	1429222.5364471667
N21-UAsh	उत्तराषाढा	σ Sgr	243.515	-3.037	-800	-0800-12-31T06:00:00	1429222.5364471667
N24-Sha	शतभिषक्	α PsA	294.703	-20.720	-800	-0800-12-31T06:00:00	1429222.5364471667
N27-Rev	रेवती	ζ Psc	340.931	-0.233	-800	-0800-12-31T06:00:00	1429222.5364471667
N10-Mag	मघाः	α Leo	111.853	0.304	-750	-0750-12-31T18:00:00	1447485.0364471667
N13-Has	हस्तः	γ Crv	152.768	-14.404	-750	-0750-12-31T18:00:00	1447485.0364471667
N18-Jye	ज्येष्ठा	α Sco	211.604	-4.210	-750	-0750-12-31T18:00:00	1447485.0364471667
N19-Mul	मूलं	λ Sco	226.420	-13.402	-750	-0750-12-31T18:00:00	1447485.0364471667
N20-PAsh	पूर्वाषाढा	δ Sgr	236.387	-6.084	-750	-0750-12-31T18:00:00	1447485.0364471667
N21-UAsh	उत्तराषाढा	σ Sgr	244.205	-3.045	-750	-0750-12-31T18:00:00	1447485.0364471667
N24-Sha	शतभिषक्	α PsA	295.399	-20.728	-750	-0750-12-31T18:00:00	1447485.0364471667
N27-Rev	रेवती	ζ Psc	341.623	-0.233	-750	-0750-12-31T18:00:00	1447485.0364471667
N10-Mag	मघाः	α Leo	112.540	0.308	-700	-0700-12-31T06:00:00	1465747.5364471667
N13-Has	हस्तः	γ Crv	153.454	-14.405	-700	-0700-12-31T06:00:00	1465747.5364471667
N18-Jye	ज्येष्ठा	α Sco	212.294	-4.217	-700	-0700-12-31T06:00:00	1465747.5364471667
N19-Mul	मूलं	λ Sco	227.110	-13.409	-700	-0700-12-31T06:00:00	1465747.5364471667
N20-PAsh	पूर्वाषाढा	δ Sgr	237.078	-6.091	-700	-0700-12-31T06:00:00	1465747.5364471667
N21-UAsh	उत्तराषाढा	σ Sgr	244.896	-3.052	-700	-0700-12-31T06:00:00	1465747.5364471667
N24-Sha	शतभिषक्	α PsA	296.094	-20.736	-700	-0700-12-31T06:00:00	1465747.5364471667
N27-Rev	रेवती	ζ Psc	342.315	-0.234	-700	-0700-12-31T06:00:00	1465747.5364471667
N10-Mag	मघाः	α Leo	113.227	0.312	-650	-0650-12-31T18:00:00	1484010.0364471667
N13-Has	हस्तः	γ Crv	154.141	-14.406	-650	-0650-12-31T18:00:00	1484010.0364471667
N18-Jye	ज्येष्ठा	α Sco	212.985	-4.223	-650	-0650-12-31T18:00:00	1484010.0364471667
N19-Mul	मूलं	λ Sco	227.801	-13.416	-650	-0650-12-31T18:00:00	1484010.0364471667
N20-PAsh	पूर्वाषाढा	δ Sgr	237.769	-6.098	-650	-0650-12-31T18:00:00	1484010.0364471667
N21-UAsh	उत्तराषाढा	σ Sgr	245.586	-3.060	-650	-0650-12-31T18:00:00	1484010.0364471667
N24-Sha	शतभिषक्	α PsA	296.790	-20.744	-650	-0650-12-31T18:00:00	1484010.0364471667
N27-Rev	रेवती	ζ Psc	343.007	-0.234	-650	-0650-12-31T18:00:00	1484010.0364471667
N10-Mag	मघाः	α Leo	113.914	0.315	-600	-0600-12-31T06:00:00	1502272.5364471667
N13-Has	हस्तः	γ Crv	154.827	-14.407	-600	-0600-12-31T06:00:00	1502272.5364471667
N18-Jye	ज्येष्ठा	α Sco	213.675	-4.229	-600	-0600-12-31T06:00:00	1502272.5364471667
N19-Mul	मूलं	λ Sco	228.491	-13.423	-600	-0600-12-31T06:00:00	1502272.5364471667
N20-PAsh	पूर्वाषाढा	δ Sgr	238.460	-6.105	-600	-0600-12-31T06:00:00	1502272.5364471667
N21-UAsh	उत्तराषाढा	σ Sgr	246.277	-3.067	-600	-0600-12-31T06:00:00	1502272.5364471667
N24-Sha	शतभिषक्	α PsA	297.485	-20.753	-600	-0600-12-31T06:00:00	1502272.5364471667
N27-Rev	रेवती	ζ Psc	343.699	-0.234	-600	-0600-12-31T06:00:00	1502272.5364471667
N10-Mag	मघाः	α Leo	114.601	0.319	-550	-0550-12-31T18:00:00	1520535.0364471667
N13-Has	हस्तः	γ Crv	155.514	-14.408	-550	-0550-12-31T18:00:00	1520535.0364471667
N18-Jye	ज्येष्ठा	α Sco	214.365	-4.236	-550	-0550-12-31T18:00:00	1520535.0364471667
N19-Mul	मूलं	λ Sco	229.181	-13.430	-550	-0550-12-31T18:00:00	1520535.0364471667
N20-PAsh	पूर्वाषाढा	δ Sgr	239.151	-6.112	-550	-0550-12-31T18:00:00	1520535.0364471667
N21-UAsh	उत्तराषाढा	σ Sgr	246.968	-3.075	-550	-0550-12-31T18:00:00	1520535.0364471667
N24-Sha	शतभिषक्	α PsA	298.181	-20.761	-550	-0550-12-31T18:00:00	1520535.0364471667
N27-Rev	रेवती	ζ Psc	344.391	-0.234	-550	-0550-12-31T18:00:00	1520535.0364471667
N10-Mag	मघाः	α Leo	115.288	0.322	-500	-0500-12-31T06:00:00	1538797.5364471667
N13-Has	हस्तः	γ Crv	156.201	-14.410	-500	-0500-12-31T06:00:00	1538797.5364471667
N18-Jye	ज्येष्ठा	α Sco	215.056	-4.242	-500	-0500-12-31T06:00:00	1538797.5364471667
N19-Mul	मूलं	λ Sco	229.872	-13.437	-500	-0500-12-31T06:00:00	1538797.5364471667
N20-PAsh	पूर्वाषाढा	δ Sgr	239.842	-6.120	-500	-0500-12-31T06:00:00	1538797.5364471667
N21-UAsh	उत्तराषाढा	σ Sgr	247.659	-3.083	-500	-0500-12-31T06:00:00	1538797.5364471667
N24-Sha	शतभिषक्	α PsA	298.877	-20.769	-500	-0500-12-31T06:00:00	1538797.5364471667
N27-Rev	रेवती	ζ Psc	345.084	-0.235	-500	-0500-12-31T06:00:00	1538797.5364471667
N10-Mag	मघाः	α Leo	115.976	0.326	-450	-0450-12-31T18:00:00	1557060.0364471667
N13-Has	हस्तः	γ Crv	156.888	-14.411	-450	-0450-12-31T18:00:00	1557060.0364471667
N18-Jye	ज्येष्ठा	α Sco	215.747	-4.249	-450	-0450-12-31T18:00:00	1557060.0364471667
N19-Mul	मूलं	λ Sco	230.563	-13.444	-450	-0450-12-31T18:00:00	1557060.0364471667
N20-PAsh	पूर्वाषाढा	δ Sgr	240.533	-6.127	-450	-0450-12-31T18:00:00	1557060.0364471667
N21-UAsh	उत्तराषाढा	σ Sgr	248.350	-3.090	-450	-0450-12-31T18:00:00	1557060.0364471667
N24-Sha	शतभिषक्	α PsA	299.574	-20.777	-450	-0450-12-31T18:00:00	1557060.0364471667
N27-Rev	रेवती	ζ Psc	345.776	-0.235	-450	-0450-12-31T18:00:00	1557060.0364471667
N10-Mag	मघाः	α Leo	116.663	0.329	-400	-0400-12-31T06:00:00	1575322.5364471667
N13-Has	हस्तः	γ Crv	157.575	-14.412	-400	-0400-12-31T06:00:00	1575322.5364471667
N18-Jye	ज्येष्ठा	α Sco	216.438	-4.255	-400	-0400-12-31T06:00:00	1575322.5364471667
N19-Mul	मूलं	λ Sco	231.254	-13.451	-400	-0400-12-31T06:00:00	1575322.5364471667
N20-PAsh	पूर्वाषाढा	δ Sgr	241.225	-6.134	-400	-0400-12-31T06:00:00	1575322.5364471667
N21-UAsh	उत्तराषाढा	σ Sgr	249.041	-3.098	-400	-0400-12-31T06:00:00	1575322.5364471667
N24-Sha	शतभिषक्	α PsA	300.270	-20.785	-400	-0400-12-31T06:00:00	1575322.5364471667
N27-Rev	रेवती	ζ Psc	346.469	-0.235	-400	-0400-12-31T06:00:00	1575322.5364471667
N10-Mag	मघाः	α Leo	117.351	0.333	-350	-0350-12-31T18:00:00	1593585.0364471667
N13-Has	हस्तः	γ Crv	158.263	-14.413	-350	-0350-12-31T18:00:00	1593585.0364471667
N18-Jye	ज्येष्ठा	α Sco	217.129	-4.261	-350	-0350-12-31T18:00:00	1593585.0364471667
N19-Mul	मूलं	λ Sco	231.945	-13.458	-350	-0350-12-31T18:00:00	1593585.0364471667
N20-PAsh	पूर्वाषाढा	δ Sgr	241.917	-6.141	-350	-0350-12-31T18:00:00	1593585.0364471667
N21-UAsh	उत्तराषाढा	σ Sgr	249.733	-3.105	-350	-0350-12-31T18:00:00	1593585.0364471667
N24-Sha	शतभिषक्	α PsA	300.966	-20.793	-350	-0350-12-31T18:00:00	1593585.0364471667
N27-Rev	रेवती	ζ Psc	347.162	-0.235	-350	-0350-12-31T18:00:00	1593585.0364471667
N10-Mag	मघाः	α Leo	118.039	0.336	-300	-0300-12-31T06:00:00	1611847.5364471667
N13-Has	हस्तः	γ Crv	158.950	-14.414	-300	-0300-12-31T06:00:00	1611847.5364471667
N18-Jye	ज्येष्ठा	α Sco	217.820	-4.268	-300	-0300-12-31T06:00:00	1611847.5364471667
N19-Mul	मूलं	λ Sco	232.636	-13.465	-300	-0300-12-31T06:00:00	1611847.5364471667
N20-PAsh	पूर्वाषाढा	δ Sgr	242.608	-6.148	-300	-0300-12-31T06:00:00	1611847.5364471667
N21-UAsh	उत्तराषाढा	σ Sgr	250.424	-3.113	-300	-0300-12-31T06:00:00	1611847.5364471667
N24-Sha	शतभिषक्	α PsA	301.663	-20.801	-300	-0300-12-31T06:00:00	1611847.5364471667
N27-Rev	रेवती	ζ Psc	347.855	-0.235	-300	-0300-12-31T06:00:00	1611847.5364471667
N10-Mag	मघाः	α Leo	118.727	0.339	-250	-0250-12-31T18:00:00	1630110.0364471667
N13-Has	हस्तः	γ Crv	159.638	-14.416	-250	-0250-12-31T18:00:00	1630110.0364471667
N18-Jye	ज्येष्ठा	α Sco	218.511	-4.274	-250	-0250-12-31T18:00:00	1630110.0364471667
N19-Mul	मूलं	λ Sco	233.327	-13.472	-250	-0250-12-31T18:00:00	1630110.0364471667
N20-PAsh	पूर्वाषाढा	δ Sgr	243.300	-6.156	-250	-0250-12-31T18:00:00	1630110.0364471667
N21-UAsh	उत्तराषाढा	σ Sgr	251.116	-3.120	-250	-0250-12-31T18:00:00	1630110.0364471667
N24-Sha	शतभिषक्	α PsA	302.360	-20.809	-250	-0250-12-31T18:00:00	1630110.0364471667
N27-Rev	रेवती	ζ Psc	348.548	-0.235	-250	-0250-12-31T18:00:00	1630110.0364471667
N10-Mag	मघाः	α Leo	119.415	0.343	-200	-0200-12-31T06:00:00	1648372.5364471667
N13-Has	हस्तः	γ Crv	160.326	-14.417	-200	-0200-12-31T06:00:00	1648372.5364471667
N18-Jye	ज्येष्ठा	α Sco	219.203	-4.281	-200	-0200-12-31T06:00:00	1648372.5364471667
N19-Mul	मूलं	λ Sco	234.019	-13.479	-200	-0200-12-31T06:00:00	1648372.5364471667
N20-PAsh	पूर्वाषाढा	δ Sgr	243.992	-6.163	-200	-0200-12-31T06:00:00	1648372.5364471667
N21-UAsh	उत्तराषाढा	σ Sgr	251.808	-3.128	-200	-0200-12-31T06:00:00	1648372.5364471667
N24-Sha	शतभिषक्	α PsA	303.057	-20.816	-200	-0200-12-31T06:00:00	1648372.5364471667
N27-Rev	रेवती	ζ Psc	349.241	-0.235	-200	-0200-12-31T06:00:00	1648372.5364471667
N10-Mag	मघाः	α Leo	120.104	0.346	-150	-0150-12-31T18:00:00	1666635.0364471667
N13-Has	हस्तः	γ Crv	161.014	-14.418	-150	-0150-12-31T18:00:00	1666635.0364471667
N18-Jye	ज्येष्ठा	α Sco	219.894	-4.287	-150	-0150-12-31T18:00:00	1666635.0364471667
N19-Mul	मूलं	λ Sco	234.711	-13.486	-150	-0150-12-31T18:00:00	1666635.0364471667
N20-PAsh	पूर्वाषाढा	δ Sgr	244.685	-6.170	-150	-0150-12-31T18:00:00	1666635.0364471667
N21-UAsh	उत्तराषाढा	σ Sgr	252.500	-3.135	-150	-0150-12-31T18:00:00	1666635.0364471667
N24-Sha	शतभिषक्	α PsA	303.754	-20.824	-150	-0150-12-31T18:00:00	1666635.0364471667
N27-Rev	रेवती	ζ Psc	349.934	-0.235	-150	-0150-12-31T18:00:00	1666635.0364471667
N10-Mag	मघाः	α Leo	120.792	0.349	-100	-0100-12-31T06:00:00	1684897.5364471667
N13-Has	हस्तः	γ Crv	161.702	-14.420	-100	-0100-12-31T06:00:00	1684897.5364471667
N18-Jye	ज्येष्ठा	α Sco	220.586	-4.294	-100	-0100-12-31T06:00:00	1684897.5364471667
N19-Mul	मूलं	λ Sco	235.402	-13.494	-100	-0100-12-31T06:00:00	1684897.5364471667
N20-PAsh	पूर्वाषाढा	δ Sgr	245.377	-6.177	-100	-0100-12-31T06:00:00	1684897.5364471667
N21-UAsh	उत्तराषाढा	σ Sgr	253.192	-3.143	-100	-0100-12-31T06:00:00	1684897.5364471667
N24-Sha	शतभिषक्	α PsA	304.451	-20.832	-100	-0100-12-31T06:00:00	1684897.5364471667
N27-Rev	रेवती	ζ Psc	350.628	-0.236	-100	-0100-12-31T06:00:00	1684897.5364471667
N10-Mag	मघाः	α Leo	121.481	0.353	-50	-0050-12-31T18:00:00	1703160.0364471667
N13-Has	हस्तः	γ Crv	162.390	-14.421	-50	-0050-12-31T18:00:00	1703160.0364471667
N18-Jye	ज्येष्ठा	α Sco	221.278	-4.300	-50	-0050-12-31T18:00:00	1703160.0364471667
N19-Mul	मूलं	λ Sco	236.094	-13.501	-50	-0050-12-31T18:00:00	1703160.0364471667
N20-PAsh	पूर्वाषाढा	δ Sgr	246.070	-6.184	-50	-0050-12-31T18:00:00	1703160.0364471667
N21-UAsh	उत्तराषाढा	σ Sgr	253.884	-3.150	-50	-0050-12-31T18:00:00	1703160.0364471667
N24-Sha	शतभिषक्	α PsA	305.148	-20.840	-50	-0050-12-31T18:00:00	1703160.0364471667
N27-Rev	रेवती	ζ Psc	351.322	-0.236	-50	-0050-12-31T18:00:00	1703160.0364471667
N10-Mag	मघाः	α Leo	122.170	0.356	0	0000-12-31T06:00:00	1721422.5364471667
N13-Has	हस्तः	γ Crv	163.079	-14.423	0	0000-12-31T06:00:00	1721422.5364471667
N18-Jye	ज्येष्ठा	α Sco	221.970	-4.306	0	0000-12-31T06:00:00	1721422.5364471667
N19-Mul	मूलं	λ Sco	236.787	-13.508	0	0000-12-31T06:00:00	1721422.5364471667
N20-PAsh	पूर्वाषाढा	δ Sgr	246.762	-6.191	0	0000-12-31T06:00:00	1721422.5364471667
N21-UAsh	उत्तराषाढा	σ Sgr	254.577	-3.158	0	0000-12-31T06:00:00	1721422.5364471667
N24-Sha	शतभिषक्	α PsA	305.846	-20.848	0	0000-12-31T06:00:00	1721422.5364471667
N27-Rev	रेवती	ζ Psc	352.015	-0.235	0	0000-12-31T06:00:00	1721422.5364471667
N10-Mag	मघाः	α Leo	122.859	0.359	50	0050-12-31T18:00:00	1739685.0364471667
N13-Has	हस्तः	γ Crv	163.767	-14.424	50	0050-12-31T18:00:00	1739685.0364471667
N18-Jye	ज्येष्ठा	α Sco	222.662	-4.313	50	0050-12-31T18:00:00	1739685.0364471667
N19-Mul	मूलं	λ Sco	237.479	-13.515	50	0050-12-31T18:00:00	1739685.0364471667
N20-PAsh	पूर्वाषाढा	δ Sgr	247.455	-6.198	50	0050-12-31T18:00:00	1739685.0364471667
N21-UAsh	उत्तराषाढा	σ Sgr	255.269	-3.165	50	0050-12-31T18:00:00	1739685.0364471667
N24-Sha	शतभिषक्	α PsA	306.544	-20.855	50	0050-12-31T18:00:00	1739685.0364471667
N27-Rev	रेवती	ζ Psc	352.709	-0.235	50	0050-12-31T18:00:00	1739685.0364471667
N10-Mag	मघाः	α Leo	123.548	0.362	100	0100-12-31T06:00:00	1757947.5364471667
N13-Has	हस्तः	γ Crv	164.456	-14.425	100	0100-12-31T06:00:00	1757947.5364471667
N18-Jye	ज्येष्ठा	α Sco	223.355	-4.319	100	0100-12-31T06:00:00	1757947.5364471667
N19-Mul	मूलं	λ Sco	238.171	-13.522	100	0100-12-31T06:00:00	1757947.5364471667
N20-PAsh	पूर्वाषाढा	δ Sgr	248.148	-6.206	100	0100-12-31T06:00:00	1757947.5364471667
N21-UAsh	उत्तराषाढा	σ Sgr	255.962	-3.173	100	0100-12-31T06:00:00	1757947.5364471667
N24-Sha	शतभिषक्	α PsA	307.242	-20.863	100	0100-12-31T06:00:00	1757947.5364471667
N27-Rev	रेवती	ζ Psc	353.404	-0.235	100	0100-12-31T06:00:00	1757947.5364471667
N10-Mag	मघाः	α Leo	124.237	0.365	150	0150-12-31T18:00:00	1776210.0364471667
N13-Has	हस्तः	γ Crv	165.145	-14.427	150	0150-12-31T18:00:00	1776210.0364471667
N18-Jye	ज्येष्ठा	α Sco	224.047	-4.326	150	0150-12-31T18:00:00	1776210.0364471667
N19-Mul	मूलं	λ Sco	238.864	-13.529	150	0150-12-31T18:00:00	1776210.0364471667
N20-PAsh	पूर्वाषाढा	δ Sgr	248.841	-6.213	150	0150-12-31T18:00:00	1776210.0364471667
N21-UAsh	उत्तराषाढा	σ Sgr	256.655	-3.180	150	0150-12-31T18:00:00	1776210.0364471667
N24-Sha	शतभिषक्	α PsA	307.940	-20.871	150	0150-12-31T18:00:00	1776210.0364471667
N27-Rev	रेवती	ζ Psc	354.098	-0.235	150	0150-12-31T18:00:00	1776210.0364471667
N10-Mag	मघाः	α Leo	124.926	0.369	200	0200-12-31T06:00:00	1794472.5364471667
N13-Has	हस्तः	γ Crv	165.834	-14.429	200	0200-12-31T06:00:00	1794472.5364471667
N18-Jye	ज्येष्ठा	α Sco	224.740	-4.332	200	0200-12-31T06:00:00	1794472.5364471667
N19-Mul	मूलं	λ Sco	239.557	-13.536	200	0200-12-31T06:00:00	1794472.5364471667
N20-PAsh	पूर्वाषाढा	δ Sgr	249.535	-6.220	200	0200-12-31T06:00:00	1794472.5364471667
N21-UAsh	उत्तराषाढा	σ Sgr	257.348	-3.188	200	0200-12-31T06:00:00	1794472.5364471667
N24-Sha	शतभिषक्	α PsA	308.638	-20.878	200	0200-12-31T06:00:00	1794472.5364471667
N27-Rev	रेवती	ζ Psc	354.792	-0.235	200	0200-12-31T06:00:00	1794472.5364471667
N10-Mag	मघाः	α Leo	125.616	0.372	250	0250-12-31T18:00:00	1812735.0364471667
N13-Has	हस्तः	γ Crv	166.523	-14.430	250	0250-12-31T18:00:00	1812735.0364471667
N18-Jye	ज्येष्ठा	α Sco	225.433	-4.339	250	0250-12-31T18:00:00	1812735.0364471667
N19-Mul	मूलं	λ Sco	240.249	-13.543	250	0250-12-31T18:00:00	1812735.0364471667
N20-PAsh	पूर्वाषाढा	δ Sgr	250.228	-6.227	250	0250-12-31T18:00:00	1812735.0364471667
N21-UAsh	उत्तराषाढा	σ Sgr	258.041	-3.195	250	0250-12-31T18:00:00	1812735.0364471667
N24-Sha	शतभिषक्	α PsA	309.336	-20.886	250	0250-12-31T18:00:00	1812735.0364471667
N27-Rev	रेवती	ζ Psc	355.487	-0.235	250	0250-12-31T18:00:00	1812735.0364471667
N10-Mag	मघाः	α Leo	126.305	0.375	300	0300-12-31T06:00:00	1830997.5364471667
N13-Has	हस्तः	γ Crv	167.212	-14.432	300	0300-12-31T06:00:00	1830997.5364471667
N18-Jye	ज्येष्ठा	α Sco	226.125	-4.345	300	0300-12-31T06:00:00	1830997.5364471667
N19-Mul	मूलं	λ Sco	240.943	-13.550	300	0300-12-31T06:00:00	1830997.5364471667
N20-PAsh	पूर्वाषाढा	δ Sgr	250.922	-6.234	300	0300-12-31T06:00:00	1830997.5364471667
N21-UAsh	उत्तराषाढा	σ Sgr	258.735	-3.203	300	0300-12-31T06:00:00	1830997.5364471667
N24-Sha	शतभिषक्	α PsA	310.034	-20.894	300	0300-12-31T06:00:00	1830997.5364471667
N27-Rev	रेवती	ζ Psc	356.182	-0.235	300	0300-12-31T06:00:00	1830997.5364471667
N10-Mag	मघाः	α Leo	126.995	0.378	350	0350-12-31T18:00:00	1849260.0364471667
N13-Has	हस्तः	γ Crv	167.902	-14.433	350	0350-12-31T18:00:00	1849260.0364471667
N18-Jye	ज्येष्ठा	α Sco	226.819	-4.352	350	0350-12-31T18:00:00	1849260.0364471667
N19-Mul	मूलं	λ Sco	241.636	-13.557	350	0350-12-31T18:00:00	1849260.0364471667
N20-PAsh	पूर्वाषाढा	δ Sgr	251.615	-6.241	350	0350-12-31T18:00:00	1849260.0364471667
N21-UAsh	उत्तराषाढा	σ Sgr	259.428	-3.210	350	0350-12-31T18:00:00	1849260.0364471667
N24-Sha	शतभिषक्	α PsA	310.733	-20.901	350	0350-12-31T18:00:00	1849260.0364471667
N27-Rev	रेवती	ζ Psc	356.877	-0.235	350	0350-12-31T18:00:00	1849260.0364471667
N10-Mag	मघाः	α Leo	127.685	0.381	400	0400-12-31T06:00:00	1867522.5364471667
N13-Has	हस्तः	γ Crv	168.592	-14.435	400	0400-12-31T06:00:00	1867522.5364471667
N18-Jye	ज्येष्ठा	α Sco	227.512	-4.358	400	0400-12-31T06:00:00	1867522.5364471667
N19-Mul	मूलं	λ Sco	242.329	-13.564	400	0400-12-31T06:00:00	1867522.5364471667
N20-PAsh	पूर्वाषाढा	δ Sgr	252.309	-6.248	400	0400-12-31T06:00:00	1867522.5364471667
N21-UAsh	उत्तराषाढा	σ Sgr	260.122	-3.218	400	0400-12-31T06:00:00	1867522.5364471667
N24-Sha	शतभिषक्	α PsA	311.432	-20.909	400	0400-12-31T06:00:00	1867522.5364471667
N27-Rev	रेवती	ζ Psc	357.572	-0.234	400	0400-12-31T06:00:00	1867522.5364471667
N10-Mag	मघाः	α Leo	128.375	0.384	450	0450-12-31T18:00:00	1885785.0364471667
N13-Has	हस्तः	γ Crv	169.281	-14.437	450	0450-12-31T18:00:00	1885785.0364471667
N18-Jye	ज्येष्ठा	α Sco	228.205	-4.365	450	0450-12-31T18:00:00	1885785.0364471667
N19-Mul	मूलं	λ Sco	243.023	-13.571	450	0450-12-31T18:00:00	1885785.0364471667
N20-PAsh	पूर्वाषाढा	δ Sgr	253.003	-6.256	450	0450-12-31T18:00:00	1885785.0364471667
N21-UAsh	उत्तराषाढा	σ Sgr	260.816	-3.225	450	0450-12-31T18:00:00	1885785.0364471667
N24-Sha	शतभिषक्	α PsA	312.131	-20.916	450	0450-12-31T18:00:00	1885785.0364471667
N27-Rev	रेवती	ζ Psc	358.267	-0.234	450	0450-12-31T18:00:00	1885785.0364471667
N10-Mag	मघाः	α Leo	129.065	0.387	500	0500-12-31T06:00:00	1904047.5364471667
N13-Has	हस्तः	γ Crv	169.971	-14.438	500	0500-12-31T06:00:00	1904047.5364471667
N18-Jye	ज्येष्ठा	α Sco	228.899	-4.372	500	0500-12-31T06:00:00	1904047.5364471667
N19-Mul	मूलं	λ Sco	243.716	-13.578	500	0500-12-31T06:00:00	1904047.5364471667
N20-PAsh	पूर्वाषाढा	δ Sgr	253.697	-6.263	500	0500-12-31T06:00:00	1904047.5364471667
N21-UAsh	उत्तराषाढा	σ Sgr	261.510	-3.232	500	0500-12-31T06:00:00	1904047.5364471667
N24-Sha	शतभिषक्	α PsA	312.830	-20.924	500	0500-12-31T06:00:00	1904047.5364471667
N27-Rev	रेवती	ζ Psc	358.962	-0.234	500	0500-12-31T06:00:00	1904047.5364471667
N10-Mag	मघाः	α Leo	129.756	0.390	550	0550-12-31T18:00:00	1922310.0364471667
N13-Has	हस्तः	γ Crv	170.661	-14.440	550	0550-12-31T18:00:00	1922310.0364471667
N18-Jye	ज्येष्ठा	α Sco	229.593	-4.378	550	0550-12-31T18:00:00	1922310.0364471667
N19-Mul	मूलं	λ Sco	244.410	-13.585	550	0550-12-31T18:00:00	1922310.0364471667
N20-PAsh	पूर्वाषाढा	δ Sgr	254.392	-6.270	550	0550-12-31T18:00:00	1922310.0364471667
N21-UAsh	उत्तराषाढा	σ Sgr	262.204	-3.240	550	0550-12-31T18:00:00	1922310.0364471667
N24-Sha	शतभिषक्	α PsA	313.529	-20.931	550	0550-12-31T18:00:00	1922310.0364471667
N27-Rev	रेवती	ζ Psc	359.657	-0.233	550	0550-12-31T18:00:00	1922310.0364471667