nid	naks	gname	lon	lat	ra	dec	year	date	jd
N01-Ash	अश्विनी	β Ari	331.710	8.365	-29.233	-3.302	-2500	-2500-12-31T06:00:00	808297.534468
N01-Ash	अश्विनी	α Ari	335.313	9.883	-26.469	-0.594	-2500	-2500-12-31T06:00:00	808297.534468
N01-Ash	अश्विनी	γ Ari	330.934	7.029	-29.474	-4.824	-2500	-2500-12-31T06:00:00	808297.534468
N02-Bha	भरणी	* 41 Ari	345.995	10.207	-16.873	3.734	-2500	-2500-12-31T06:00:00	808297.534468
N02-Bha	भरणी	* 35 Ari	344.769	10.930	-18.269	3.924	-2500	-2500-12-31T06:00:00	808297.534468
N03-Kri	क्रित्तिका	η Tau	357.761	3.623	-3.518	2.401	-2500	-2500-12-31T06:00:00	808297.534468
N03-Kri	क्रित्तिका	* 17 Tau	357.181	3.769	-4.107	2.299	-2500	-2500-12-31T06:00:00	808297.534468
N03-Kri	क्रित्तिका	* 19 Tau	357.336	4.095	-4.097	2.660	-2500	-2500-12-31T06:00:00	808297.534468
N03-Kri	क्रित्तिका	* 20 Tau	357.449	3.965	-3.942	2.587	-2500	-2500-12-31T06:00:00	808297.534468
N03-Kri	क्रित्तिका	* 23 Tau	357.469	3.533	-3.748	2.201	-2500	-2500-12-31T06:00:00	808297.534468
N03-Kri	क्रित्तिका	* 27 Tau	358.124	3.489	-3.132	2.426	-2500	-2500-12-31T06:00:00	808297.534468
N04-Roh	रोहिणी	α Tau	7.471	-5.754	9.153	-2.238	-2500	-2500-12-31T06:00:00	808297.534468
N04-Roh	रोहिणी	γ Tau	3.386	-6.200	5.613	-4.291	-2500	-2500-12-31T06:00:00	808297.534468
N04-Roh	रोहिणी	δ Tau	4.473	-4.438	5.886	-2.241	-2500	-2500-12-31T06:00:00	808297.534468
N04-Roh	रोहिणी	ε Tau	6.078	-3.035	6.784	-0.310	-2500	-2500-12-31T06:00:00	808297.534468
N04-Roh	रोहिणी	θ2 Tau	5.553	-6.315	7.633	-3.522	-2500	-2500-12-31T06:00:00	808297.534468
N05-Mrg	मृगशीर्ष	λ Ori	21.429	-13.957	25.037	-4.377	-2500	-2500-12-31T06:00:00	808297.534468
N05-Mrg	मृगशीर्ष	γ Ori	18.662	-17.383	23.887	-8.564	-2500	-2500-12-31T06:00:00	808297.534468
N06-Ard	आर्द्रा	γ Gem	36.833	-7.275	36.840	7.234	-2500	-2500-12-31T06:00:00	808297.534468
N07-Pun	पुनर्वसू	β Gem	51.697	6.458	47.273	24.810	-2500	-2500-12-31T06:00:00	808297.534468
N07-Pun	पुनर्वसू	α Gem	48.153	9.785	42.466	26.973	-2500	-2500-12-31T06:00:00	808297.534468
N08-Pus	पुष्य	δ Cnc	66.409	-0.137	64.481	21.727	-2500	-2500-12-31T06:00:00	808297.534468
N09-Asl	आश्लेषा	ζ Hya	72.500	-11.400	72.494	11.495	-2500	-2500-12-31T06:00:00	808297.534468
N09-Asl	आश्लेषा	δ Hya	68.219	-12.858	68.485	9.470	-2500	-2500-12-31T06:00:00	808297.534468
N09-Asl	आश्लेषा	ε Hya	70.493	-11.515	70.521	11.122	-2500	-2500-12-31T06:00:00	808297.534468
N09-Asl	आश्लेषा	η Hya	70.173	-14.727	70.660	7.898	-2500	-2500-12-31T06:00:00	808297.534468
N09-Asl	आश्लेषा	ρ Hya	70.753	-11.988	70.843	10.688	-2500	-2500-12-31T06:00:00	808297.534468
N09-Asl	आश्लेषा	σ Hya	69.074	-15.067	69.648	7.410	-2500	-2500-12-31T06:00:00	808297.534468
N10-Mag	मघा	ζ Leo	85.192	11.495	84.219	35.371	-2500	-2500-12-31T06:00:00	808297.534468
N10-Mag	मघा	α Leo	87.901	0.163	87.700	24.120	-2500	-2500-12-31T06:00:00	808297.534468
N10-Mag	मघा	γ Leo	86.830	8.577	86.282	32.509	-2500	-2500-12-31T06:00:00	808297.534468
N10-Mag	मघा	ε Leo	78.438	9.314	76.402	32.733	-2500	-2500-12-31T06:00:00	808297.534468
N10-Mag	मघा	η Leo	85.620	4.498	85.035	28.396	-2500	-2500-12-31T06:00:00	808297.534468
N10-Mag	मघा	μ Leo	79.347	12.055	77.162	35.546	-2500	-2500-12-31T06:00:00	808297.534468
N11-PPal	पूर्वफल्गुनी	δ Leo	98.683	14.139	100.675	37.786	-2500	-2500-12-31T06:00:00	808297.534468
N11-PPal	पूर्वफल्गुनी	θ Leo	101.103	9.569	103.091	33.029	-2500	-2500-12-31T06:00:00	808297.534468
N12-UPal	उत्तरफल्गुनी	β Leo	109.755	12.517	113.707	34.845	-2500	-2500-12-31T06:00:00	808297.534468
N12-UPal	उत्तरफल्गुनी	* 93 Leo	106.715	17.219	111.002	39.957	-2500	-2500-12-31T06:00:00	808297.534468
N13-Has	हस्त	δ Crv	131.493	-11.839	130.725	6.340	-2500	-2500-12-31T06:00:00	808297.534468
N13-Has	हस्त	α Crv	130.090	-21.692	126.806	-2.803	-2500	-2500-12-31T06:00:00	808297.534468
N13-Has	हस्त	β Crv	135.274	-17.861	132.552	-0.463	-2500	-2500-12-31T06:00:00	808297.534468
N13-Has	हस्त	γ Crv	128.828	-14.385	127.536	4.567	-2500	-2500-12-31T06:00:00	808297.534468
N13-Has	हस्त	ε Crv	129.722	-19.582	127.024	-0.675	-2500	-2500-12-31T06:00:00	808297.534468
N14-Chi	चित्रा	α Vir	141.644	-1.805	143.521	12.900	-2500	-2500-12-31T06:00:00	808297.534468
N15-Swa	स्वाती	α Boo	141.681	33.984	159.545	46.026	-2500	-2500-12-31T06:00:00	808297.534468
N16-Vis	विशाखे	α2 Lib	162.930	0.838	164.658	7.621	-2500	-2500-12-31T06:00:00	808297.534468
N16-Vis	विशाखे	α1 Lib	162.913	0.866	164.653	7.653	-2500	-2500-12-31T06:00:00	808297.534468
N17-Anu	अनूराधा	δ Sco	180.329	-1.423	179.722	-1.434	-2500	-2500-12-31T06:00:00	808297.534468
N17-Anu	अनूराधा	β1 Sco	180.933	1.550	-178.518	1.037	-2500	-2500-12-31T06:00:00	808297.534468
N17-Anu	अनूराधा	π Sco	180.724	-4.931	178.653	-4.799	-2500	-2500-12-31T06:00:00	808297.534468
N17-Anu	अनूराधा	ω1 Sco	181.420	0.764	-178.392	0.122	-2500	-2500-12-31T06:00:00	808297.534468
N18-Jye	ज्येष्ठा	ε Sco	193.775	-10.562	-171.694	-15.224	-2500	-2500-12-31T06:00:00	808297.534468
N18-Jye	ज्येष्ठा	α Sco	187.538	-3.995	-174.727	-6.709	-2500	-2500-12-31T06:00:00	808297.534468
N18-Jye	ज्येष्ठा	σ Sco	185.574	-3.479	-176.318	-5.442	-2500	-2500-12-31T06:00:00	808297.534468
N19-Mul	मूल	κ Sco	204.256	-15.013	-163.712	-23.448	-2500	-2500-12-31T06:00:00	808297.534468
N19-Mul	मूल	ζ2 Sco	195.077	-18.749	-174.102	-23.190	-2500	-2500-12-31T06:00:00	808297.534468
N19-Mul	मूल	θ Sco	203.380	-19.050	-166.387	-26.785	-2500	-2500-12-31T06:00:00	808297.534468
N19-Mul	मूल	ι1 Sco	205.299	-16.109	-163.190	-24.857	-2500	-2500-12-31T06:00:00	808297.534468
N19-Mul	मूल	λ Sco	202.357	-13.158	-164.725	-21.008	-2500	-2500-12-31T06:00:00	808297.534468
N19-Mul	मूल	ν Sco	201.782	-13.382	-165.370	-20.987	-2500	-2500-12-31T06:00:00	808297.534468
N20-PAsh	पूर्वाषाढा	λ Sgr	214.167	-1.278	-148.649	-14.390	-2500	-2500-12-31T06:00:00	808297.534468
N20-PAsh	पूर्वाषाढा	γ Sgr	209.145	-6.122	-155.316	-17.110	-2500	-2500-12-31T06:00:00	808297.534468
N20-PAsh	पूर्वाषाढा	δ Sgr	212.301	-5.830	-152.141	-17.988	-2500	-2500-12-31T06:00:00	808297.534468
N20-PAsh	पूर्वाषाढा	ε Sgr	212.957	-10.333	-153.247	-22.418	-2500	-2500-12-31T06:00:00	808297.534468
N21-UAsh	उत्तराषाढा	τ Sgr	222.760	-4.227	-141.200	-20.028	-2500	-2500-12-31T06:00:00	808297.534468
N21-UAsh	उत्तराषाढा	ζ Sgr	221.396	-6.593	-143.394	-21.828	-2500	-2500-12-31T06:00:00	808297.534468
N21-UAsh	उत्तराषाढा	σ Sgr	220.125	-2.775	-143.338	-17.806	-2500	-2500-12-31T06:00:00	808297.534468
N21-UAsh	उत्तराषाढा	φ Sgr	217.865	-3.349	-145.773	-17.599	-2500	-2500-12-31T06:00:00	808297.534468
N22-Shr	श्रवण	α Aql	238.787	29.514	-117.128	8.495	-2500	-2500-12-31T06:00:00	808297.534468
N22-Shr	श्रवण	β Aql	240.409	27.799	-116.082	6.521	-2500	-2500-12-31T06:00:00	808297.534468
N22-Shr	श्रवण	γ Aql	238.825	31.797	-116.601	10.718	-2500	-2500-12-31T06:00:00	808297.534468
N23-Dha	धनिष्ठा	β Del	254.190	32.481	-103.465	9.259	-2500	-2500-12-31T06:00:00	808297.534468
N23-Dha	धनिष्ठा	α Del	255.296	33.507	-102.417	10.178	-2500	-2500-12-31T06:00:00	808297.534468
N23-Dha	धनिष्ठा	γ2 Del	257.522	33.376	-100.553	9.868	-2500	-2500-12-31T06:00:00	808297.534468
N23-Dha	धनिष्ठा	δ Del	256.172	32.437	-101.786	9.038	-2500	-2500-12-31T06:00:00	808297.534468
N24-Sha	शतभिषक्	λ Aqr	279.287	-0.167	-79.841	-23.807	-2500	-2500-12-31T06:00:00	808297.534468
N25-PBha	पूर्वाभाद्रपदा	α Peg	291.387	19.608	-69.882	-2.853	-2500	-2500-12-31T06:00:00	808297.534468
N25-PBha	पूर्वाभाद्रपदा	β Peg	297.158	31.137	-66.673	9.383	-2500	-2500-12-31T06:00:00	808297.534468
N26-UBha	उत्तराभाद्रपदा	α And	312.266	25.851	-52.351	7.343	-2500	-2500-12-31T06:00:00	808297.534468
N26-UBha	उत्तराभाद्रपदा	γ Peg	307.044	12.576	-53.695	-6.753	-2500	-2500-12-31T06:00:00	808297.534468
N27-Rev	रेवती	ε Psc	315.364	0.891	-42.336	-15.738	-2500	-2500-12-31T06:00:00	808297.534468
N01-Ash	अश्विनी	β Ari	338.573	8.369	-22.919	-0.775	-2000	-2000-12-31T06:00:00	990922.534468
N01-Ash	अश्विनी	α Ari	342.186	9.883	-20.200	1.987	-2000	-2000-12-31T06:00:00	990922.534468
N01-Ash	अश्विनी	γ Ari	337.797	7.034	-23.129	-2.301	-2000	-2000-12-31T06:00:00	990922.534468
N02-Bha	भरणी	* 41 Ari	352.852	10.226	-10.667	6.466	-2000	-2000-12-31T06:00:00	990922.534468
N02-Bha	भरणी	* 35 Ari	351.621	10.965	-12.082	6.653	-2000	-2000-12-31T06:00:00	990922.534468
N03-Kri	क्रित्तिका	η Tau	4.621	3.665	2.738	5.224	-2000	-2000-12-31T06:00:00	990922.534468
N03-Kri	क्रित्तिका	* 17 Tau	4.041	3.810	2.148	5.121	-2000	-2000-12-31T06:00:00	990922.534468
N03-Kri	क्रित्तिका	* 19 Tau	4.196	4.136	2.157	5.481	-2000	-2000-12-31T06:00:00	990922.534468
N03-Kri	क्रित्तिका	* 20 Tau	4.309	4.007	2.313	5.409	-2000	-2000-12-31T06:00:00	990922.534468
N03-Kri	क्रित्तिका	* 23 Tau	4.329	3.575	2.508	5.023	-2000	-2000-12-31T06:00:00	990922.534468
N03-Kri	क्रित्तिका	* 27 Tau	4.985	3.531	3.126	5.248	-2000	-2000-12-31T06:00:00	990922.534468
N04-Roh	रोहिणी	α Tau	14.343	-5.726	15.414	0.502	-2000	-2000-12-31T06:00:00	990922.534468
N04-Roh	रोहिणी	γ Tau	10.269	-6.153	11.862	-1.495	-2000	-2000-12-31T06:00:00	990922.534468
N04-Roh	रोहिणी	δ Tau	11.353	-4.390	12.150	0.552	-2000	-2000-12-31T06:00:00	990922.534468
N04-Roh	रोहिणी	ε Tau	12.957	-2.987	13.063	2.474	-2000	-2000-12-31T06:00:00	990922.534468
N04-Roh	रोहिणी	θ2 Tau	12.436	-6.267	13.884	-0.743	-2000	-2000-12-31T06:00:00	990922.534468
N05-Mrg	मृगशीर्ष	λ Ori	28.298	-13.892	31.218	-1.883	-2000	-2000-12-31T06:00:00	990922.534468
N05-Mrg	मृगशीर्ष	γ Ori	25.533	-17.322	29.977	-6.044	-2000	-2000-12-31T06:00:00	990922.534468
N06-Ard	आर्द्रा	γ Gem	43.700	-7.213	43.366	9.391	-2000	-2000-12-31T06:00:00	990922.534468
N07-Pun	पुनर्वसू	β Gem	58.478	6.488	54.504	26.536	-2000	-2000-12-31T06:00:00	990922.534468
N07-Pun	पुनर्वसू	α Gem	54.997	9.824	49.789	28.899	-2000	-2000-12-31T06:00:00	990922.534468
N08-Pus	पुष्य	δ Cnc	73.279	-0.106	71.821	22.749	-2000	-2000-12-31T06:00:00	990922.534468
N09-Asl	आश्लेषा	ζ Hya	79.346	-11.344	79.313	12.178	-2000	-2000-12-31T06:00:00	990922.534468
N09-Asl	आश्लेषा	δ Hya	75.066	-12.799	75.199	10.347	-2000	-2000-12-31T06:00:00	990922.534468
N09-Asl	आश्लेषा	ε Hya	77.314	-11.461	77.293	11.894	-2000	-2000-12-31T06:00:00	990922.534468
N09-Asl	आश्लेषा	η Hya	77.025	-14.666	77.307	8.677	-2000	-2000-12-31T06:00:00	990922.534468
N09-Asl	आश्लेषा	ρ Hya	77.607	-11.932	77.629	11.451	-2000	-2000-12-31T06:00:00	990922.534468
N09-Asl	आश्लेषा	σ Hya	75.927	-15.007	76.272	8.236	-2000	-2000-12-31T06:00:00	990922.534468
N10-Mag	मघा	ζ Leo	92.068	11.546	92.487	35.452	-2000	-2000-12-31T06:00:00	990922.534468
N10-Mag	मघा	α Leo	94.728	0.206	95.179	24.044	-2000	-2000-12-31T06:00:00	990922.534468
N10-Mag	मघा	γ Leo	93.752	8.613	94.399	32.479	-2000	-2000-12-31T06:00:00	990922.534468
N10-Mag	मघा	ε Leo	85.302	9.368	84.458	33.200	-2000	-2000-12-31T06:00:00	990922.534468
N10-Mag	मघा	η Leo	92.487	4.549	92.820	28.448	-2000	-2000-12-31T06:00:00	990922.534468
N10-Mag	मघा	μ Leo	86.190	12.097	85.396	35.959	-2000	-2000-12-31T06:00:00	990922.534468
N11-PPal	पूर्वफल्गुनी	δ Leo	105.588	14.172	109.054	37.051	-2000	-2000-12-31T06:00:00	990922.534468
N11-PPal	पूर्वफल्गुनी	θ Leo	107.974	9.592	111.070	32.185	-2000	-2000-12-31T06:00:00	990922.534468
N12-UPal	उत्तरफल्गुनी	β Leo	116.575	12.501	121.586	33.500	-2000	-2000-12-31T06:00:00	990922.534468
N12-UPal	उत्तरफल्गुनी	* 93 Leo	113.579	17.241	119.330	38.748	-2000	-2000-12-31T06:00:00	990922.534468
N13-Has	हस्त	δ Crv	138.324	-11.868	137.144	4.353	-2000	-2000-12-31T06:00:00	990922.534468
N13-Has	हस्त	α Crv	136.942	-21.688	132.934	-4.619	-2000	-2000-12-31T06:00:00	990922.534468
N13-Has	हस्त	β Crv	142.119	-17.871	138.757	-2.494	-2000	-2000-12-31T06:00:00	990922.534468
N13-Has	हस्त	γ Crv	135.652	-14.387	133.905	2.720	-2000	-2000-12-31T06:00:00	990922.534468
N13-Has	हस्त	ε Crv	136.550	-19.581	133.208	-2.498	-2000	-2000-12-31T06:00:00	990922.534468
N14-Chi	चित्रा	α Vir	148.501	-1.822	150.090	10.528	-2000	-2000-12-31T06:00:00	990922.534468
N15-Swa	स्वाती	α Boo	148.585	33.629	166.383	43.018	-2000	-2000-12-31T06:00:00	990922.534468
N16-Vis	विशाखे	α2 Lib	169.783	0.790	170.962	4.849	-2000	-2000-12-31T06:00:00	990922.534468
N16-Vis	विशाखे	α1 Lib	169.762	0.817	170.953	4.883	-2000	-2000-12-31T06:00:00	990922.534468
N17-Anu	अनूराधा	δ Sco	187.192	-1.481	-174.019	-4.265	-2000	-2000-12-31T06:00:00	990922.534468
N17-Anu	अनूराधा	β1 Sco	187.797	1.494	-172.264	-1.786	-2000	-2000-12-31T06:00:00	990922.534468
N17-Anu	अनूराधा	π Sco	187.583	-4.987	-175.086	-7.630	-2000	-2000-12-31T06:00:00	990922.534468
N17-Anu	अनूराधा	ω1 Sco	188.283	0.709	-172.134	-2.700	-2000	-2000-12-31T06:00:00	990922.534468
N18-Jye	ज्येष्ठा	ε Sco	200.560	-10.690	-165.367	-18.030	-2000	-2000-12-31T06:00:00	990922.534468
N18-Jye	ज्येष्ठा	α Sco	194.398	-4.055	-168.416	-9.510	-2000	-2000-12-31T06:00:00	990922.534468
N18-Jye	ज्येष्ठा	σ Sco	192.434	-3.536	-170.025	-8.253	-2000	-2000-12-31T06:00:00	990922.534468
N19-Mul	मूल	κ Sco	211.112	-15.083	-157.022	-26.115	-2000	-2000-12-31T06:00:00	990922.534468
N19-Mul	मूल	ζ2 Sco	201.927	-18.846	-167.661	-26.014	-2000	-2000-12-31T06:00:00	990922.534468
N19-Mul	मूल	θ Sco	210.236	-19.115	-159.691	-29.491	-2000	-2000-12-31T06:00:00	990922.534468
N19-Mul	मूल	ι1 Sco	212.156	-16.176	-156.457	-27.512	-2000	-2000-12-31T06:00:00	990922.534468
N19-Mul	मूल	λ Sco	209.216	-13.227	-158.101	-23.693	-2000	-2000-12-31T06:00:00	990922.534468
N19-Mul	मूल	ν Sco	208.641	-13.450	-158.758	-23.682	-2000	-2000-12-31T06:00:00	990922.534468
N20-PAsh	पूर्वाषाढा	λ Sgr	221.019	-1.375	-141.967	-16.739	-2000	-2000-12-31T06:00:00	990922.534468
N20-PAsh	पूर्वाषाढा	γ Sgr	215.992	-6.219	-148.646	-19.630	-2000	-2000-12-31T06:00:00	990922.534468
N20-PAsh	पूर्वाषाढा	δ Sgr	219.166	-5.903	-145.374	-20.412	-2000	-2000-12-31T06:00:00	990922.534468
N20-PAsh	पूर्वाषाढा	ε Sgr	219.804	-10.414	-146.389	-24.870	-2000	-2000-12-31T06:00:00	990922.534468
N21-UAsh	उत्तराषाढा	τ Sgr	229.603	-4.326	-134.242	-22.142	-2000	-2000-12-31T06:00:00	990922.534468
N21-UAsh	उत्तराषाढा	ζ Sgr	228.257	-6.661	-136.371	-23.990	-2000	-2000-12-31T06:00:00	990922.534468
N21-UAsh	उत्तराषाढा	σ Sgr	226.989	-2.853	-136.462	-19.978	-2000	-2000-12-31T06:00:00	990922.534468
N21-UAsh	उत्तराषाढा	φ Sgr	224.735	-3.419	-138.926	-19.842	-2000	-2000-12-31T06:00:00	990922.534468
N22-Shr	श्रवण	α Aql	245.738	29.485	-111.141	7.358	-2000	-2000-12-31T06:00:00	990922.534468
N22-Shr	श्रवण	β Aql	247.251	27.666	-110.120	5.348	-2000	-2000-12-31T06:00:00	990922.534468
N22-Shr	श्रवण	γ Aql	245.679	31.729	-110.808	9.579	-2000	-2000-12-31T06:00:00	990922.534468
N23-Dha	धनिष्ठा	β Del	261.047	32.410	-97.638	8.727	-2000	-2000-12-31T06:00:00	990922.534468
N23-Dha	धनिष्ठा	α Del	262.146	33.445	-96.643	9.705	-2000	-2000-12-31T06:00:00	990922.534468
N23-Dha	धनिष्ठा	γ2 Del	264.345	33.293	-94.790	9.464	-2000	-2000-12-31T06:00:00	990922.534468
N23-Dha	धनिष्ठा	δ Del	263.006	32.373	-95.970	8.597	-2000	-2000-12-31T06:00:00	990922.534468
N24-Sha	शतभिषक्	λ Aqr	286.155	-0.202	-72.390	-23.125	-2000	-2000-12-31T06:00:00	990922.534468
N25-PBha	पूर्वाभाद्रपदा	α Peg	298.234	19.575	-63.517	-1.741	-2000	-2000-12-31T06:00:00	990922.534468
N25-PBha	पूर्वाभाद्रपदा	β Peg	304.018	31.126	-60.837	10.648	-2000	-2000-12-31T06:00:00	990922.534468
N26-UBha	उत्तराभाद्रपदा	α And	319.101	25.823	-46.435	7.343	-2000	-2000-12-31T06:00:00	990922.534468
N26-UBha	उत्तराभाद्रपदा	γ Peg	313.892	12.567	-47.217	-4.954	-2000	-2000-12-31T06:00:00	990922.534468
N27-Rev	रेवती	ε Psc	322.218	0.903	-35.628	-13.534	-2000	-2000-12-31T06:00:00	990922.534468
N01-Ash	अश्विनी	β Ari	345.449	8.376	-16.642	1.870	-1500	-1500-12-31T06:00:00	1173547.534468
N01-Ash	अश्विनी	α Ari	349.072	9.885	-13.949	4.670	-1500	-1500-12-31T06:00:00	1173547.534468
N01-Ash	अश्विनी	γ Ari	344.672	7.042	-16.830	0.341	-1500	-1500-12-31T06:00:00	1173547.534468
N02-Bha	भरणी	* 41 Ari	359.722	10.248	-4.437	9.251	-1500	-1500-12-31T06:00:00	1173547.534468
N02-Bha	भरणी	* 35 Ari	358.487	11.002	-5.873	9.441	-1500	-1500-12-31T06:00:00	1173547.534468
N03-Kri	क्रित्तिका	η Tau	11.495	3.709	9.045	8.026	-1500	-1500-12-31T06:00:00	1173547.534468
N03-Kri	क्रित्तिका	* 17 Tau	10.915	3.853	8.451	7.926	-1500	-1500-12-31T06:00:00	1173547.534468
N03-Kri	क्रित्तिका	* 19 Tau	11.069	4.179	8.462	8.287	-1500	-1500-12-31T06:00:00	1173547.534468
N03-Kri	क्रित्तिका	* 20 Tau	11.183	4.050	8.619	8.214	-1500	-1500-12-31T06:00:00	1173547.534468
N03-Kri	क्रित्तिका	* 23 Tau	11.203	3.618	8.812	7.826	-1500	-1500-12-31T06:00:00	1173547.534468
N03-Kri	क्रित्तिका	* 27 Tau	11.858	3.575	9.435	8.049	-1500	-1500-12-31T06:00:00	1173547.534468
N04-Roh	रोहिणी	α Tau	21.227	-5.697	21.728	3.154	-1500	-1500-12-31T06:00:00	1173547.534468
N04-Roh	रोहिणी	γ Tau	17.165	-6.104	18.147	1.233	-1500	-1500-12-31T06:00:00	1173547.534468
N04-Roh	रोहिणी	δ Tau	18.246	-4.341	18.460	3.275	-1500	-1500-12-31T06:00:00	1173547.534468
N04-Roh	रोहिणी	ε Tau	19.848	-2.938	19.401	5.184	-1500	-1500-12-31T06:00:00	1173547.534468
N04-Roh	रोहिणी	θ2 Tau	19.330	-6.217	20.178	1.956	-1500	-1500-12-31T06:00:00	1173547.534468
N05-Mrg	मृगशीर्ष	λ Ori	35.179	-13.828	37.468	0.449	-1500	-1500-12-31T06:00:00	1173547.534468
N05-Mrg	मृगशीर्ष	γ Ori	32.415	-17.260	36.115	-3.679	-1500	-1500-12-31T06:00:00	1173547.534468
N06-Ard	आर्द्रा	γ Gem	50.580	-7.153	50.016	11.322	-1500	-1500-12-31T06:00:00	1173547.534468
N07-Pun	पुनर्वसू	β Gem	65.271	6.517	61.928	27.968	-1500	-1500-12-31T06:00:00	1173547.534468
N07-Pun	पुनर्वसू	α Gem	61.853	9.861	57.341	30.542	-1500	-1500-12-31T06:00:00	1173547.534468
N08-Pus	पुष्य	δ Cnc	80.162	-0.076	79.268	23.423	-1500	-1500-12-31T06:00:00	1173547.534468
N09-Asl	आश्लेषा	ζ Hya	86.203	-11.290	86.186	12.530	-1500	-1500-12-31T06:00:00	1173547.534468
N09-Asl	आश्लेषा	δ Hya	81.925	-12.741	81.979	10.901	-1500	-1500-12-31T06:00:00	1173547.534468
N09-Asl	आश्लेषा	ε Hya	84.146	-11.410	84.126	12.340	-1500	-1500-12-31T06:00:00	1173547.534468
N09-Asl	आश्लेषा	η Hya	83.889	-14.607	84.011	9.135	-1500	-1500-12-31T06:00:00	1173547.534468
N09-Asl	आश्लेषा	ρ Hya	84.474	-11.877	84.474	11.886	-1500	-1500-12-31T06:00:00	1173547.534468
N09-Asl	आश्लेषा	σ Hya	82.791	-14.950	82.954	8.742	-1500	-1500-12-31T06:00:00	1173547.534468
N10-Mag	मघा	ζ Leo	98.956	11.595	100.746	35.126	-1500	-1500-12-31T06:00:00	1173547.534468
N10-Mag	मघा	α Leo	101.568	0.247	102.641	23.603	-1500	-1500-12-31T06:00:00	1173547.534468
N10-Mag	मघा	γ Leo	100.687	8.648	102.491	32.048	-1500	-1500-12-31T06:00:00	1173547.534468
N10-Mag	मघा	ε Leo	92.179	9.419	92.571	33.270	-1500	-1500-12-31T06:00:00	1173547.534468
N10-Mag	मघा	η Leo	99.366	4.597	100.598	28.118	-1500	-1500-12-31T06:00:00	1173547.534468
N10-Mag	मघा	μ Leo	93.046	12.137	93.680	35.968	-1500	-1500-12-31T06:00:00	1173547.534468
N11-PPal	पूर्वफल्गुनी	δ Leo	112.506	14.202	117.276	35.929	-1500	-1500-12-31T06:00:00	1173547.534468
N11-PPal	पूर्वफल्गुनी	θ Leo	114.857	9.612	118.908	30.979	-1500	-1500-12-31T06:00:00	1173547.534468
N12-UPal	उत्तरफल्गुनी	β Leo	123.408	12.481	129.254	31.834	-1500	-1500-12-31T06:00:00	1173547.534468
N12-UPal	उत्तरफल्गुनी	* 93 Leo	120.455	17.259	127.416	37.189	-1500	-1500-12-31T06:00:00	1173547.534468
N13-Has	हस्त	δ Crv	145.167	-11.899	143.490	2.156	-1500	-1500-12-31T06:00:00	1173547.534468
N13-Has	हस्त	α Crv	143.806	-21.686	139.025	-6.653	-1500	-1500-12-31T06:00:00	1173547.534468
N13-Has	हस्त	β Crv	148.976	-17.883	144.918	-4.722	-1500	-1500-12-31T06:00:00	1173547.534468
N13-Has	हस्त	γ Crv	142.488	-14.392	140.209	0.653	-1500	-1500-12-31T06:00:00	1173547.534468
N13-Has	हस्त	ε Crv	143.391	-19.583	139.347	-4.539	-1500	-1500-12-31T06:00:00	1173547.534468
N14-Chi	चित्रा	α Vir	155.371	-1.842	156.561	7.999	-1500	-1500-12-31T06:00:00	1173547.534468
N15-Swa	स्वाती	α Boo	155.500	33.272	172.879	39.941	-1500	-1500-12-31T06:00:00	1173547.534468
N16-Vis	विशाखे	α2 Lib	176.648	0.739	177.233	2.032	-1500	-1500-12-31T06:00:00	1173547.534468
N16-Vis	विशाखे	α1 Lib	176.623	0.767	177.221	2.068	-1500	-1500-12-31T06:00:00	1173547.534468
N17-Anu	अनूराधा	δ Sco	194.066	-1.540	-167.707	-7.059	-1500	-1500-12-31T06:00:00	1173547.534468
N17-Anu	अनूराधा	β1 Sco	194.674	1.438	-165.966	-4.562	-1500	-1500-12-31T06:00:00	1173547.534468
N17-Anu	अनूराधा	π Sco	194.454	-5.044	-168.755	-10.429	-1500	-1500-12-31T06:00:00	1173547.534468
N17-Anu	अनूराधा	ω1 Sco	195.159	0.652	-165.828	-5.475	-1500	-1500-12-31T06:00:00	1173547.534468
N18-Jye	ज्येष्ठा	ε Sco	207.359	-10.819	-158.889	-20.752	-1500	-1500-12-31T06:00:00	1173547.534468
N18-Jye	ज्येष्ठा	α Sco	201.271	-4.116	-162.009	-12.243	-1500	-1500-12-31T06:00:00	1173547.534468
N18-Jye	ज्येष्ठा	σ Sco	199.307	-3.596	-163.647	-11.004	-1500	-1500-12-31T06:00:00	1173547.534468
N19-Mul	मूल	κ Sco	217.981	-15.153	-150.104	-28.647	-1500	-1500-12-31T06:00:00	1173547.534468
N19-Mul	मूल	ζ2 Sco	208.790	-18.944	-161.015	-28.764	-1500	-1500-12-31T06:00:00	1173547.534468
N19-Mul	मूल	θ Sco	217.105	-19.181	-152.741	-32.075	-1500	-1500-12-31T06:00:00	1173547.534468
N19-Mul	मूल	ι1 Sco	219.027	-16.243	-149.483	-30.029	-1500	-1500-12-31T06:00:00	1173547.534468
N19-Mul	मूल	λ Sco	216.087	-13.297	-151.269	-26.250	-1500	-1500-12-31T06:00:00	1173547.534468
N19-Mul	मूल	ν Sco	215.513	-13.519	-151.940	-26.253	-1500	-1500-12-31T06:00:00	1173547.534468
N20-PAsh	पूर्वाषाढा	λ Sgr	227.883	-1.472	-135.116	-18.879	-1500	-1500-12-31T06:00:00	1173547.534468
N20-PAsh	पूर्वाषाढा	γ Sgr	222.852	-6.317	-141.789	-21.973	-1500	-1500-12-31T06:00:00	1173547.534468
N20-PAsh	पूर्वाषाढा	δ Sgr	226.045	-5.975	-138.414	-22.639	-1500	-1500-12-31T06:00:00	1173547.534468
N20-PAsh	पूर्वाषाढा	ε Sgr	226.664	-10.495	-139.307	-27.128	-1500	-1500-12-31T06:00:00	1173547.534468
N21-UAsh	उत्तराषाढा	τ Sgr	236.458	-4.425	-127.089	-24.006	-1500	-1500-12-31T06:00:00	1173547.534468
N21-UAsh	उत्तराषाढा	ζ Sgr	235.131	-6.729	-129.138	-25.905	-1500	-1500-12-31T06:00:00	1173547.534468
N21-UAsh	उत्तराषाढा	σ Sgr	233.865	-2.930	-129.402	-21.909	-1500	-1500-12-31T06:00:00	1173547.534468
N21-UAsh	उत्तराषाढा	φ Sgr	231.618	-3.488	-131.894	-21.855	-1500	-1500-12-31T06:00:00	1173547.534468
N22-Shr	श्रवण	α Aql	252.701	29.456	-105.106	6.504	-1500	-1500-12-31T06:00:00	1173547.534468
N22-Shr	श्रवण	β Aql	254.104	27.534	-104.100	4.452	-1500	-1500-12-31T06:00:00	1173547.534468
N22-Shr	श्रवण	γ Aql	252.544	31.663	-104.969	8.710	-1500	-1500-12-31T06:00:00	1173547.534468
N23-Dha	धनिष्ठा	β Del	267.915	32.341	-91.781	8.483	-1500	-1500-12-31T06:00:00	1173547.534468
N23-Dha	धनिष्ठा	α Del	269.007	33.384	-90.841	9.516	-1500	-1500-12-31T06:00:00	1173547.534468
N23-Dha	धनिष्ठा	γ2 Del	271.179	33.211	-89.001	9.344	-1500	-1500-12-31T06:00:00	1173547.534468
N23-Dha	धनिष्ठा	δ Del	269.851	32.312	-90.127	8.441	-1500	-1500-12-31T06:00:00	1173547.534468
N24-Sha	शतभिषक्	λ Aqr	293.035	-0.235	-65.020	-22.096	-1500	-1500-12-31T06:00:00	1173547.534468
N25-PBha	पूर्वाभाद्रपदा	α Peg	305.093	19.544	-57.194	-0.351	-1500	-1500-12-31T06:00:00	1173547.534468
N25-PBha	पूर्वाभाद्रपदा	β Peg	310.889	31.117	-55.021	12.162	-1500	-1500-12-31T06:00:00	1173547.534468
N26-UBha	उत्तराभाद्रपदा	α And	325.952	25.797	-40.497	11.184	-1500	-1500-12-31T06:00:00	1173547.534468
N26-UBha	उत्तराभाद्रपदा	γ Peg	320.752	12.561	-40.812	-2.925	-1500	-1500-12-31T06:00:00	1173547.534468
N27-Rev	रेवती	ε Psc	329.084	0.918	-29.039	-11.142	-1500	-1500-12-31T06:00:00	1173547.534468
N01-Ash	अश्विनी	β Ari	352.339	8.385	-10.377	4.598	-1000	-1000-12-31T06:00:00	1356172.534468
N01-Ash	अश्विनी	α Ari	355.971	9.890	-7.689	7.423	-1000	-1000-12-31T06:00:00	1356172.534468
N01-Ash	अश्विनी	γ Ari	351.560	7.053	-10.550	3.068	-1000	-1000-12-31T06:00:00	1356172.534468
N02-Bha	भरणी	* 41 Ari	6.606	10.271	1.849	12.054	-1000	-1000-12-31T06:00:00	1356172.534468
N02-Bha	भरणी	* 35 Ari	5.365	11.041	0.389	12.255	-1000	-1000-12-31T06:00:00	1356172.534468
N03-Kri	क्रित्तिका	η Tau	18.381	3.754	15.434	10.775	-1000	-1000-12-31T06:00:00	1356172.534468
N03-Kri	क्रित्तिका	* 17 Tau	17.801	3.897	14.835	10.681	-1000	-1000-12-31T06:00:00	1356172.534468
N03-Kri	क्रित्तिका	* 19 Tau	17.955	4.224	14.849	11.041	-1000	-1000-12-31T06:00:00	1356172.534468
N03-Kri	क्रित्तिका	* 20 Tau	18.069	4.095	15.007	10.967	-1000	-1000-12-31T06:00:00	1356172.534468
N03-Kri	क्रित्तिका	* 23 Tau	18.089	3.662	15.197	10.577	-1000	-1000-12-31T06:00:00	1356172.534468
N03-Kri	क्रित्तिका	* 27 Tau	18.745	3.620	15.827	10.793	-1000	-1000-12-31T06:00:00	1356172.534468
N04-Roh	रोहिणी	α Tau	28.125	-5.666	28.121	5.686	-1000	-1000-12-31T06:00:00	1356172.534468
N04-Roh	रोहिणी	γ Tau	24.073	-6.054	24.495	3.859	-1000	-1000-12-31T06:00:00	1356172.534468
N04-Roh	रोहिणी	δ Tau	25.152	-4.291	24.846	5.894	-1000	-1000-12-31T06:00:00	1356172.534468
N04-Roh	रोहिणी	ε Tau	26.753	-2.887	25.827	7.784	-1000	-1000-12-31T06:00:00	1356172.534468
N04-Roh	रोहिणी	θ2 Tau	26.237	-6.165	26.544	4.544	-1000	-1000-12-31T06:00:00	1356172.534468
N05-Mrg	मृगशीर्ष	λ Ori	42.073	-13.763	43.803	2.588	-1000	-1000-12-31T06:00:00	1356172.534468
N05-Mrg	मृगशीर्ष	γ Ori	39.310	-17.197	42.320	-1.497	-1000	-1000-12-31T06:00:00	1356172.534468
N06-Ard	आर्द्रा	γ Gem	57.472	-7.092	56.795	12.996	-1000	-1000-12-31T06:00:00	1356172.534468
N07-Pun	पुनर्वसू	β Gem	72.078	6.544	69.525	29.075	-1000	-1000-12-31T06:00:00	1356172.534468
N07-Pun	पुनर्वसू	α Gem	68.723	9.898	65.108	31.865	-1000	-1000-12-31T06:00:00	1356172.534468
N08-Pus	पुष्य	δ Cnc	87.058	-0.048	86.786	23.733	-1000	-1000-12-31T06:00:00	1356172.534468
N09-Asl	आश्लेषा	ζ Hya	93.073	-11.238	93.088	12.543	-1000	-1000-12-31T06:00:00	1356172.534468
N09-Asl	आश्लेषा	δ Hya	88.796	-12.685	88.803	11.124	-1000	-1000-12-31T06:00:00	1356172.534468
N09-Asl	आश्लेषा	ε Hya	90.991	-11.360	90.995	12.451	-1000	-1000-12-31T06:00:00	1356172.534468
N09-Asl	आश्लेषा	η Hya	90.766	-14.550	90.751	9.263	-1000	-1000-12-31T06:00:00	1356172.534468
N09-Asl	आश्लेषा	ρ Hya	91.353	-11.824	91.354	11.984	-1000	-1000-12-31T06:00:00	1356172.534468
N09-Asl	आश्लेषा	σ Hya	89.669	-14.894	89.676	8.920	-1000	-1000-12-31T06:00:00	1356172.534468
N10-Mag	मघा	ζ Leo	105.858	11.641	108.928	34.404	-1000	-1000-12-31T06:00:00	1356172.534468
N10-Mag	मघा	α Leo	108.421	0.286	110.048	22.808	-1000	-1000-12-31T06:00:00	1356172.534468
N10-Mag	मघा	γ Leo	107.635	8.680	110.501	31.229	-1000	-1000-12-31T06:00:00	1356172.534468
N10-Mag	मघा	ε Leo	99.069	9.469	100.677	32.942	-1000	-1000-12-31T06:00:00	1356172.534468
N10-Mag	मघा	η Leo	106.259	4.643	108.322	27.414	-1000	-1000-12-31T06:00:00	1356172.534468
N10-Mag	मघा	μ Leo	99.916	12.174	101.944	35.572	-1000	-1000-12-31T06:00:00	1356172.534468
N11-PPal	पूर्वफल्गुनी	δ Leo	119.437	14.230	125.291	34.453	-1000	-1000-12-31T06:00:00	1356172.534468
N11-PPal	पूर्वफल्गुनी	θ Leo	121.754	9.629	126.569	29.441	-1000	-1000-12-31T06:00:00	1356172.534468
N12-UPal	उत्तरफल्गुनी	β Leo	130.254	12.459	136.696	29.885	-1000	-1000-12-31T06:00:00	1356172.534468
N12-UPal	उत्तरफल्गुनी	* 93 Leo	127.345	17.275	135.231	35.323	-1000	-1000-12-31T06:00:00	1356172.534468
N13-Has	हस्त	δ Crv	152.024	-11.934	149.776	-0.221	-1000	-1000-12-31T06:00:00	1356172.534468
N13-Has	हस्त	α Crv	150.684	-21.686	145.089	-8.880	-1000	-1000-12-31T06:00:00	1356172.534468
N13-Has	हस्त	β Crv	155.847	-17.898	151.051	-7.120	-1000	-1000-12-31T06:00:00	1356172.534468
N13-Has	हस्त	γ Crv	149.338	-14.399	146.459	-1.608	-1000	-1000-12-31T06:00:00	1356172.534468
N13-Has	हस्त	ε Crv	150.246	-19.588	145.453	-6.772	-1000	-1000-12-31T06:00:00	1356172.534468
N14-Chi	चित्रा	α Vir	162.254	-1.865	162.956	5.349	-1000	-1000-12-31T06:00:00	1356172.534468
N15-Swa	स्वाती	α Boo	162.426	32.913	179.106	36.831	-1000	-1000-12-31T06:00:00	1356172.534468
N16-Vis	विशाखे	α2 Lib	183.527	0.687	-176.496	-0.795	-1000	-1000-12-31T06:00:00	1356172.534468
N16-Vis	विशाखे	α1 Lib	183.496	0.715	-176.512	-0.757	-1000	-1000-12-31T06:00:00	1356172.534468
N17-Anu	अनूराधा	δ Sco	200.954	-1.600	-161.311	-9.782	-1000	-1000-12-31T06:00:00	1356172.534468
N17-Anu	अनूराधा	β1 Sco	201.564	1.380	-159.594	-7.258	-1000	-1000-12-31T06:00:00	1356172.534468
N17-Anu	अनूराधा	π Sco	201.339	-5.102	-162.323	-13.162	-1000	-1000-12-31T06:00:00	1356172.534468
N17-Anu	अनूराधा	ω1 Sco	202.048	0.593	-159.442	-8.169	-1000	-1000-12-31T06:00:00	1356172.534468
N18-Jye	ज्येष्ठा	ε Sco	214.170	-10.949	-152.227	-23.354	-1000	-1000-12-31T06:00:00	1356172.534468
N18-Jye	ज्येष्ठा	α Sco	208.156	-4.179	-155.478	-14.874	-1000	-1000-12-31T06:00:00	1356172.534468
N18-Jye	ज्येष्ठा	σ Sco	206.193	-3.656	-157.156	-13.663	-1000	-1000-12-31T06:00:00	1356172.534468
N19-Mul	मूल	κ Sco	224.865	-15.223	-142.928	-31.002	-1000	-1000-12-31T06:00:00	1356172.534468
N19-Mul	मूल	ζ2 Sco	215.667	-19.043	-154.125	-31.402	-1000	-1000-12-31T06:00:00	1356172.534468
N19-Mul	मूल	θ Sco	223.989	-19.248	-145.504	-34.495	-1000	-1000-12-31T06:00:00	1356172.534468
N19-Mul	मूल	ι1 Sco	225.911	-16.311	-142.238	-32.363	-1000	-1000-12-31T06:00:00	1356172.534468
N19-Mul	मूल	λ Sco	222.972	-13.367	-144.202	-28.638	-1000	-1000-12-31T06:00:00	1356172.534468
N19-Mul	मूल	ν Sco	222.398	-13.589	-144.887	-28.658	-1000	-1000-12-31T06:00:00	1356172.534468
N20-PAsh	पूर्वाषाढा	λ Sgr	234.761	-1.568	-128.089	-20.775	-1000	-1000-12-31T06:00:00	1356172.534468
N20-PAsh	पूर्वाषाढा	γ Sgr	229.726	-6.414	-134.728	-24.100	-1000	-1000-12-31T06:00:00	1356172.534468
N20-PAsh	पूर्वाषाढा	δ Sgr	232.936	-6.047	-131.250	-24.632	-1000	-1000-12-31T06:00:00	1356172.534468
N20-PAsh	पूर्वाषाढा	ε Sgr	233.537	-10.576	-131.985	-29.152	-1000	-1000-12-31T06:00:00	1356172.534468
N21-UAsh	उत्तराषाढा	τ Sgr	243.327	-4.522	-119.745	-25.583	-1000	-1000-12-31T06:00:00	1356172.534468
N21-UAsh	उत्तराषाढा	ζ Sgr	242.018	-6.796	-121.696	-27.537	-1000	-1000-12-31T06:00:00	1356172.534468
N21-UAsh	उत्तराषाढा	σ Sgr	240.755	-3.007	-122.159	-23.566	-1000	-1000-12-31T06:00:00	1356172.534468
N21-UAsh	उत्तराषाढा	φ Sgr	238.514	-3.557	-124.673	-23.604	-1000	-1000-12-31T06:00:00	1356172.534468
N22-Shr	श्रवण	α Aql	259.674	29.430	-99.030	5.943	-1000	-1000-12-31T06:00:00	1356172.534468
N22-Shr	श्रवण	β Aql	260.968	27.404	-98.029	3.845	-1000	-1000-12-31T06:00:00	1356172.534468
N22-Shr	श्रवण	γ Aql	259.421	31.598	-99.089	8.122	-1000	-1000-12-31T06:00:00	1356172.534468
N23-Dha	धनिष्ठा	β Del	274.795	32.274	-85.901	8.529	-1000	-1000-12-31T06:00:00	1356172.534468
N23-Dha	धनिष्ठा	α Del	275.879	33.326	-85.020	9.614	-1000	-1000-12-31T06:00:00	1356172.534468
N23-Dha	धनिष्ठा	γ2 Del	278.025	33.132	-83.193	9.509	-1000	-1000-12-31T06:00:00	1356172.534468
N23-Dha	धनिष्ठा	δ Del	276.708	32.253	-84.267	8.573	-1000	-1000-12-31T06:00:00	1356172.534468
N24-Sha	शतभिषक्	λ Aqr	299.928	-0.265	-57.759	-20.742	-1000	-1000-12-31T06:00:00	1356172.534468
N25-PBha	पूर्वाभाद्रपदा	α Peg	311.965	19.515	-50.919	1.297	-1000	-1000-12-31T06:00:00	1356172.534468
N25-PBha	पूर्वाभाद्रपदा	β Peg	317.774	31.112	-49.221	13.910	-1000	-1000-12-31T06:00:00	1356172.534468
N26-UBha	उत्तराभाद्रपदा	α And	332.819	25.773	-34.565	13.396	-1000	-1000-12-31T06:00:00	1356172.534468
N26-UBha	उत्तराभाद्रपदा	γ Peg	327.625	12.559	-34.471	-0.694	-1000	-1000-12-31T06:00:00	1356172.534468
N27-Rev	रेवती	ε Psc	335.963	0.935	-22.550	-8.599	-1000	-1000-12-31T06:00:00	1356172.534468
N01-Ash	अश्विनी	β Ari	359.242	8.397	-4.094	7.376	-500	-0500-12-31T06:00:00	1538797.534468
N01-Ash	अश्विनी	α Ari	2.885	9.898	-1.390	10.212	-500	-0500-12-31T06:00:00	1538797.534468
N01-Ash	अश्विनी	γ Ari	358.463	7.065	-4.261	5.846	-500	-0500-12-31T06:00:00	1538797.534468
N02-Bha	भरणी	* 41 Ari	13.503	10.297	8.224	14.842	-500	-0500-12-31T06:00:00	1538797.534468
N02-Bha	भरणी	* 35 Ari	12.258	11.083	6.736	15.062	-500	-0500-12-31T06:00:00	1538797.534468
N03-Kri	क्रित्तिका	η Tau	25.282	3.801	21.935	13.434	-500	-0500-12-31T06:00:00	1538797.534468
N03-Kri	क्रित्तिका	* 17 Tau	24.702	3.943	21.328	13.349	-500	-0500-12-31T06:00:00	1538797.534468
N03-Kri	क्रित्तिका	* 19 Tau	24.856	4.270	21.348	13.710	-500	-0500-12-31T06:00:00	1538797.534468
N03-Kri	क्रित्तिका	* 20 Tau	24.970	4.141	21.506	13.633	-500	-0500-12-31T06:00:00	1538797.534468
N03-Kri	क्रित्तिका	* 23 Tau	24.990	3.708	21.692	13.239	-500	-0500-12-31T06:00:00	1538797.534468
N03-Kri	क्रित्तिका	* 27 Tau	25.646	3.667	22.332	13.446	-500	-0500-12-31T06:00:00	1538797.534468
N04-Roh	रोहिणी	α Tau	35.035	-5.635	34.616	8.064	-500	-0500-12-31T06:00:00	1538797.534468
N04-Roh	रोहिणी	γ Tau	30.995	-6.002	30.933	6.350	-500	-0500-12-31T06:00:00	1538797.534468
N04-Roh	रोहिणी	δ Tau	32.072	-4.239	31.331	8.375	-500	-0500-12-31T06:00:00	1538797.534468
N04-Roh	रोहिणी	ε Tau	33.671	-2.836	32.363	10.241	-500	-0500-12-31T06:00:00	1538797.534468
N04-Roh	रोहिणी	θ2 Tau	33.158	-6.113	33.004	6.985	-500	-0500-12-31T06:00:00	1538797.534468
N05-Mrg	मृगशीर्ष	λ Ori	48.979	-13.697	50.235	4.506	-500	-0500-12-31T06:00:00	1538797.534468
N05-Mrg	मृगशीर्ष	γ Ori	46.217	-17.134	48.606	0.475	-500	-0500-12-31T06:00:00	1538797.534468
N06-Ard	आर्द्रा	γ Gem	64.377	-7.032	63.699	14.385	-500	-0500-12-31T06:00:00	1538797.534468
N07-Pun	पुनर्वसू	β Gem	78.899	6.571	77.262	29.831	-500	-0500-12-31T06:00:00	1538797.534468
N07-Pun	पुनर्वसू	α Gem	75.607	9.934	73.058	32.837	-500	-0500-12-31T06:00:00	1538797.534468
N08-Pus	पुष्य	δ Cnc	93.968	-0.022	94.333	23.673	-500	-0500-12-31T06:00:00	1538797.534468
N09-Asl	आश्लेषा	ζ Hya	99.957	-11.188	99.995	12.219	-500	-0500-12-31T06:00:00	1538797.534468
N09-Asl	आश्लेषा	δ Hya	95.681	-12.631	95.647	11.012	-500	-0500-12-31T06:00:00	1538797.534468
N09-Asl	आश्लेषा	ε Hya	97.850	-11.312	97.876	12.227	-500	-0500-12-31T06:00:00	1538797.534468
N09-Asl	आश्लेषा	η Hya	97.656	-14.495	97.505	9.059	-500	-0500-12-31T06:00:00	1538797.534468
N09-Asl	आश्लेषा	ρ Hya	98.246	-11.774	98.245	11.743	-500	-0500-12-31T06:00:00	1538797.534468
N09-Asl	आश्लेषा	σ Hya	96.559	-14.840	96.415	8.768	-500	-0500-12-31T06:00:00	1538797.534468
N10-Mag	मघा	ζ Leo	112.775	11.685	116.974	33.305	-500	-0500-12-31T06:00:00	1538797.534468
N10-Mag	मघा	α Leo	115.288	0.322	117.366	21.677	-500	-0500-12-31T06:00:00	1538797.534468
N10-Mag	मघा	γ Leo	114.597	8.709	118.378	30.043	-500	-0500-12-31T06:00:00	1538797.534468
N10-Mag	मघा	ε Leo	105.973	9.516	108.713	32.226	-500	-0500-12-31T06:00:00	1538797.534468
N10-Mag	मघा	η Leo	113.165	4.687	115.947	26.353	-500	-0500-12-31T06:00:00	1538797.534468
N10-Mag	मघा	μ Leo	106.800	12.209	110.118	34.784	-500	-0500-12-31T06:00:00	1538797.534468
N11-PPal	पूर्वफल्गुनी	δ Leo	126.382	14.254	133.071	32.663	-500	-0500-12-31T06:00:00	1538797.534468
N11-PPal	पूर्वफल्गुनी	θ Leo	128.664	9.644	134.033	27.608	-500	-0500-12-31T06:00:00	1538797.534468
N12-UPal	उत्तरफल्गुनी	β Leo	137.114	12.433	143.912	27.696	-500	-0500-12-31T06:00:00	1538797.534468
N12-UPal	उत्तरफल्गुनी	* 93 Leo	134.249	17.287	142.768	33.196	-500	-0500-12-31T06:00:00	1538797.534468
N13-Has	हस्त	δ Crv	158.894	-11.971	156.019	-2.747	-500	-0500-12-31T06:00:00	1538797.534468
N13-Has	हस्त	α Crv	157.575	-21.690	151.143	-11.273	-500	-0500-12-31T06:00:00	1538797.534468
N13-Has	हस्त	β Crv	162.732	-17.916	157.174	-9.659	-500	-0500-12-31T06:00:00	1538797.534468
N13-Has	हस्त	γ Crv	156.201	-14.410	152.671	-4.033	-500	-0500-12-31T06:00:00	1538797.534468
N13-Has	हस्त	ε Crv	157.114	-19.596	151.541	-9.171	-500	-0500-12-31T06:00:00	1538797.534468
N14-Chi	चित्रा	α Vir	169.151	-1.891	169.301	2.613	-500	-0500-12-31T06:00:00	1538797.534468
N15-Swa	स्वाती	α Boo	169.365	32.554	-174.869	33.722	-500	-0500-12-31T06:00:00	1538797.534468
N16-Vis	विशाखे	α2 Lib	190.419	0.632	-170.196	-3.597	-500	-0500-12-31T06:00:00	1538797.534468
N16-Vis	विशाखे	α1 Lib	190.384	0.660	-170.216	-3.558	-500	-0500-12-31T06:00:00	1538797.534468
N17-Anu	अनूराधा	δ Sco	207.856	-1.662	-154.803	-12.398	-500	-0500-12-31T06:00:00	1538797.534468
N17-Anu	अनूराधा	β1 Sco	208.468	1.320	-153.122	-9.839	-500	-0500-12-31T06:00:00	1538797.534468
N17-Anu	अनूराधा	π Sco	208.238	-5.162	-155.761	-15.793	-500	-0500-12-31T06:00:00	1538797.534468
N17-Anu	अनूराधा	ω1 Sco	208.951	0.534	-152.951	-10.746	-500	-0500-12-31T06:00:00	1538797.534468
N18-Jye	ज्येष्ठा	ε Sco	220.996	-11.080	-145.355	-25.800	-500	-0500-12-31T06:00:00	1538797.534468
N18-Jye	ज्येष्ठा	α Sco	215.056	-4.242	-148.796	-17.365	-500	-0500-12-31T06:00:00	1538797.534468
N18-Jye	ज्येष्ठा	σ Sco	213.093	-3.718	-150.523	-16.191	-500	-0500-12-31T06:00:00	1538797.534468
N19-Mul	मूल	κ Sco	231.763	-15.294	-135.475	-33.136	-500	-0500-12-31T06:00:00	1538797.534468
N19-Mul	मूल	ζ2 Sco	222.559	-19.142	-146.952	-33.885	-500	-0500-12-31T06:00:00	1538797.534468
N19-Mul	मूल	θ Sco	230.887	-19.314	-137.952	-36.705	-500	-0500-12-31T06:00:00	1538797.534468
N19-Mul	मूल	ι1 Sco	232.810	-16.379	-134.704	-34.470	-500	-0500-12-31T06:00:00	1538797.534468
N19-Mul	मूल	λ Sco	229.872	-13.437	-136.878	-30.815	-500	-0500-12-31T06:00:00	1538797.534468
N19-Mul	मूल	ν Sco	229.298	-13.659	-137.576	-30.857	-500	-0500-12-31T06:00:00	1538797.534468
N20-PAsh	पूर्वाषाढा	λ Sgr	241.652	-1.664	-120.886	-22.393	-500	-0500-12-31T06:00:00	1538797.534468
N20-PAsh	पूर्वाषाढा	γ Sgr	236.613	-6.511	-127.457	-25.975	-500	-0500-12-31T06:00:00	1538797.534468
N20-PAsh	पूर्वाषाढा	δ Sgr	239.842	-6.120	-123.880	-26.353	-500	-0500-12-31T06:00:00	1538797.534468
N20-PAsh	पूर्वाषाढा	ε Sgr	240.425	-10.657	-124.422	-30.902	-500	-0500-12-31T06:00:00	1538797.534468
N21-UAsh	उत्तराषाढा	τ Sgr	250.210	-4.619	-112.223	-26.842	-500	-0500-12-31T06:00:00	1538797.534468
N21-UAsh	उत्तराषाढा	ζ Sgr	248.920	-6.862	-114.061	-28.852	-500	-0500-12-31T06:00:00	1538797.534468
N21-UAsh	उत्तराषाढा	σ Sgr	247.659	-3.083	-114.741	-24.915	-500	-0500-12-31T06:00:00	1538797.534468
N21-UAsh	उत्तराषाढा	φ Sgr	245.423	-3.625	-117.270	-25.054	-500	-0500-12-31T06:00:00	1538797.534468
N22-Shr	श्रवण	α Aql	266.661	29.404	-92.923	5.683	-500	-0500-12-31T06:00:00	1538797.534468
N22-Shr	श्रवण	β Aql	267.846	27.276	-91.918	3.534	-500	-0500-12-31T06:00:00	1538797.534468
N22-Shr	श्रवण	γ Aql	266.310	31.535	-93.174	7.820	-500	-0500-12-31T06:00:00	1538797.534468
N23-Dha	धनिष्ठा	β Del	281.688	32.209	-80.010	8.863	-500	-0500-12-31T06:00:00	1538797.534468
N23-Dha	धनिष्ठा	α Del	282.765	33.270	-79.188	9.998	-500	-0500-12-31T06:00:00	1538797.534468
N23-Dha	धनिष्ठा	γ2 Del	284.883	33.054	-77.375	9.957	-500	-0500-12-31T06:00:00	1538797.534468
N23-Dha	धनिष्ठा	δ Del	283.577	32.195	-78.397	8.992	-500	-0500-12-31T06:00:00	1538797.534468
N24-Sha	शतभिषक्	λ Aqr	306.835	-0.292	-50.625	-19.092	-500	-0500-12-31T06:00:00	1538797.534468
N25-PBha	पूर्वाभाद्रपदा	α Peg	318.851	19.490	-44.688	3.181	-500	-0500-12-31T06:00:00	1538797.534468
N25-PBha	पूर्वाभाद्रपदा	β Peg	324.673	31.110	-43.431	15.871	-500	-0500-12-31T06:00:00	1538797.534468
N26-UBha	उत्तराभाद्रपदा	α And	339.699	25.761	-28.625	15.769	-500	-0500-12-31T06:00:00	1538797.534468
N26-UBha	उत्तराभाद्रपदा	γ Peg	334.512	12.559	-28.180	1.709	-500	-0500-12-31T06:00:00	1538797.534468
N27-Rev	रेवती	ε Psc	342.856	0.955	-16.139	-5.939	-500	-0500-12-31T06:00:00	1538797.534468
N01-Ash	अश्विनी	β Ari	6.161	8.411	2.238	10.172	0	0000-12-31T06:00:00	1721422.534468
N01-Ash	अश्विनी	α Ari	9.813	9.907	4.980	13.004	0	0000-12-31T06:00:00	1721422.534468
N01-Ash	अश्विनी	γ Ari	5.380	7.081	2.067	8.642	0	0000-12-31T06:00:00	1721422.534468
N02-Bha	भरणी	* 41 Ari	20.416	10.324	14.720	17.579	0	0000-12-31T06:00:00	1721422.534468
N02-Bha	भरणी	* 35 Ari	19.166	11.126	13.203	17.827	0	0000-12-31T06:00:00	1721422.534468
N03-Kri	क्रित्तिका	η Tau	32.197	3.849	28.574	15.968	0	0000-12-31T06:00:00	1721422.534468
N03-Kri	क्रित्तिका	* 17 Tau	31.617	3.990	27.959	15.895	0	0000-12-31T06:00:00	1721422.534468
N03-Kri	क्रित्तिका	* 19 Tau	31.770	4.317	27.987	16.256	0	0000-12-31T06:00:00	1721422.534468
N03-Kri	क्रित्तिका	* 20 Tau	31.885	4.189	28.145	16.176	0	0000-12-31T06:00:00	1721422.534468
N03-Kri	क्रित्तिका	* 23 Tau	31.904	3.756	28.324	15.778	0	0000-12-31T06:00:00	1721422.534468
N03-Kri	क्रित्तिका	* 27 Tau	32.560	3.715	28.976	15.971	0	0000-12-31T06:00:00	1721422.534468
N04-Roh	रोहिणी	α Tau	41.960	-5.603	41.229	10.254	0	0000-12-31T06:00:00	1721422.534468
N04-Roh	रोहिणी	γ Tau	37.931	-5.950	37.479	8.672	0	0000-12-31T06:00:00	1721422.534468
N04-Roh	रोहिणी	δ Tau	39.005	-4.187	37.937	10.684	0	0000-12-31T06:00:00	1721422.534468
N04-Roh	रोहिणी	ε Tau	40.603	-2.784	39.031	12.519	0	0000-12-31T06:00:00	1721422.534468
N04-Roh	रोहिणी	θ2 Tau	40.092	-6.059	39.579	9.248	0	0000-12-31T06:00:00	1721422.534468
N05-Mrg	मृगशीर्ष	λ Ori	55.899	-13.631	56.767	6.176	0	0000-12-31T06:00:00	1721422.534468
N05-Mrg	मृगशीर्ष	γ Ori	53.138	-17.071	54.978	2.210	0	0000-12-31T06:00:00	1721422.534468
N06-Ard	आर्द्रा	γ Gem	71.296	-6.972	70.715	15.466	0	0000-12-31T06:00:00	1721422.534468
N07-Pun	पुनर्वसू	β Gem	85.735	6.596	85.095	30.218	0	0000-12-31T06:00:00	1721422.534468
N07-Pun	पुनर्वसू	α Gem	82.506	9.969	81.146	33.432	0	0000-12-31T06:00:00	1721422.534468
N08-Pus	पुष्य	δ Cnc	100.892	0.002	101.867	23.244	0	0000-12-31T06:00:00	1721422.534468
N09-Asl	आश्लेषा	ζ Hya	106.854	-11.139	106.880	11.563	0	0000-12-31T06:00:00	1721422.534468
N09-Asl	आश्लेषा	δ Hya	102.580	-12.579	102.488	10.566	0	0000-12-31T06:00:00	1721422.534468
N09-Asl	आश्लेषा	ε Hya	104.723	-11.266	104.744	11.671	0	0000-12-31T06:00:00	1721422.534468
N09-Asl	आश्लेषा	η Hya	104.559	-14.442	104.251	8.529	0	0000-12-31T06:00:00	1721422.534468
N09-Asl	आश्लेषा	ρ Hya	105.153	-11.725	105.122	11.170	0	0000-12-31T06:00:00	1721422.534468
N09-Asl	आश्लेषा	σ Hya	103.463	-14.788	103.149	8.288	0	0000-12-31T06:00:00	1721422.534468
N10-Mag	मघा	ζ Leo	119.705	11.726	124.839	31.862	0	0000-12-31T06:00:00	1721422.534468
N10-Mag	मघा	α Leo	122.170	0.356	124.571	20.234	0	0000-12-31T06:00:00	1721422.534468
N10-Mag	मघा	γ Leo	121.573	8.736	126.086	28.521	0	0000-12-31T06:00:00	1721422.534468
N10-Mag	मघा	ε Leo	112.892	9.560	116.627	31.142	0	0000-12-31T06:00:00	1721422.534468
N10-Mag	मघा	η Leo	120.086	4.728	123.440	24.962	0	0000-12-31T06:00:00	1721422.534468
N10-Mag	मघा	μ Leo	113.698	12.242	118.146	33.626	0	0000-12-31T06:00:00	1721422.534468
N11-PPal	पूर्वफल्गुनी	δ Leo	133.342	14.276	140.603	30.600	0	0000-12-31T06:00:00	1721422.534468
N11-PPal	पूर्वफल्गुनी	θ Leo	135.589	9.655	141.293	25.520	0	0000-12-31T06:00:00	1721422.534468
N12-UPal	उत्तरफल्गुनी	β Leo	143.988	12.406	150.912	25.308	0	0000-12-31T06:00:00	1721422.534468
N12-UPal	उत्तरफल्गुनी	* 93 Leo	141.167	17.297	150.038	30.855	0	0000-12-31T06:00:00	1721422.534468
N13-Has	हस्त	δ Crv	165.778	-12.011	162.241	-5.393	0	0000-12-31T06:00:00	1721422.534468
N13-Has	हस्त	α Crv	164.482	-21.697	157.208	-13.805	0	0000-12-31T06:00:00	1721422.534468
N13-Has	हस्त	β Crv	169.632	-17.937	163.312	-12.310	0	0000-12-31T06:00:00	1721422.534468
N13-Has	हस्त	γ Crv	163.079	-14.423	158.863	-6.592	0	0000-12-31T06:00:00	1721422.534468
N13-Has	हस्त	ε Crv	163.997	-19.606	157.631	-11.706	0	0000-12-31T06:00:00	1721422.534468
N14-Chi	चित्रा	α Vir	176.062	-1.919	175.624	-0.176	0	0000-12-31T06:00:00	1721422.534468
N15-Swa	स्वाती	α Boo	176.315	32.192	-168.991	30.644	0	0000-12-31T06:00:00	1721422.534468
N16-Vis	विशाखे	α2 Lib	197.325	0.576	-163.835	-6.342	0	0000-12-31T06:00:00	1721422.534468
N16-Vis	विशाखे	α1 Lib	197.286	0.604	-163.860	-6.301	0	0000-12-31T06:00:00	1721422.534468
N17-Anu	अनूराधा	δ Sco	214.772	-1.725	-148.158	-14.871	0	0000-12-31T06:00:00	1721422.534468
N17-Anu	अनूराधा	β1 Sco	215.386	1.259	-146.526	-12.270	0	0000-12-31T06:00:00	1721422.534468
N17-Anu	अनूराधा	π Sco	215.151	-5.223	-149.043	-18.286	0	0000-12-31T06:00:00	1721422.534468
N17-Anu	अनूराधा	ω1 Sco	215.868	0.473	-146.330	-13.173	0	0000-12-31T06:00:00	1721422.534468
N18-Jye	ज्येष्ठा	ε Sco	227.836	-11.211	-138.251	-28.049	0	0000-12-31T06:00:00	1721422.534468
N18-Jye	ज्येष्ठा	α Sco	221.970	-4.306	-141.942	-19.679	0	0000-12-31T06:00:00	1721422.534468
N18-Jye	ज्येष्ठा	σ Sco	220.007	-3.780	-143.726	-18.552	0	0000-12-31T06:00:00	1721422.534468
N19-Mul	मूल	κ Sco	238.676	-15.364	-127.735	-35.004	0	0000-12-31T06:00:00	1721422.534468
N19-Mul	मूल	ζ2 Sco	229.466	-19.242	-139.469	-36.167	0	0000-12-31T06:00:00	1721422.534468
N19-Mul	मूल	θ Sco	237.801	-19.381	-130.069	-38.657	0	0000-12-31T06:00:00	1721422.534468
N19-Mul	मूल	ι1 Sco	239.724	-16.446	-126.872	-36.306	0	0000-12-31T06:00:00	1721422.534468
N19-Mul	मूल	λ Sco	236.787	-13.508	-129.286	-32.738	0	0000-12-31T06:00:00	1721422.534468
N19-Mul	मूल	ν Sco	236.213	-13.729	-129.995	-32.804	0	0000-12-31T06:00:00	1721422.534468
N20-PAsh	पूर्वाषाढा	λ Sgr	248.558	-1.760	-113.519	-23.703	0	0000-12-31T06:00:00	1721422.534468
N20-PAsh	पूर्वाषाढा	γ Sgr	243.515	-6.608	-119.980	-27.560	0	0000-12-31T06:00:00	1721422.534468
N20-PAsh	पूर्वाषाढा	δ Sgr	246.762	-6.191	-116.314	-27.766	0	0000-12-31T06:00:00	1721422.534468
N20-PAsh	पूर्वाषाढा	ε Sgr	247.328	-10.737	-116.630	-32.338	0	0000-12-31T06:00:00	1721422.534468
N21-UAsh	उत्तराषाढा	τ Sgr	257.108	-4.715	-104.553	-27.755	0	0000-12-31T06:00:00	1721422.534468
N21-UAsh	उत्तराषाढा	ζ Sgr	255.836	-6.928	-106.259	-29.818	0	0000-12-31T06:00:00	1721422.534468
N21-UAsh	उत्तराषाढा	σ Sgr	254.577	-3.158	-107.173	-25.929	0	0000-12-31T06:00:00	1721422.534468
N21-UAsh	उत्तराषाढा	φ Sgr	252.348	-3.692	-109.706	-26.175	0	0000-12-31T06:00:00	1721422.534468
N22-Shr	श्रवण	α Aql	273.660	29.380	-86.796	5.727	0	0000-12-31T06:00:00	1721422.534468
N22-Shr	श्रवण	β Aql	274.736	27.149	-85.779	3.524	0	0000-12-31T06:00:00	1721422.534468
N22-Shr	श्रवण	γ Aql	273.211	31.473	-87.236	7.809	0	0000-12-31T06:00:00	1721422.534468
N23-Dha	धनिष्ठा	β Del	288.594	32.146	-74.115	9.481	0	0000-12-31T06:00:00	1721422.534468
N23-Dha	धनिष्ठा	α Del	289.663	33.215	-73.354	10.661	0	0000-12-31T06:00:00	1721422.534468
N23-Dha	धनिष्ठा	γ2 Del	291.755	32.979	-71.555	10.681	0	0000-12-31T06:00:00	1721422.534468
N23-Dha	धनिष्ठा	δ Del	290.460	32.140	-72.526	9.691	0	0000-12-31T06:00:00	1721422.534468
N24-Sha	शतभिषक्	λ Aqr	313.756	-0.317	-43.625	-17.177	0	0000-12-31T06:00:00	1721422.534468
N25-PBha	पूर्वाभाद्रपदा	α Peg	325.751	19.468	-38.496	5.275	0	0000-12-31T06:00:00	1721422.534468
N25-PBha	पूर्वाभाद्रपदा	β Peg	331.586	31.110	-37.637	18.024	0	0000-12-31T06:00:00	1721422.534468
N26-UBha	उत्तराभाद्रपदा	α And	346.590	25.731	-22.657	18.276	0	0000-12-31T06:00:00	1721422.534468
N26-UBha	उत्तराभाद्रपदा	γ Peg	341.414	12.562	-21.920	4.251	0	0000-12-31T06:00:00	1721422.534468
N27-Rev	रेवती	ε Psc	349.763	0.978	-9.778	-3.198	0	0000-12-31T06:00:00	1721422.534468
N01-Ash	अश्विनी	β Ari	13.093	8.427	8.649	12.949	500	0500-12-31T06:00:00	1904047.534468
N01-Ash	अश्विनी	α Ari	16.755	9.919	11.454	15.762	500	0500-12-31T06:00:00	1904047.534468
N01-Ash	अश्विनी	γ Ari	12.312	7.098	8.467	11.422	500	0500-12-31T06:00:00	1904047.534468
N02-Bha	भरणी	* 41 Ari	27.343	10.353	21.369	20.229	500	0500-12-31T06:00:00	1904047.534468
N02-Bha	भरणी	* 35 Ari	26.089	11.170	19.822	20.513	500	0500-12-31T06:00:00	1904047.534468
N03-Kri	क्रित्तिका	η Tau	39.127	3.898	35.376	18.340	500	0500-12-31T06:00:00	1904047.534468
N03-Kri	क्रित्तिका	* 17 Tau	38.546	4.039	34.751	18.283	500	0500-12-31T06:00:00	1904047.534468
N03-Kri	क्रित्तिका	* 19 Tau	38.700	4.366	34.789	18.642	500	0500-12-31T06:00:00	1904047.534468
N03-Kri	क्रित्तिका	* 20 Tau	38.814	4.238	34.948	18.558	500	0500-12-31T06:00:00	1904047.534468
N03-Kri	क्रित्तिका	* 23 Tau	38.834	3.804	35.117	18.156	500	0500-12-31T06:00:00	1904047.534468
N03-Kri	क्रित्तिका	* 27 Tau	39.490	3.764	35.783	18.332	500	0500-12-31T06:00:00	1904047.534468
N04-Roh	रोहिणी	α Tau	48.898	-5.570	47.974	12.224	500	0500-12-31T06:00:00	1904047.534468
N04-Roh	रोहिणी	γ Tau	44.881	-5.897	44.150	10.792	500	0500-12-31T06:00:00	1904047.534468
N04-Roh	रोहिणी	δ Tau	45.953	-4.134	44.677	12.788	500	0500-12-31T06:00:00	1904047.534468
N04-Roh	रोहिणी	ε Tau	47.550	-2.730	45.843	14.585	500	0500-12-31T06:00:00	1904047.534468
N04-Roh	रोहिणी	θ2 Tau	47.041	-6.005	46.281	11.299	500	0500-12-31T06:00:00	1904047.534468
N05-Mrg	मृगशीर्ष	λ Ori	62.833	-13.566	63.400	7.574	500	0500-12-31T06:00:00	1904047.534468
N05-Mrg	मृगशीर्ष	γ Ori	60.072	-17.007	61.440	3.685	500	0500-12-31T06:00:00	1904047.534468
N06-Ard	आर्द्रा	γ Gem	78.230	-6.914	77.825	16.219	500	0500-12-31T06:00:00	1904047.534468
N07-Pun	पुनर्वसू	β Gem	92.586	6.620	92.973	30.226	500	0500-12-31T06:00:00	1904047.534468
N07-Pun	पुनर्वसू	α Gem	89.420	10.003	89.314	33.634	500	0500-12-31T06:00:00	1904047.534468
N08-Pus	पुष्य	δ Cnc	107.830	0.024	109.349	22.457	500	0500-12-31T06:00:00	1904047.534468
N09-Asl	आश्लेषा	ζ Hya	113.766	-11.094	113.724	10.588	500	0500-12-31T06:00:00	1904047.534468
N09-Asl	आश्लेषा	δ Hya	109.492	-12.529	109.302	9.796	500	0500-12-31T06:00:00	1904047.534468
N09-Asl	आश्लेषा	ε Hya	111.609	-11.222	111.576	10.794	500	0500-12-31T06:00:00	1904047.534468
N09-Asl	आश्लेषा	η Hya	111.477	-14.391	110.968	7.680	500	0500-12-31T06:00:00	1904047.534468
N09-Asl	आश्लेषा	ρ Hya	112.073	-11.678	111.963	10.274	500	0500-12-31T06:00:00	1904047.534468
N09-Asl	आश्लेषा	σ Hya	110.382	-14.738	109.859	7.489	500	0500-12-31T06:00:00	1904047.534468
N10-Mag	मघा	ζ Leo	126.651	11.765	132.497	30.109	500	0500-12-31T06:00:00	1904047.534468
N10-Mag	मघा	α Leo	129.065	0.387	131.649	18.507	500	0500-12-31T06:00:00	1904047.534468
N10-Mag	मघा	γ Leo	128.565	8.759	133.603	26.699	500	0500-12-31T06:00:00	1904047.534468
N10-Mag	मघा	ε Leo	119.826	9.603	124.379	29.717	500	0500-12-31T06:00:00	1904047.534468
N10-Mag	मघा	η Leo	127.022	4.766	130.781	23.270	500	0500-12-31T06:00:00	1904047.534468
N10-Mag	मघा	μ Leo	120.612	12.272	125.985	32.130	500	0500-12-31T06:00:00	1904047.534468
N11-PPal	पूर्वफल्गुनी	δ Leo	140.316	14.294	147.895	28.310	500	0500-12-31T06:00:00	1904047.534468
N11-PPal	पूर्वफल्गुनी	θ Leo	142.528	9.664	148.357	23.217	500	0500-12-31T06:00:00	1904047.534468
N12-UPal	उत्तरफल्गुनी	β Leo	150.876	12.375	157.720	22.762	500	0500-12-31T06:00:00	1904047.534468
N12-UPal	उत्तरफल्गुनी	* 93 Leo	148.100	17.305	157.065	28.343	500	0500-12-31T06:00:00	1904047.534468
N13-Has	हस्त	δ Crv	172.678	-12.053	168.469	-8.125	500	0500-12-31T06:00:00	1904047.534468
N13-Has	हस्त	α Crv	171.403	-21.706	163.306	-16.448	500	0500-12-31T06:00:00	1904047.534468
N13-Has	हस्त	β Crv	176.546	-17.960	169.493	-15.042	500	0500-12-31T06:00:00	1904047.534468
N13-Has	हस्त	γ Crv	169.971	-14.438	165.060	-9.255	500	0500-12-31T06:00:00	1904047.534468
N13-Has	हस्त	ε Crv	170.895	-19.619	163.746	-14.350	500	0500-12-31T06:00:00	1904047.534468
N14-Chi	चित्रा	α Vir	182.988	-1.949	-178.043	-2.983	500	0500-12-31T06:00:00	1904047.534468
N15-Swa	स्वाती	α Boo	183.279	31.830	-163.210	27.625	500	0500-12-31T06:00:00	1904047.534468
N16-Vis	विशाखे	α2 Lib	204.245	0.518	-157.385	-8.994	500	0500-12-31T06:00:00	1904047.534468
N16-Vis	विशाखे	α1 Lib	204.202	0.546	-157.415	-8.951	500	0500-12-31T06:00:00	1904047.534468
N17-Anu	अनूराधा	δ Sco	221.703	-1.789	-141.355	-17.167	500	0500-12-31T06:00:00	1904047.534468
N17-Anu	अनूराधा	β1 Sco	222.318	1.198	-139.786	-14.517	500	0500-12-31T06:00:00	1904047.534468
N17-Anu	अनूराधा	π Sco	222.079	-5.285	-142.145	-20.602	500	0500-12-31T06:00:00	1904047.534468
N17-Anu	अनूराधा	ω1 Sco	222.799	0.411	-139.561	-15.413	500	0500-12-31T06:00:00	1904047.534468
N18-Jye	ज्येष्ठा	ε Sco	234.691	-11.342	-130.901	-30.061	500	0500-12-31T06:00:00	1904047.534468
N18-Jye	ज्येष्ठा	α Sco	228.899	-4.372	-134.899	-21.779	500	0500-12-31T06:00:00	1904047.534468
N18-Jye	ज्येष्ठा	σ Sco	226.936	-3.844	-136.747	-20.709	500	0500-12-31T06:00:00	1904047.534468
N19-Mul	मूल	κ Sco	245.604	-15.435	-119.716	-36.565	500	0500-12-31T06:00:00	1904047.534468
N19-Mul	मूल	ζ2 Sco	236.388	-19.342	-131.657	-38.202	500	0500-12-31T06:00:00	1904047.534468
N19-Mul	मूल	θ Sco	244.730	-19.447	-121.858	-40.304	500	0500-12-31T06:00:00	1904047.534468
N19-Mul	मूल	ι1 Sco	246.653	-16.514	-118.752	-37.827	500	0500-12-31T06:00:00	1904047.534468
N19-Mul	मूल	λ Sco	243.716	-13.578	-121.430	-34.365	500	0500-12-31T06:00:00	1904047.534468
N19-Mul	मूल	ν Sco	243.143	-13.799	-122.148	-34.459	500	0500-12-31T06:00:00	1904047.534468
N20-PAsh	पूर्वाषाढा	λ Sgr	255.479	-1.855	-106.009	-24.678	500	0500-12-31T06:00:00	1904047.534468
N20-PAsh	पूर्वाषाढा	γ Sgr	250.432	-6.705	-112.313	-28.822	500	0500-12-31T06:00:00	1904047.534468
N20-PAsh	पूर्वाषाढा	δ Sgr	253.697	-6.263	-108.575	-28.842	500	0500-12-31T06:00:00	1904047.534468
N20-PAsh	पूर्वाषाढा	ε Sgr	254.246	-10.817	-108.635	-33.428	500	0500-12-31T06:00:00	1904047.534468
N21-UAsh	उत्तराषाढा	τ Sgr	264.020	-4.810	-96.771	-28.301	500	0500-12-31T06:00:00	1904047.534468
N21-UAsh	उत्तराषाढा	ζ Sgr	262.767	-6.992	-98.332	-30.414	500	0500-12-31T06:00:00	1904047.534468
N21-UAsh	उत्तराषाढा	σ Sgr	261.510	-3.232	-99.487	-26.584	500	0500-12-31T06:00:00	1904047.534468
N21-UAsh	उत्तराषाढा	φ Sgr	259.287	-3.759	-102.010	-26.943	500	0500-12-31T06:00:00	1904047.534468
N22-Shr	श्रवण	α Aql	280.672	29.358	-80.659	6.074	500	0500-12-31T06:00:00	1904047.534468
N22-Shr	श्रवण	β Aql	281.640	27.024	-79.622	3.813	500	0500-12-31T06:00:00	1904047.534468
N22-Shr	श्रवण	γ Aql	280.126	31.413	-81.283	8.089	500	0500-12-31T06:00:00	1904047.534468
N23-Dha	धनिष्ठा	β Del	295.513	32.086	-68.223	10.377	500	0500-12-31T06:00:00	1904047.534468
N23-Dha	धनिष्ठा	α Del	296.575	33.164	-67.524	11.598	500	0500-12-31T06:00:00	1904047.534468
N23-Dha	धनिष्ठा	γ2 Del	298.641	32.906	-65.738	11.673	500	0500-12-31T06:00:00	1904047.534468
N23-Dha	धनिष्ठा	δ Del	297.356	32.088	-66.661	10.662	500	0500-12-31T06:00:00	1904047.534468
N24-Sha	शतभिषक्	λ Aqr	320.692	-0.338	-36.760	-15.032	500	0500-12-31T06:00:00	1904047.534468
N25-PBha	पूर्वाभाद्रपदा	α Peg	332.665	19.448	-32.329	7.554	500	0500-12-31T06:00:00	1904047.534468
N25-PBha	पूर्वाभाद्रपदा	β Peg	338.514	31.114	-31.825	20.346	500	0500-12-31T06:00:00	1904047.534468
N26-UBha	उत्तराभाद्रपदा	α And	353.493	25.715	-16.636	20.890	500	0500-12-31T06:00:00	1904047.534468
N26-UBha	उत्तराभाद्रपदा	γ Peg	348.330	12.567	-15.667	6.903	500	0500-12-31T06:00:00	1904047.534468
N27-Rev	रेवती	ε Psc	356.684	1.003	-3.439	-0.409	500	0500-12-31T06:00:00	1904047.534468
N01-Ash	अश्विनी	β Ari	20.042	8.445	15.172	15.673	1000	1000-12-31T06:00:00	2086672.534468
N01-Ash	अश्विनी	α Ari	23.714	9.933	18.063	18.451	1000	1000-12-31T06:00:00	2086672.534468
N01-Ash	अश्विनी	γ Ari	19.259	7.118	14.968	14.149	1000	1000-12-31T06:00:00	2086672.534468
N02-Bha	भरणी	* 41 Ari	34.286	10.384	28.202	22.753	1000	1000-12-31T06:00:00	2086672.534468
N02-Bha	भरणी	* 35 Ari	33.027	11.217	26.623	23.083	1000	1000-12-31T06:00:00	2086672.534468
N03-Kri	क्रित्तिका	η Tau	46.071	3.948	42.357	20.512	1000	1000-12-31T06:00:00	2086672.534468
N03-Kri	क्रित्तिका	* 17 Tau	45.491	4.088	41.722	20.473	1000	1000-12-31T06:00:00	2086672.534468
N03-Kri	क्रित्तिका	* 19 Tau	45.644	4.416	41.773	20.831	1000	1000-12-31T06:00:00	2086672.534468
N03-Kri	क्रित्तिका	* 20 Tau	45.759	4.287	41.931	20.743	1000	1000-12-31T06:00:00	2086672.534468
N03-Kri	क्रित्तिका	* 23 Tau	45.778	3.854	42.089	20.335	1000	1000-12-31T06:00:00	2086672.534468
N03-Kri	क्रित्तिका	* 27 Tau	46.435	3.814	42.769	20.491	1000	1000-12-31T06:00:00	2086672.534468
N04-Roh	रोहिणी	α Tau	55.852	-5.536	54.853	13.942	1000	1000-12-31T06:00:00	2086672.534468
N04-Roh	रोहिणी	γ Tau	51.846	-5.842	50.955	12.679	1000	1000-12-31T06:00:00	2086672.534468
N04-Roh	रोहिणी	δ Tau	52.915	-4.079	51.561	14.653	1000	1000-12-31T06:00:00	2086672.534468
N04-Roh	रोहिणी	ε Tau	54.511	-2.676	52.806	16.404	1000	1000-12-31T06:00:00	2086672.534468
N04-Roh	रोहिणी	θ2 Tau	54.005	-5.950	53.117	13.106	1000	1000-12-31T06:00:00	2086672.534468
N05-Mrg	मृगशीर्ष	λ Ori	69.781	-13.500	70.126	8.677	1000	1000-12-31T06:00:00	2086672.534468
N05-Mrg	मृगशीर्ष	γ Ori	67.021	-16.943	67.988	4.878	1000	1000-12-31T06:00:00	2086672.534468
N06-Ard	आर्द्रा	γ Gem	85.178	-6.856	85.003	16.629	1000	1000-12-31T06:00:00	2086672.534468
N07-Pun	पुनर्वसू	β Gem	99.451	6.643	100.840	29.855	1000	1000-12-31T06:00:00	2086672.534468
N07-Pun	पुनर्वसू	α Gem	96.349	10.035	97.498	33.438	1000	1000-12-31T06:00:00	2086672.534468
N08-Pus	पुष्य	δ Cnc	114.784	0.044	116.745	21.329	1000	1000-12-31T06:00:00	2086672.534468
N09-Asl	आश्लेषा	ζ Hya	120.693	-11.050	120.508	9.311	1000	1000-12-31T06:00:00	2086672.534468
N09-Asl	आश्लेषा	δ Hya	116.420	-12.482	116.072	8.715	1000	1000-12-31T06:00:00	2086672.534468
N09-Asl	आश्लेषा	ε Hya	118.511	-11.181	118.355	9.611	1000	1000-12-31T06:00:00	2086672.534468
N09-Asl	आश्लेषा	η Hya	118.409	-14.342	117.642	6.528	1000	1000-12-31T06:00:00	2086672.534468
N09-Asl	आश्लेषा	ρ Hya	119.009	-11.634	118.751	9.072	1000	1000-12-31T06:00:00	2086672.534468
N09-Asl	आश्लेषा	σ Hya	117.314	-14.691	116.528	6.385	1000	1000-12-31T06:00:00	2086672.534468
N10-Mag	मघा	ζ Leo	133.612	11.801	139.936	28.088	1000	1000-12-31T06:00:00	2086672.534468
N10-Mag	मघा	α Leo	135.976	0.416	138.593	16.530	1000	1000-12-31T06:00:00	2086672.534468
N10-Mag	मघा	γ Leo	135.571	8.781	140.923	24.616	1000	1000-12-31T06:00:00	2086672.534468
N10-Mag	मघा	ε Leo	126.775	9.643	131.942	27.988	1000	1000-12-31T06:00:00	2086672.534468
N10-Mag	मघा	η Leo	133.972	4.802	137.959	21.314	1000	1000-12-31T06:00:00	2086672.534468
N10-Mag	मघा	μ Leo	127.541	12.300	133.611	30.334	1000	1000-12-31T06:00:00	2086672.534468
N11-PPal	पूर्वफल्गुनी	δ Leo	147.306	14.310	154.962	25.838	1000	1000-12-31T06:00:00	2086672.534468
N11-PPal	पूर्वफल्गुनी	θ Leo	149.483	9.670	155.241	20.740	1000	1000-12-31T06:00:00	2086672.534468
N12-UPal	उत्तरफल्गुनी	β Leo	157.780	12.342	164.362	20.098	1000	1000-12-31T06:00:00	2086672.534468
N12-UPal	उत्तरफल्गुनी	* 93 Leo	155.048	17.309	163.878	25.706	1000	1000-12-31T06:00:00	2086672.534468
N13-Has	हस्त	δ Crv	179.592	-12.098	174.730	-10.913	1000	1000-12-31T06:00:00	2086672.534468
N13-Has	हस्त	α Crv	178.339	-21.718	169.469	-19.172	1000	1000-12-31T06:00:00	2086672.534468
N13-Has	हस्त	β Crv	183.476	-17.986	175.747	-17.823	1000	1000-12-31T06:00:00	2086672.534468
N13-Has	हस्त	γ Crv	176.879	-14.457	171.289	-11.990	1000	1000-12-31T06:00:00	2086672.534468
N13-Has	हस्त	ε Crv	177.807	-19.635	169.915	-17.073	1000	1000-12-31T06:00:00	2086672.534468
N14-Chi	चित्रा	α Vir	189.929	-1.982	-171.671	-5.774	1000	1000-12-31T06:00:00	2086672.534468
N15-Swa	स्वाती	α Boo	190.255	31.466	-157.486	24.691	1000	1000-12-31T06:00:00	2086672.534468
N16-Vis	विशाखे	α2 Lib	211.181	0.458	-150.820	-11.519	1000	1000-12-31T06:00:00	2086672.534468
N16-Vis	विशाखे	α1 Lib	211.133	0.486	-150.856	-11.475	1000	1000-12-31T06:00:00	2086672.534468
N17-Anu	अनूराधा	δ Sco	228.649	-1.854	-134.381	-19.248	1000	1000-12-31T06:00:00	2086672.534468
N17-Anu	अनूराधा	β1 Sco	229.265	1.135	-132.892	-16.545	1000	1000-12-31T06:00:00	2086672.534468
N17-Anu	अनूराधा	π Sco	229.022	-5.347	-135.053	-22.704	1000	1000-12-31T06:00:00	2086672.534468
N17-Anu	अनूराधा	ω1 Sco	229.746	0.348	-132.631	-17.432	1000	1000-12-31T06:00:00	2086672.534468
N18-Jye	ज्येष्ठा	ε Sco	241.562	-11.474	-123.305	-31.797	1000	1000-12-31T06:00:00	2086672.534468
N18-Jye	ज्येष्ठा	α Sco	235.843	-4.437	-127.662	-23.628	1000	1000-12-31T06:00:00	2086672.534468
N18-Jye	ज्येष्ठा	σ Sco	233.880	-3.908	-129.579	-22.625	1000	1000-12-31T06:00:00	2086672.534468
N19-Mul	मूल	κ Sco	252.548	-15.505	-111.446	-37.776	1000	1000-12-31T06:00:00	2086672.534468
N19-Mul	मूल	ζ2 Sco	243.327	-19.443	-123.513	-39.943	1000	1000-12-31T06:00:00	2086672.534468
N19-Mul	मूल	θ Sco	251.675	-19.513	-113.347	-41.601	1000	1000-12-31T06:00:00	2086672.534468
N19-Mul	मूल	ι1 Sco	253.599	-16.581	-110.376	-38.991	1000	1000-12-31T06:00:00	2086672.534468
N19-Mul	मूल	λ Sco	250.662	-13.649	-113.331	-35.656	1000	1000-12-31T06:00:00	2086672.534468
N19-Mul	मूल	ν Sco	250.088	-13.869	-114.052	-35.781	1000	1000-12-31T06:00:00	2086672.534468
N20-PAsh	पूर्वाषाढा	λ Sgr	262.414	-1.950	-98.391	-25.296	1000	1000-12-31T06:00:00	2086672.534468
N20-PAsh	पूर्वाषाढा	γ Sgr	257.365	-6.801	-104.486	-29.733	1000	1000-12-31T06:00:00	2086672.534468
N20-PAsh	पूर्वाषाढा	δ Sgr	260.648	-6.333	-100.700	-29.553	1000	1000-12-31T06:00:00	2086672.534468
N20-PAsh	पूर्वाषाढा	ε Sgr	261.179	-10.896	-100.483	-34.143	1000	1000-12-31T06:00:00	2086672.534468
N21-UAsh	उत्तराषाढा	τ Sgr	270.947	-4.905	-88.926	-28.470	1000	1000-12-31T06:00:00	2086672.534468
N21-UAsh	उत्तराषाढा	ζ Sgr	269.714	-7.056	-90.330	-30.624	1000	1000-12-31T06:00:00	2086672.534468
N21-UAsh	उत्तराषाढा	σ Sgr	268.458	-3.306	-91.726	-26.865	1000	1000-12-31T06:00:00	2086672.534468
N21-UAsh	उत्तराषाढा	φ Sgr	266.241	-3.825	-94.223	-27.339	1000	1000-12-31T06:00:00	2086672.534468
N22-Shr	श्रवण	α Aql	287.698	29.338	-74.524	6.720	1000	1000-12-31T06:00:00	2086672.534468
N22-Shr	श्रवण	β Aql	288.559	26.900	-73.461	4.396	1000	1000-12-31T06:00:00	2086672.534468
N22-Shr	श्रवण	γ Aql	287.054	31.354	-75.325	8.655	1000	1000-12-31T06:00:00	2086672.534468
N23-Dha	धनिष्ठा	β Del	302.446	32.027	-62.340	11.538	1000	1000-12-31T06:00:00	2086672.534468
N23-Dha	धनिष्ठा	α Del	303.500	33.114	-61.701	12.795	1000	1000-12-31T06:00:00	2086672.534468
N23-Dha	धनिष्ठा	γ2 Del	305.540	32.836	-59.928	12.922	1000	1000-12-31T06:00:00	2086672.534468
N23-Dha	धनिष्ठा	δ Del	304.267	32.037	-60.806	11.894	1000	1000-12-31T06:00:00	2086672.534468
N24-Sha	शतभिषक्	λ Aqr	327.643	-0.357	-30.018	-12.692	1000	1000-12-31T06:00:00	2086672.534468
N25-PBha	पूर्वाभाद्रपदा	α Peg	339.595	19.431	-26.172	9.989	1000	1000-12-31T06:00:00	2086672.534468
N25-PBha	पूर्वाभाद्रपदा	β Peg	345.457	31.120	-25.974	22.815	1000	1000-12-31T06:00:00	2086672.534468
N26-UBha	उत्तराभाद्रपदा	α And	0.412	25.702	-10.529	23.584	1000	1000-12-31T06:00:00	2086672.534468
N26-UBha	उत्तराभाद्रपदा	γ Peg	355.261	12.575	-9.396	9.632	1000	1000-12-31T06:00:00	2086672.534468
N27-Rev	रेवती	ε Psc	3.621	1.031	2.908	2.392	1000	1000-12-31T06:00:00	2086672.534468
N05-Mrg	मृगशीर्ष	α Ori	26.445	-16.639	30.545	-5.064	-2500	-2500-12-31T06:00:00	808297.534468
N05-Mrg	मृगशीर्ष	α Ori	33.318	-16.571	36.696	-2.706	-2000	-2000-12-31T06:00:00	990922.534468
N05-Mrg	मृगशीर्ष	α Ori	40.203	-16.503	42.918	-0.533	-1500	-1500-12-31T06:00:00	1173547.534468
N05-Mrg	मृगशीर्ष	α Ori	47.101	-16.435	49.224	1.425	-1000	-1000-12-31T06:00:00	1356172.534468
N05-Mrg	मृगशीर्ष	α Ori	54.011	-16.366	55.620	3.144	-500	-0500-12-31T06:00:00	1538797.534468
N05-Mrg	मृगशीर्ष	α Ori	60.934	-16.298	62.109	4.599	0	0000-12-31T06:00:00	1721422.534468
N05-Mrg	मृगशीर्ष	α Ori	67.872	-16.229	68.684	5.768	500	0500-12-31T06:00:00	1904047.534468
N05-Mrg	मृगशीर्ष	α Ori	74.823	-16.161	75.336	6.634	1000	1000-12-31T06:00:00	2086672.534468
N02-Bha	भरणी	* 39 Ari	346.079	12.279	-17.620	5.670	-2500	-2500-12-31T06:00:00	808297.534468
N02-Bha	भरणी	* 39 Ari	352.944	12.294	-11.430	8.393	-2000	-2000-12-31T06:00:00	990922.534468
N02-Bha	भरणी	* 39 Ari	359.823	12.311	-5.207	11.172	-1500	-1500-12-31T06:00:00	1173547.534468
N02-Bha	भरणी	* 39 Ari	6.716	12.330	1.080	13.975	-1000	-1000-12-31T06:00:00	1356172.534468
N02-Bha	भरणी	* 39 Ari	13.622	12.351	7.465	16.766	-500	-0500-12-31T06:00:00	1538797.534468
N02-Bha	भरणी	* 39 Ari	20.543	12.374	13.982	19.510	0	0000-12-31T06:00:00	1721422.534468
N02-Bha	भरणी	* 39 Ari	27.480	12.399	20.665	22.171	500	0500-12-31T06:00:00	1904047.534468
N02-Bha	भरणी	* 39 Ari	34.432	12.425	27.543	24.708	1000	1000-12-31T06:00:00	2086672.534468