nid	naks	gname	alt	az	lon	lat	salt	saz	slon	vis1	year	day	jd	dt	secs
N22-Shr	Shr	α Aql	15.89	91.58	252.68	29.46	-10.4	111.64	268.06	0	-1500	1	1173182.545	-1500-01-01T06:12:21	3
N23-Dha	Dha	β Del	5.43	83.24	267.89	32.34	-10.4	111.64	268.06	1	-1500	1	1173182.545	-1500-01-01T06:12:21	3
N23-Dha	Dha	β Del	10.11	85.93	267.89	32.34	-10.41	111.61	273.11	0	-1500	6	1173187.547	-1500-01-06T06:14:39	6
N23-Dha	Dha	β Del	14.71	88.55	267.9	32.34	-10.43	111.35	278.15	0	-1500	11	1173192.548	-1500-01-11T06:16:19	8
N23-Dha	Dha	β Del	19.18	91.13	267.9	32.34	-10.47	110.85	283.18	0	-1500	16	1173197.548	-1500-01-16T06:17:17	11
N24-Sha	Sha	λ Aqr	-10.59	109.51	293.02	-0.23	-10.59	109.21	293.19	0	-1500	26	1173207.548	-1500-01-26T06:17:03	15
N24-Sha	Sha	λ Aqr	-6.85	111.6	293.02	-0.23	-10.67	108.08	298.18	0	-1500	31	1173212.547	-1500-01-31T06:15:48	18
N24-Sha	Sha	λ Aqr	-2.9	113.68	293.02	-0.23	-10.76	106.77	303.14	0	-1500	36	1173217.546	-1500-02-05T06:13:51	20
N24-Sha	Sha	λ Aqr	0.52	115.77	293.02	-0.23	-10.86	105.29	308.1	1	-1500	41	1173222.544	-1500-02-10T06:11:12	23
N25-PBha	PBha	α Peg	4.99	93.2	305.08	19.54	-10.86	105.29	308.1	1	-1500	41	1173222.544	-1500-02-10T06:11:12	23
N26-UBha	UBha	λ Peg	11.53	86.51	304.72	28.91	-10.86	105.29	308.1	0	-1500	41	1173222.544	-1500-02-10T06:11:12	23
N24-Sha	Sha	λ Aqr	3.44	117.87	293.02	-0.23	-10.95	103.66	313.03	1	-1500	46	1173227.542	-1500-02-15T06:07:55	26
N25-PBha	PBha	α Peg	8.47	95.28	305.08	19.54	-10.95	103.66	313.03	1	-1500	46	1173227.542	-1500-02-15T06:07:55	26
N26-UBha	UBha	λ Peg	15.07	88.52	304.72	28.91	-10.95	103.66	313.03	0	-1500	46	1173227.542	-1500-02-15T06:07:55	27
N25-PBha	PBha	α Peg	11.85	97.32	305.08	19.54	-11.04	101.9	317.96	0	-1500	51	1173232.539	-1500-02-20T06:04:03	29
N26-UBha	UBha	λ Peg	18.49	90.49	304.72	28.91	-11.04	101.9	317.96	0	-1500	51	1173232.539	-1500-02-20T06:04:03	30
N25-PBha	PBha	α Peg	15.11	99.35	305.08	19.54	-11.13	100.02	322.86	0	-1500	56	1173237.536	-1500-02-25T05:59:38	32
N26-UBha	UBha	λ Peg	21.79	92.43	304.72	28.91	-11.13	100.02	322.86	0	-1500	56	1173237.536	-1500-02-25T05:59:38	33
N27-Rev	Rev	ε Psc	-8.29	98.14	329.07	0.92	-11.28	95.97	332.63	0	-1500	66	1173247.529	-1500-03-06T05:49:23	37
N27-Rev	Rev	ε Psc	-5.29	99.83	329.07	0.92	-11.34	93.83	337.49	0	-1500	71	1173252.525	-1500-03-11T05:43:41	40
N27-Rev	Rev	ε Psc	-1.68	101.5	329.07	0.92	-11.38	91.64	342.34	0	-1500	76	1173257.521	-1500-03-16T05:37:42	42
N901-Ash	Ash	β Ari	-3.38	85.72	345.43	8.38	-11.41	89.4	347.17	0	-1500	81	1173262.517	-1500-03-21T05:31:28	45
N27-Rev	Rev	ε Psc	0.89	103.18	329.07	0.92	-11.41	89.4	347.17	1	-1500	81	1173262.517	-1500-03-21T05:31:28	45
N901-Ash	Ash	β Ari	-0.19	87.39	345.43	8.38	-11.42	87.13	352	0	-1500	86	1173267.512	-1500-03-26T05:25:03	48
N901-Ash	Ash	β Ari	2.32	89.03	345.43	8.38	-11.42	84.85	356.8	1	-1500	91	1173272.508	-1500-03-31T05:18:30	50
N03-Kri	Kri	η Tau	-5.62	77.38	11.48	3.71	-11.22	75.81	15.95	0	-1500	111	1173292.489	-1500-04-20T04:52:14	59
N03-Kri	Kri	η Tau	-2.2	79.09	11.48	3.71	-11.13	73.63	20.72	0	-1500	116	1173297.485	-1500-04-25T04:45:55	62
N03-Kri	Kri	η Tau	0.57	80.8	11.48	3.71	-11.03	71.51	25.48	1	-1500	121	1173302.481	-1500-04-30T04:39:49	64
N04-Roh	Roh	α Tau	-13.21	78.44	21.21	-5.7	-11.03	71.51	25.48	0	-1500	121	1173302.481	-1500-04-30T04:39:49	65
N03-Kri	Kri	η Tau	3.31	82.52	11.48	3.71	-10.93	69.47	30.23	1	-1500	126	1173307.477	-1500-05-05T04:33:59	67
N04-Roh	Roh	α Tau	-10.26	80.29	21.21	-5.7	-10.93	69.47	30.23	0	-1500	126	1173307.477	-1500-05-05T04:33:59	68
N04-Roh	Roh	α Tau	-7.22	82.13	21.21	-5.7	-10.81	67.5	34.99	0	-1500	131	1173312.473	-1500-05-10T04:28:29	70
N04-Roh	Roh	α Tau	-3.88	83.99	21.21	-5.7	-10.68	65.63	39.74	0	-1500	136	1173317.469	-1500-05-15T04:23:22	73
N05-Mrg	Mrg	λ Ori	-18.95	78.03	35.16	-13.83	-10.68	65.63	39.74	0	-1500	136	1173317.469	-1500-05-15T04:23:22	73
N05-Mrg	Mrg	λ Ori	-15.75	80.1	35.16	-13.83	-10.56	63.87	44.49	0	-1500	141	1173322.466	-1500-05-20T04:18:42	76
N05-Mrg	Mrg	λ Ori	-12.43	82.17	35.16	-13.83	-10.43	62.24	49.25	0	-1500	146	1173327.463	-1500-05-25T04:14:30	78
N05-Mrg	Mrg	λ Ori	-8.98	84.25	35.16	-13.83	-10.31	60.74	54	0	-1500	151	1173332.461	-1500-05-30T04:10:50	81
N06-Ard	Ard	γ Gem	-13.68	68.07	50.56	-7.15	-10.31	60.74	54	0	-1500	151	1173332.461	-1500-05-30T04:10:50	81
N06-Ard	Ard	γ Gem	-10.32	70.42	50.57	-7.15	-10.19	59.38	58.76	0	-1500	156	1173337.458	-1500-06-04T04:07:44	84
N06-Ard	Ard	γ Gem	-6.78	72.74	50.57	-7.15	-10.08	58.19	63.52	0	-1500	161	1173342.457	-1500-06-09T04:05:15	86
N06-Ard	Ard	γ Gem	-2.58	75.07	50.57	-7.15	-9.99	57.17	68.29	0	-1500	166	1173347.455	-1500-06-14T04:03:24	89
N07-Pun	Pun	β Gem	-2.68	55	65.26	6.52	-9.99	57.17	68.29	0	-1500	166	1173347.455	-1500-06-14T04:03:24	89
N07-Pun	Pun	β Gem	0.65	57.37	65.26	6.52	-9.91	56.34	73.06	1	-1500	171	1173352.455	-1500-06-19T04:02:13	92
N07-Pun	Pun	β Gem	3.93	59.69	65.26	6.52	-9.85	55.71	77.84	1	-1500	176	1173357.454	-1500-06-24T04:01:40	94
N07-Pun	Pun	β Gem	7.6	61.95	65.26	6.51	-9.8	55.28	82.63	1	-1500	181	1173362.454	-1500-06-29T04:01:46	97
N08-Pus	Pus	δ Cnc	-8.01	57.02	80.15	-0.08	-9.8	55.28	82.63	0	-1500	181	1173362.454	-1500-06-29T04:01:46	97
N08-Pus	Pus	δ Cnc	-4.07	59.82	80.15	-0.08	-9.78	55.06	87.43	0	-1500	186	1173367.455	-1500-07-04T04:02:29	100
N09-Asl	Asl	ζ Hya	-15.97	64.83	86.19	-11.29	-9.78	55.06	87.43	0	-1500	186	1173367.455	-1500-07-04T04:02:29	100
N08-Pus	Pus	δ Cnc	0.26	62.53	80.15	-0.08	-9.78	55.05	92.24	1	-1500	191	1173372.456	-1500-07-09T04:03:47	103
N09-Asl	Asl	ζ Hya	-11.8	67.9	86.19	-11.29	-9.78	55.05	92.24	0	-1500	191	1173372.456	-1500-07-09T04:03:47	103
N08-Pus	Pus	δ Cnc	4.13	65.16	80.15	-0.08	-9.8	55.26	97.06	1	-1500	196	1173377.457	-1500-07-14T04:05:38	106
N09-Asl	Asl	ζ Hya	-7.42	70.88	86.19	-11.29	-9.8	55.26	97.06	0	-1500	196	1173377.457	-1500-07-14T04:05:38	106
N09-Asl	Asl	ζ Hya	-2.32	73.76	86.19	-11.29	-9.84	55.68	101.9	0	-1500	201	1173382.459	-1500-07-19T04:07:57	109
N10-Mag	Mag	ζ Leo	-0.3	47.66	98.94	11.59	-9.84	55.68	101.9	0	-1500	201	1173382.459	-1500-07-19T04:07:57	109
N10-Mag	Mag	ζ Leo	2.98	50.41	98.94	11.59	-9.9	56.32	106.74	1	-1500	206	1173387.461	-1500-07-24T04:10:40	112
N10-Mag	Mag	ζ Leo	6.74	53.01	98.94	11.59	-9.98	57.15	111.6	1	-1500	211	1173392.463	-1500-07-29T04:13:42	114
N10-Mag	Mag	ζ Leo	10.74	55.44	98.94	11.59	-10.08	58.19	116.47	0	-1500	216	1173397.465	-1500-08-03T04:17:01	117
N11-PPal	PPal	δ Leo	0.4	47.3	112.49	14.2	-10.08	58.19	116.47	1	-1500	216	1173397.465	-1500-08-03T04:17:01	117
N11-PPal	PPal	δ Leo	3.89	50.09	112.49	14.2	-10.19	59.42	121.36	1	-1500	221	1173402.467	-1500-08-08T04:20:31	120
N11-PPal	PPal	δ Leo	7.75	52.7	112.49	14.2	-10.31	60.82	126.27	1	-1500	226	1173407.47	-1500-08-13T04:24:08	122
N12-UPal	UPal	β Leo	-2.28	50.34	123.4	12.48	-10.31	60.82	126.27	0	-1500	226	1173407.47	-1500-08-13T04:24:08	123
N11-PPal	PPal	δ Leo	11.82	55.11	112.49	14.2	-10.43	62.38	131.19	0	-1500	231	1173412.472	-1500-08-18T04:27:51	125
N12-UPal	UPal	β Leo	1.49	53.31	123.4	12.48	-10.43	62.38	131.19	1	-1500	231	1173412.472	-1500-08-18T04:27:51	126
N12-UPal	UPal	β Leo	5.44	56.08	123.4	12.48	-10.57	64.1	136.12	1	-1500	236	1173417.475	-1500-08-23T04:31:34	128
N12-UPal	UPal	β Leo	9.65	58.65	123.4	12.48	-10.7	65.95	141.07	1	-1500	241	1173422.478	-1500-08-28T04:35:16	131
N13-Has	Has	δ Crv	-12.69	79.96	145.16	-11.9	-10.83	67.92	146.03	0	-1500	246	1173427.48	-1500-09-02T04:38:56	133
N13-Has	Has	δ Crv	-7.69	83.01	145.16	-11.9	-10.95	70	151.01	0	-1500	251	1173432.483	-1500-09-07T04:42:34	136
N13-Has	Has	δ Crv	-2.04	85.97	145.16	-11.9	-11.06	72.17	156.01	0	-1500	256	1173437.485	-1500-09-12T04:46:09	138
N14-Chi	Chi	α Vir	-10.78	74.14	155.36	-1.84	-11.06	72.17	156.01	0	-1500	256	1173437.485	-1500-09-12T04:46:09	139
N15-Swa	Swa	α Boo	-2.16	39.68	155.49	33.27	-11.06	72.17	156.01	0	-1500	256	1173437.485	-1500-09-12T04:46:09	139
N13-Has	Has	δ Crv	2.62	88.87	145.16	-11.9	-11.16	74.42	161.02	1	-1500	261	1173442.488	-1500-09-17T04:49:41	142
N14-Chi	Chi	α Vir	-5.89	77.23	155.36	-1.84	-11.16	74.42	161.02	0	-1500	261	1173442.488	-1500-09-17T04:49:41	142
N15-Swa	Swa	α Boo	0.97	42.66	155.49	33.27	-11.16	74.42	161.02	1	-1500	261	1173442.488	-1500-09-17T04:49:41	142
N14-Chi	Chi	α Vir	-0.33	80.19	155.36	-1.84	-11.24	76.74	166.04	0	-1500	266	1173447.49	-1500-09-22T04:53:11	145
N15-Swa	Swa	α Boo	4.25	45.41	155.49	33.27	-11.24	76.74	166.04	1	-1500	266	1173447.49	-1500-09-22T04:53:11	146
N14-Chi	Chi	α Vir	4.19	83.07	155.36	-1.84	-11.31	79.09	171.08	1	-1500	271	1173452.492	-1500-09-27T04:56:39	148
N15-Swa	Swa	α Boo	7.83	47.95	155.49	33.27	-11.31	79.09	171.08	1	-1500	271	1173452.492	-1500-09-27T04:56:39	149
N16-Vis	Vis	α2 Lib	-6.8	83.68	176.64	0.74	-11.4	83.89	181.18	0	-1500	281	1173462.497	-1500-10-07T05:03:38	153
N16-Vis	Vis	α2 Lib	-1.04	86.63	176.64	0.74	-11.41	86.31	186.26	0	-1500	286	1173467.5	-1500-10-12T05:07:13	156
N16-Vis	Vis	α2 Lib	3.5	89.54	176.64	0.74	-11.41	88.7	191.34	1	-1500	291	1173472.502	-1500-10-17T05:10:51	158
N16-Vis	Vis	α2 Lib	8.47	92.49	176.64	0.74	-11.38	91.07	196.43	1	-1500	296	1173477.505	-1500-10-22T05:14:36	161
N17-Anu	Anu	δ Sco	-9.19	92.89	194.06	-1.54	-11.38	91.07	196.43	0	-1500	296	1173477.505	-1500-10-22T05:14:36	161
N17-Anu	Anu	δ Sco	-3.9	95.79	194.06	-1.54	-11.34	93.39	201.52	0	-1500	301	1173482.508	-1500-10-27T05:18:28	164
N17-Anu	Anu	δ Sco	1.36	98.73	194.06	-1.54	-11.28	95.65	206.62	1	-1500	306	1173487.51	-1500-11-01T05:22:28	166
N17-Anu	Anu	δ Sco	6.22	101.77	194.06	-1.54	-11.21	97.83	211.73	1	-1500	311	1173492.513	-1500-11-06T05:26:37	169
N18-Jye	Jye	ε Sco	-8.21	109.26	207.35	-10.82	-11.21	97.83	211.73	0	-1500	311	1173492.513	-1500-11-06T05:26:37	169
N18-Jye	Jye	ε Sco	-2.97	112.08	207.35	-10.82	-11.13	99.91	216.84	0	-1500	316	1173497.516	-1500-11-11T05:30:54	172
N18-Jye	Jye	ε Sco	1.76	115.06	207.35	-10.82	-11.04	101.87	221.96	1	-1500	321	1173502.519	-1500-11-16T05:35:20	174
N19-Mul	Mul	κ Sco	-9.46	117.7	217.97	-15.15	-11.04	101.87	221.96	0	-1500	321	1173502.519	-1500-11-16T05:35:20	175
N18-Jye	Jye	ε Sco	6.27	118.24	207.35	-10.82	-10.94	103.7	227.07	1	-1500	326	1173507.522	-1500-11-21T05:39:50	177
N19-Mul	Mul	κ Sco	-4.84	120.41	217.97	-15.15	-10.94	103.7	227.07	0	-1500	326	1173507.522	-1500-11-21T05:39:50	178
N19-Mul	Mul	κ Sco	0.13	123.32	217.97	-15.15	-10.84	105.38	232.18	1	-1500	331	1173512.526	-1500-11-26T05:44:24	180
N20-PAsh	PAsh	λ Sgr	-6.97	107.8	227.87	-1.47	-10.84	105.38	232.18	0	-1500	331	1173512.526	-1500-11-26T05:44:24	181
N19-Mul	Mul	κ Sco	4.1	126.44	217.97	-15.15	-10.75	106.89	237.28	1	-1500	336	1173517.529	-1500-12-01T05:48:58	183
N20-PAsh	PAsh	λ Sgr	-1.28	110.7	227.87	-1.47	-10.75	106.89	237.28	0	-1500	336	1173517.529	-1500-12-01T05:48:58	184
N21-UAsh	UAsh	τ Sgr	-11.03	111.47	236.45	-4.42	-10.75	106.89	237.28	0	-1500	336	1173517.529	-1500-12-01T05:48:58	184
N20-PAsh	PAsh	λ Sgr	3.09	113.74	227.88	-1.47	-10.66	108.22	242.39	1	-1500	341	1173522.532	-1500-12-06T05:53:30	187
N21-UAsh	UAsh	τ Sgr	-6.19	114.19	236.45	-4.42	-10.66	108.22	242.39	0	-1500	341	1173522.532	-1500-12-06T05:53:30	187
N20-PAsh	PAsh	λ Sgr	7.69	116.96	227.88	-1.47	-10.58	109.35	247.49	1	-1500	346	1173527.535	-1500-12-11T05:57:53	190
N21-UAsh	UAsh	τ Sgr	-0.77	117.05	236.45	-4.42	-10.58	109.35	247.49	0	-1500	346	1173527.535	-1500-12-11T05:57:53	190
N21-UAsh	UAsh	τ Sgr	3.28	120.07	236.45	-4.42	-10.51	110.26	252.59	1	-1500	351	1173532.538	-1500-12-16T06:02:02	193
N22-Shr	Shr	α Aql	5.82	85.75	252.69	29.46	-10.46	110.96	257.67	1	-1500	356	1173537.541	-1500-12-21T06:05:52	195
N22-Shr	Shr	α Aql	10.76	88.6	252.69	29.46	-10.42	111.41	262.74	0	-1500	361	1173542.543	-1500-12-26T06:09:17	198
N22-Shr	Shr	α Aql	15.64	91.43	252.69	29.46	-10.4	111.64	267.81	0	-1500	366	1173547.545	-1500-12-31T06:12:12	200
N22-Shr	Shr	α Aql	15.24	91.58	256.17	29.44	-10.4	111.63	270.32	0	-1250	1	1264495.545	-1250-01-01T06:12:47	203
N22-Shr	Shr	α Aql	19.94	94.38	256.17	29.44	-10.42	111.49	275.38	0	-1250	6	1264500.547	-1250-01-06T06:14:50	206
N23-Dha	Dha	β Del	9.65	85.68	271.34	32.3	-10.42	111.49	275.38	1	-1250	6	1264500.547	-1250-01-06T06:14:50	206
N23-Dha	Dha	β Del	14.18	88.27	271.34	32.3	-10.45	111.12	280.42	0	-1250	11	1264505.548	-1250-01-11T06:16:14	209
N23-Dha	Dha	β Del	18.59	90.81	271.34	32.3	-10.49	110.53	285.46	0	-1250	16	1264510.548	-1250-01-16T06:16:56	211
N23-Dha	Dha	β Del	22.84	93.32	271.34	32.3	-10.56	109.71	290.48	0	-1250	21	1264515.548	-1250-01-21T06:16:53	214
N24-Sha	Sha	λ Aqr	-7.83	110.3	296.47	-0.25	-10.71	107.48	300.47	0	-1250	31	1264525.547	-1250-01-31T06:14:34	219
N24-Sha	Sha	λ Aqr	-4.16	112.34	296.47	-0.25	-10.81	106.08	305.44	0	-1250	36	1264530.545	-1250-02-05T06:12:20	221
N24-Sha	Sha	λ Aqr	-0.34	114.37	296.47	-0.25	-10.9	104.53	310.4	0	-1250	41	1264535.543	-1250-02-10T06:09:26	224
N25-PBha	PBha	α Peg	4.34	91.89	308.51	19.53	-10.9	104.53	310.4	1	-1250	41	1264535.543	-1250-02-10T06:09:26	224
N26-UBha	UBha	λ Peg	10.99	85.34	308.15	28.89	-10.9	104.53	310.4	0	-1250	41	1264535.543	-1250-02-10T06:09:26	224
N24-Sha	Sha	λ Aqr	2.46	116.41	296.47	-0.25	-10.99	102.84	315.34	1	-1250	46	1264540.541	-1250-02-15T06:05:55	227
N25-PBha	PBha	α Peg	7.77	93.93	308.51	19.53	-10.99	102.84	315.34	1	-1250	46	1264540.541	-1250-02-15T06:05:55	228
N26-UBha	UBha	λ Peg	14.47	87.31	308.15	28.89	-10.99	102.84	315.34	0	-1250	46	1264540.541	-1250-02-15T06:05:55	228
N25-PBha	PBha	α Peg	11.1	95.93	308.51	19.53	-11.09	101.01	320.27	0	-1250	51	1264545.538	-1250-02-20T06:01:49	231
N26-UBha	UBha	λ Peg	17.84	89.23	308.15	28.89	-11.09	101.01	320.27	0	-1250	51	1264545.538	-1250-02-20T06:01:49	231
N25-PBha	PBha	α Peg	14.33	97.9	308.51	19.53	-11.17	99.08	325.18	0	-1250	56	1264550.535	-1250-02-25T05:57:12	234
N26-UBha	UBha	λ Peg	21.1	91.12	308.16	28.89	-11.17	99.08	325.18	0	-1250	56	1264550.535	-1250-02-25T05:57:12	234
N27-Rev	Rev	ε Psc	-9.04	96.26	332.51	0.92	-11.31	94.94	334.96	0	-1250	66	1264560.527	-1250-03-07T05:46:40	239
N27-Rev	Rev	ε Psc	-6.05	97.95	332.51	0.92	-11.36	92.77	339.82	0	-1250	71	1264565.523	-1250-03-12T05:40:52	242
N27-Rev	Rev	ε Psc	-2.68	99.61	332.51	0.92	-11.4	90.55	344.68	0	-1250	76	1264570.519	-1250-03-17T05:34:47	244
N901-Ash	Ash	β Ari	-4.14	83.78	348.88	8.38	-11.42	88.29	349.52	0	-1250	81	1264575.515	-1250-03-22T05:28:30	247
N27-Rev	Rev	ε Psc	0.24	101.27	332.51	0.92	-11.42	88.29	349.52	1	-1250	81	1264575.515	-1250-03-22T05:28:30	247
N901-Ash	Ash	β Ari	-0.74	85.45	348.88	8.38	-11.42	86.02	354.35	0	-1250	86	1264580.51	-1250-03-27T05:22:03	250
N901-Ash	Ash	β Ari	1.72	87.09	348.88	8.38	-11.41	83.73	359.16	1	-1250	91	1264585.506	-1250-04-01T05:15:29	252
N02-Bha	Bha	* 41 Ari	-1.82	76.2	3.15	10.26	-11.37	81.44	3.96	0	-1250	96	1264590.501	-1250-04-06T05:08:54	255
N02-Bha	Bha	* 41 Ari	0.72	77.85	3.15	10.26	-11.33	79.17	8.76	1	-1250	101	1264595.496	-1250-04-11T05:02:19	257
N02-Bha	Bha	* 41 Ari	3.3	79.48	3.15	10.26	-11.26	76.93	13.54	1	-1250	106	1264600.492	-1250-04-16T04:55:49	260
N02-Bha	Bha	* 41 Ari	6.07	81.11	3.15	10.26	-11.18	74.73	18.32	1	-1250	111	1264605.487	-1250-04-21T04:49:27	262
N03-Kri	Kri	η Tau	-6.18	75.4	14.93	3.73	-11.18	74.73	18.32	0	-1250	111	1264605.487	-1250-04-21T04:49:27	263
N02-Bha	Bha	* 41 Ari	8.92	82.74	3.15	10.26	-11.09	72.58	23.09	1	-1250	116	1264610.483	-1250-04-26T04:43:16	265
N03-Kri	Kri	η Tau	-2.95	77.14	14.93	3.73	-11.09	72.58	23.09	0	-1250	116	1264610.483	-1250-04-26T04:43:16	266
N03-Kri	Kri	η Tau	0.12	78.88	14.93	3.73	-10.98	70.5	27.85	1	-1250	121	1264615.479	-1250-05-01T04:37:19	268
N04-Roh	Roh	α Tau	-13.76	76.53	24.66	-5.68	-10.98	70.5	27.85	0	-1250	121	1264615.479	-1250-05-01T04:37:19	269
N03-Kri	Kri	η Tau	2.81	80.62	14.93	3.73	-10.87	68.49	32.61	1	-1250	126	1264620.475	-1250-05-06T04:31:39	271
N04-Roh	Roh	α Tau	-10.79	78.42	24.66	-5.68	-10.87	68.49	32.61	0	-1250	126	1264620.475	-1250-05-06T04:31:39	272
N04-Roh	Roh	α Tau	-7.72	80.32	24.66	-5.68	-10.75	66.57	37.37	0	-1250	131	1264625.471	-1250-05-11T04:26:22	274
N04-Roh	Roh	α Tau	-4.46	82.22	24.66	-5.68	-10.62	64.75	42.12	0	-1250	136	1264630.468	-1250-05-16T04:21:28	277
N05-Mrg	Mrg	λ Ori	-19.44	76.33	38.61	-13.79	-10.62	64.75	42.12	0	-1250	136	1264630.468	-1250-05-16T04:21:28	277
N05-Mrg	Mrg	λ Ori	-16.21	78.47	38.61	-13.79	-10.49	63.06	46.88	0	-1250	141	1264635.465	-1250-05-21T04:17:02	280
N05-Mrg	Mrg	λ Ori	-12.85	80.6	38.61	-13.79	-10.37	61.49	51.63	0	-1250	146	1264640.462	-1250-05-26T04:13:06	282
N05-Mrg	Mrg	λ Ori	-9.35	82.73	38.62	-13.79	-10.25	60.06	56.38	0	-1250	151	1264645.46	-1250-05-31T04:09:43	285
N06-Ard	Ard	γ Gem	-14.22	66.58	54.01	-7.12	-10.25	60.06	56.38	0	-1250	151	1264645.46	-1250-05-31T04:09:43	285
N06-Ard	Ard	γ Gem	-10.83	69	54.01	-7.12	-10.14	58.79	61.14	0	-1250	156	1264650.458	-1250-06-05T04:06:55	288
N06-Ard	Ard	γ Gem	-7.25	71.39	54.02	-7.12	-10.04	57.69	65.9	0	-1250	161	1264655.456	-1250-06-10T04:04:44	290
N06-Ard	Ard	γ Gem	-3.17	73.77	54.02	-7.12	-9.95	56.76	70.67	0	-1250	166	1264660.455	-1250-06-15T04:03:12	293
N07-Pun	Pun	β Gem	-3.56	53.73	68.66	6.53	-9.95	56.76	70.67	0	-1250	166	1264660.455	-1250-06-15T04:03:12	293
N07-Pun	Pun	β Gem	0.07	56.17	68.66	6.53	-9.88	56.03	75.44	1	-1250	171	1264665.455	-1250-06-20T04:02:19	296
N07-Pun	Pun	β Gem	3.29	58.55	68.66	6.53	-9.82	55.5	80.22	1	-1250	176	1264670.455	-1250-06-25T04:02:03	298
N07-Pun	Pun	β Gem	6.95	60.87	68.67	6.53	-9.79	55.17	85	1	-1250	181	1264675.455	-1250-06-30T04:02:26	301
N08-Pus	Pus	δ Cnc	-8.77	56.15	83.6	-0.06	-9.79	55.17	85	0	-1250	181	1264675.455	-1250-06-30T04:02:26	301
N08-Pus	Pus	δ Cnc	-4.99	59.02	83.6	-0.06	-9.78	55.05	89.8	0	-1250	186	1264680.455	-1250-07-05T04:03:24	304
N09-Asl	Asl	ζ Hya	-16.61	64.26	89.63	-11.26	-9.78	55.05	89.8	0	-1250	186	1264680.455	-1250-07-05T04:03:24	304
N08-Pus	Pus	δ Cnc	-0.35	61.8	83.6	-0.06	-9.79	55.15	94.61	0	-1250	191	1264685.457	-1250-07-10T04:04:57	307
N09-Asl	Asl	ζ Hya	-12.41	67.4	89.63	-11.26	-9.79	55.15	94.61	0	-1250	191	1264685.457	-1250-07-10T04:04:57	307
N08-Pus	Pus	δ Cnc	3.43	64.48	83.6	-0.06	-9.82	55.47	99.43	1	-1250	196	1264690.458	-1250-07-15T04:06:59	310
N09-Asl	Asl	ζ Hya	-8.01	70.42	89.63	-11.26	-9.82	55.47	99.43	0	-1250	196	1264690.458	-1250-07-15T04:06:59	310
N09-Asl	Asl	ζ Hya	-3.1	73.35	89.63	-11.26	-9.87	55.99	104.26	0	-1250	201	1264695.46	-1250-07-20T04:09:27	313
N10-Mag	Mag	ζ Leo	-1.27	47.19	102.4	11.62	-9.87	55.99	104.26	0	-1250	201	1264695.46	-1250-07-20T04:09:27	313
N09-Asl	Asl	ζ Hya	1.6	76.19	89.63	-11.26	-9.94	56.72	109.1	1	-1250	206	1264700.462	-1250-07-25T04:12:16	316
N10-Mag	Mag	ζ Leo	1.97	50.02	102.4	11.62	-9.94	56.72	109.1	1	-1250	206	1264700.462	-1250-07-25T04:12:16	316
N10-Mag	Mag	ζ Leo	5.67	52.68	102.4	11.62	-10.03	57.66	113.95	1	-1250	211	1264705.464	-1250-07-30T04:15:23	319
N10-Mag	Mag	ζ Leo	9.66	55.17	102.4	11.62	-10.13	58.78	118.82	1	-1250	216	1264710.466	-1250-08-04T04:18:44	321
N11-PPal	PPal	δ Leo	-0.63	47.2	115.96	14.22	-10.13	58.78	118.82	0	-1250	216	1264710.466	-1250-08-04T04:18:44	322
N11-PPal	PPal	δ Leo	2.71	50.07	115.96	14.22	-10.25	60.09	123.7	1	-1250	221	1264715.469	-1250-08-09T04:22:14	324
N11-PPal	PPal	δ Leo	6.54	52.74	115.96	14.22	-10.37	61.56	128.6	1	-1250	226	1264720.471	-1250-08-14T04:25:50	327
N12-UPal	UPal	β Leo	-3.88	50.56	126.82	12.47	-10.37	61.56	128.6	0	-1250	226	1264720.471	-1250-08-14T04:25:50	327
N11-PPal	PPal	δ Leo	10.58	55.22	115.96	14.22	-10.5	63.2	133.52	0	-1250	231	1264725.474	-1250-08-19T04:29:29	330
N12-UPal	UPal	β Leo	0.4	53.59	126.82	12.47	-10.5	63.2	133.52	1	-1250	231	1264725.474	-1250-08-19T04:29:29	330
N12-UPal	UPal	β Leo	4.25	56.41	126.82	12.47	-10.63	64.97	138.44	1	-1250	236	1264730.476	-1250-08-24T04:33:08	333
N12-UPal	UPal	β Leo	8.44	59.03	126.82	12.47	-10.76	66.87	143.39	1	-1250	241	1264735.479	-1250-08-29T04:36:45	335
N13-Has	Has	δ Crv	-8.68	83.79	148.59	-11.91	-11	71.01	153.32	0	-1250	251	1264745.484	-1250-09-08T04:43:54	340
N13-Has	Has	δ Crv	-3.37	86.74	148.59	-11.91	-11.11	73.21	158.31	0	-1250	256	1264750.486	-1250-09-13T04:47:24	343
N13-Has	Has	δ Crv	1.68	89.63	148.59	-11.91	-11.2	75.48	163.31	1	-1250	261	1264755.488	-1250-09-18T04:50:51	345
N14-Chi	Chi	α Vir	-7.05	78.07	158.81	-1.85	-11.2	75.48	163.31	0	-1250	261	1264755.488	-1250-09-18T04:50:51	346
N15-Swa	Swa	α Boo	-0.14	43.6	158.96	33.09	-11.2	75.48	163.31	0	-1250	261	1264755.488	-1250-09-18T04:50:51	346
N13-Has	Has	δ Crv	6.5	92.53	148.59	-11.91	-11.28	77.81	168.33	1	-1250	266	1264760.491	-1250-09-23T04:54:17	349
N14-Chi	Chi	α Vir	-1.4	81.03	158.81	-1.85	-11.28	77.81	168.33	0	-1250	266	1264760.491	-1250-09-23T04:54:17	349
N15-Swa	Swa	α Boo	3.05	46.42	158.96	33.09	-11.28	77.81	168.33	1	-1250	266	1264760.491	-1250-09-23T04:54:17	349
N14-Chi	Chi	α Vir	3.08	83.92	158.81	-1.85	-11.34	80.18	173.36	1	-1250	271	1264765.493	-1250-09-28T04:57:42	352
N15-Swa	Swa	α Boo	6.65	49.04	158.96	33.09	-11.34	80.18	173.36	1	-1250	271	1264765.493	-1250-09-28T04:57:42	353
N14-Chi	Chi	α Vir	7.96	86.77	158.81	-1.85	-11.38	82.57	178.4	1	-1250	276	1264770.496	-1250-10-03T05:01:08	355
N15-Swa	Swa	α Boo	10.47	51.46	158.96	33.09	-11.38	82.57	178.4	0	-1250	276	1264770.496	-1250-10-03T05:01:08	356
N16-Vis	Vis	α2 Lib	-7.97	84.65	180.08	0.71	-11.41	84.98	183.46	0	-1250	281	1264775.498	-1250-10-08T05:04:38	358
N16-Vis	Vis	α2 Lib	-2.41	87.59	180.08	0.71	-11.41	87.38	188.53	0	-1250	286	1264780.5	-1250-10-13T05:08:12	361
N16-Vis	Vis	α2 Lib	2.39	90.51	180.08	0.71	-11.4	89.76	193.6	1	-1250	291	1264785.503	-1250-10-18T05:11:50	363
N16-Vis	Vis	α2 Lib	7.32	93.46	180.08	0.71	-11.36	92.1	198.69	1	-1250	296	1264790.506	-1250-10-23T05:15:36	366
N17-Anu	Anu	δ Sco	-10.36	93.82	197.51	-1.57	-11.36	92.1	198.69	0	-1250	296	1264790.506	-1250-10-23T05:15:36	366
N17-Anu	Anu	δ Sco	-5.27	96.71	197.51	-1.57	-11.32	94.39	203.78	0	-1250	301	1264795.508	-1250-10-28T05:19:29	369
N17-Anu	Anu	δ Sco	0.33	99.64	197.51	-1.57	-11.25	96.61	208.88	1	-1250	306	1264800.511	-1250-11-02T05:23:32	371
N17-Anu	Anu	δ Sco	5.07	102.67	197.51	-1.57	-11.18	98.74	213.99	1	-1250	311	1264805.514	-1250-11-07T05:27:44	374
N18-Jye	Jye	ε Sco	-9.4	110.13	210.76	-10.89	-11.18	98.74	213.99	0	-1250	311	1264805.514	-1250-11-07T05:27:44	374
N18-Jye	Jye	ε Sco	-4.45	112.9	210.76	-10.89	-11.09	100.77	219.1	0	-1250	316	1264810.517	-1250-11-12T05:32:04	377
N18-Jye	Jye	ε Sco	0.67	115.84	210.76	-10.88	-11	102.68	224.21	1	-1250	321	1264815.52	-1250-11-17T05:36:31	379
N19-Mul	Mul	κ Sco	-10.73	118.39	221.42	-15.19	-11	102.68	224.21	0	-1250	321	1264815.52	-1250-11-17T05:36:31	380
N18-Jye	Jye	ε Sco	5.05	118.98	210.76	-10.88	-10.9	104.44	229.32	1	-1250	326	1264820.523	-1250-11-22T05:41:03	382
N19-Mul	Mul	κ Sco	-6.16	121.04	221.42	-15.19	-10.9	104.44	229.32	0	-1250	326	1264820.523	-1250-11-22T05:41:03	383
N19-Mul	Mul	κ Sco	-0.99	123.88	221.42	-15.19	-10.8	106.05	234.43	0	-1250	331	1264825.526	-1250-11-27T05:45:38	385
N20-PAsh	PAsh	λ Sgr	-8.14	108.28	231.32	-1.52	-10.8	106.05	234.43	0	-1250	331	1264825.526	-1250-11-27T05:45:38	386
N19-Mul	Mul	κ Sco	2.81	126.93	221.42	-15.19	-10.71	107.48	239.54	1	-1250	336	1264830.53	-1250-12-02T05:50:12	388
N20-PAsh	PAsh	λ Sgr	-2.74	111.14	231.32	-1.52	-10.71	107.48	239.54	0	-1250	336	1264830.53	-1250-12-02T05:50:12	389
N20-PAsh	PAsh	λ Sgr	1.96	114.14	231.32	-1.52	-10.62	108.72	244.65	1	-1250	341	1264835.533	-1250-12-07T05:54:41	391
N21-UAsh	UAsh	τ Sgr	-7.39	114.46	239.89	-4.48	-10.62	108.72	244.65	0	-1250	341	1264835.533	-1250-12-07T05:54:41	392
N20-PAsh	PAsh	λ Sgr	6.48	117.3	231.32	-1.52	-10.55	109.75	249.75	1	-1250	346	1264840.536	-1250-12-12T05:59:00	394
N21-UAsh	UAsh	τ Sgr	-2.1	117.26	239.89	-4.48	-10.55	109.75	249.75	0	-1250	346	1264840.536	-1250-12-12T05:59:00	395
N21-UAsh	UAsh	τ Sgr	2.1	120.21	239.89	-4.48	-10.49	110.57	254.84	1	-1250	351	1264845.539	-1250-12-17T06:03:02	397
N22-Shr	Shr	α Aql	5.27	85.8	256.18	29.44	-10.44	111.16	259.93	1	-1250	356	1264850.541	-1250-12-22T06:06:43	400
N22-Shr	Shr	α Aql	10.17	88.64	256.18	29.44	-10.41	111.51	265.01	0	-1250	361	1264855.543	-1250-12-27T06:09:57	402
N22-Shr	Shr	α Aql	15	91.44	256.19	29.44	-10.41	111.63	270.08	0	-1249	366	1264860.545	-1249-01-01T06:12:39	405
N22-Shr	Shr	α Aql	13.65	90.93	259.66	29.43	-10.41	111.58	271.57	0	-1000	1	1355807.545	-1000-01-01T06:12:37	408
N22-Shr	Shr	α Aql	18.32	93.69	259.66	29.43	-10.43	111.38	276.63	0	-1000	6	1355812.547	-1000-01-06T06:14:33	410
N23-Dha	Dha	β Del	8.28	84.82	274.78	32.28	-10.43	111.38	276.63	1	-1000	6	1355812.547	-1000-01-06T06:14:33	411
N23-Dha	Dha	β Del	12.78	87.39	274.78	32.28	-10.46	110.96	281.69	0	-1000	11	1355817.547	-1000-01-11T06:15:49	413
N23-Dha	Dha	β Del	17.14	89.89	274.78	32.28	-10.51	110.3	286.73	0	-1000	16	1355822.548	-1000-01-16T06:16:22	416
N23-Dha	Dha	β Del	21.36	92.36	274.78	32.28	-10.58	109.43	291.75	0	-1000	21	1355827.548	-1000-01-21T06:16:10	418
N24-Sha	Sha	λ Aqr	-9.52	108.53	299.91	-0.26	-10.74	107.1	301.76	0	-1000	31	1355837.546	-1000-01-31T06:13:34	423
N24-Sha	Sha	λ Aqr	-5.98	110.53	299.91	-0.26	-10.83	105.66	306.74	0	-1000	36	1355842.544	-1000-02-05T06:11:12	426
N24-Sha	Sha	λ Aqr	-1.99	112.51	299.91	-0.26	-10.93	104.07	311.71	0	-1000	41	1355847.542	-1000-02-10T06:08:11	428
N26-UBha	UBha	λ Peg	9.77	83.71	311.59	28.88	-10.93	104.07	311.71	1	-1000	41	1355847.542	-1000-02-10T06:08:11	429
N24-Sha	Sha	λ Aqr	0.98	114.49	299.91	-0.26	-11.02	102.33	316.66	1	-1000	46	1355852.54	-1000-02-15T06:04:34	431
N25-PBha	PBha	α Peg	6.4	92.13	311.95	19.52	-11.02	102.33	316.66	1	-1000	46	1355852.54	-1000-02-15T06:04:34	432
N26-UBha	UBha	λ Peg	13.21	85.65	311.59	28.88	-11.02	102.33	316.66	0	-1000	46	1355852.54	-1000-02-15T06:04:34	432
N25-PBha	PBha	α Peg	9.72	94.09	311.95	19.52	-11.11	100.48	321.6	1	-1000	51	1355857.537	-1000-02-20T06:00:22	435
N26-UBha	UBha	λ Peg	16.55	87.54	311.59	28.88	-11.11	100.48	321.6	0	-1000	51	1355857.537	-1000-02-20T06:00:22	435
N25-PBha	PBha	α Peg	12.93	96.02	311.95	19.52	-11.19	98.51	326.51	0	-1000	56	1355862.533	-1000-02-25T05:55:40	438
N26-UBha	UBha	λ Peg	19.79	89.38	311.59	28.88	-11.19	98.51	326.51	0	-1000	56	1355862.533	-1000-02-25T05:55:40	438
N25-PBha	PBha	α Peg	16.05	97.94	311.95	19.52	-11.26	96.46	331.42	0	-1000	61	1355867.53	-1000-03-01T05:50:32	441
N26-UBha	UBha	λ Peg	22.93	91.21	311.59	28.88	-11.26	96.46	331.42	0	-1000	61	1355867.53	-1000-03-01T05:50:32	441
N27-Rev	Rev	ε Psc	-10.37	94.02	335.95	0.94	-11.32	94.33	336.31	0	-1000	66	1355872.526	-1000-03-06T05:45:01	444
N27-Rev	Rev	ε Psc	-7.38	95.71	335.95	0.94	-11.38	92.14	341.19	0	-1000	71	1355877.522	-1000-03-11T05:39:10	446
N27-Rev	Rev	ε Psc	-4.34	97.37	335.95	0.94	-11.4	89.91	346.05	0	-1000	76	1355882.518	-1000-03-16T05:33:05	449
N27-Rev	Rev	ε Psc	-0.87	99.02	335.95	0.94	-11.42	87.64	350.9	0	-1000	81	1355887.513	-1000-03-21T05:26:46	451
N901-Ash	Ash	β Ari	-2.01	83.16	352.33	8.39	-11.42	85.36	355.73	0	-1000	86	1355892.509	-1000-03-26T05:20:20	454
N27-Rev	Rev	ε Psc	1.58	100.67	335.95	0.94	-11.42	85.36	355.73	1	-1000	86	1355892.509	-1000-03-26T05:20:20	454
N02-Bha	Bha	* 41 Ari	-0.23	75.56	6.59	10.27	-11.31	78.52	10.16	0	-1000	101	1355907.495	-1000-04-10T05:00:43	461
N02-Bha	Bha	* 41 Ari	2.23	77.2	6.59	10.27	-11.24	76.28	14.96	1	-1000	106	1355912.491	-1000-04-15T04:54:17	464
N02-Bha	Bha	* 41 Ari	4.95	78.84	6.59	10.27	-11.15	74.1	19.74	1	-1000	111	1355917.486	-1000-04-20T04:48:00	466
N03-Kri	Kri	η Tau	-7.28	73.08	18.37	3.75	-11.15	74.1	19.74	0	-1000	111	1355917.486	-1000-04-20T04:48:00	467
N02-Bha	Bha	* 41 Ari	7.8	80.48	6.59	10.27	-11.06	71.97	24.51	1	-1000	116	1355922.482	-1000-04-25T04:41:54	469
N03-Kri	Kri	η Tau	-4.34	74.86	18.37	3.75	-11.06	71.97	24.51	0	-1000	116	1355922.482	-1000-04-25T04:41:54	470
N03-Kri	Kri	η Tau	-0.83	76.62	18.37	3.75	-10.95	69.9	29.28	0	-1000	121	1355927.478	-1000-04-30T04:36:03	472
N04-Roh	Roh	α Tau	-14.89	74.25	28.11	-5.67	-10.95	69.9	29.28	0	-1000	121	1355927.478	-1000-04-30T04:36:03	473
N03-Kri	Kri	η Tau	1.77	78.4	18.37	3.75	-10.83	67.92	34.04	1	-1000	126	1355932.474	-1000-05-05T04:30:32	475
N04-Roh	Roh	α Tau	-11.92	76.21	28.11	-5.67	-10.83	67.92	34.04	0	-1000	126	1355932.474	-1000-05-05T04:30:32	476
N04-Roh	Roh	α Tau	-8.85	78.15	28.11	-5.67	-10.71	66.03	38.8	0	-1000	131	1355937.471	-1000-05-10T04:25:22	478
N04-Roh	Roh	α Tau	-5.67	80.1	28.11	-5.67	-10.58	64.26	43.56	0	-1000	136	1355942.467	-1000-05-15T04:20:38	481
N05-Mrg	Mrg	λ Ori	-20.56	74.23	42.06	-13.76	-10.58	64.26	43.56	0	-1000	136	1355942.467	-1000-05-15T04:20:38	481
N05-Mrg	Mrg	λ Ori	-17.33	76.45	42.06	-13.76	-10.46	62.6	48.31	0	-1000	141	1355947.464	-1000-05-20T04:16:21	484
N05-Mrg	Mrg	λ Ori	-13.96	78.65	42.06	-13.76	-10.33	61.07	53.07	0	-1000	146	1355952.462	-1000-05-25T04:12:35	486
N05-Mrg	Mrg	λ Ori	-10.44	80.84	42.06	-13.76	-10.22	59.69	57.82	0	-1000	151	1355957.46	-1000-05-30T04:09:22	489
N06-Ard	Ard	γ Gem	-15.42	64.65	57.46	-7.09	-10.22	59.69	57.82	0	-1000	151	1355957.46	-1000-05-30T04:09:22	489
N06-Ard	Ard	γ Gem	-12.04	67.15	57.46	-7.09	-10.11	58.47	62.58	0	-1000	156	1355962.458	-1000-06-04T04:06:45	492
N06-Ard	Ard	γ Gem	-8.47	69.62	57.46	-7.09	-10.01	57.43	67.34	0	-1000	161	1355967.456	-1000-06-09T04:04:46	494
N06-Ard	Ard	γ Gem	-4.65	72.07	57.46	-7.09	-9.93	56.56	72.1	0	-1000	166	1355972.455	-1000-06-14T04:03:25	497
N07-Pun	Pun	β Gem	-5.15	52.04	72.07	6.54	-9.93	56.56	72.1	0	-1000	166	1355972.455	-1000-06-14T04:03:25	497
N06-Ard	Ard	γ Gem	-0.17	74.5	57.46	-7.09	-9.86	55.89	76.87	0	-1000	171	1355977.455	-1000-06-19T04:02:42	500
N07-Pun	Pun	β Gem	-1.12	54.56	72.07	6.54	-9.86	55.89	76.87	0	-1000	171	1355977.455	-1000-06-19T04:02:42	500
N07-Pun	Pun	β Gem	1.96	57.02	72.07	6.54	-9.81	55.42	81.64	1	-1000	176	1355982.455	-1000-06-24T04:02:36	503
N07-Pun	Pun	β Gem	5.54	59.4	72.07	6.54	-9.79	55.15	86.43	1	-1000	181	1355987.455	-1000-06-29T04:03:08	505
N07-Pun	Pun	β Gem	9.41	61.72	72.07	6.54	-9.78	55.1	91.22	1	-1000	186	1355992.456	-1000-07-04T04:04:15	508
N08-Pus	Pus	δ Cnc	-6.54	57.75	87.05	-0.05	-9.78	55.1	91.22	0	-1000	186	1355992.456	-1000-07-04T04:04:15	508
N08-Pus	Pus	δ Cnc	-1.91	60.61	87.05	-0.05	-9.8	55.26	96.02	0	-1000	191	1355997.457	-1000-07-09T04:05:54	511
N09-Asl	Asl	ζ Hya	-13.9	66.37	93.06	-11.24	-9.8	55.26	96.02	0	-1000	191	1355997.457	-1000-07-09T04:05:54	511
N08-Pus	Pus	δ Cnc	1.92	63.36	87.05	-0.05	-9.83	55.64	100.84	1	-1000	196	1356002.459	-1000-07-14T04:08:01	514
N09-Asl	Asl	ζ Hya	-9.52	69.47	93.06	-11.24	-9.83	55.64	100.84	0	-1000	196	1356002.459	-1000-07-14T04:08:01	514
N08-Pus	Pus	δ Cnc	6.11	66	87.05	-0.05	-9.89	56.22	105.66	1	-1000	201	1356007.46	-1000-07-19T04:10:32	517
N09-Asl	Asl	ζ Hya	-4.96	72.44	93.06	-11.24	-9.89	56.22	105.66	0	-1000	201	1356007.46	-1000-07-19T04:10:32	517
N09-Asl	Asl	ζ Hya	0.25	75.33	93.06	-11.24	-9.97	57.01	110.49	1	-1000	206	1356012.462	-1000-07-24T04:13:23	520
N10-Mag	Mag	ζ Leo	0.32	49.16	105.85	11.64	-9.97	57.01	110.49	1	-1000	206	1356012.462	-1000-07-24T04:13:23	520
N10-Mag	Mag	ζ Leo	3.84	51.92	105.85	11.64	-10.06	58	115.34	1	-1000	211	1356017.465	-1000-07-29T04:16:31	523
N10-Mag	Mag	ζ Leo	7.75	54.5	105.85	11.64	-10.17	59.17	120.2	1	-1000	216	1356022.467	-1000-08-03T04:19:51	525
N11-PPal	PPal	δ Leo	-2.88	46.59	119.43	14.23	-10.17	59.17	120.2	0	-1000	216	1356022.467	-1000-08-03T04:19:51	526
N10-Mag	Mag	ζ Leo	11.87	56.92	105.85	11.64	-10.28	60.52	125.08	0	-1000	221	1356027.469	-1000-08-08T04:23:20	528
N11-PPal	PPal	δ Leo	0.87	49.57	119.43	14.23	-10.28	60.52	125.08	1	-1000	221	1356027.469	-1000-08-08T04:23:20	529
N11-PPal	PPal	δ Leo	4.54	52.35	119.43	14.23	-10.41	62.03	129.97	1	-1000	226	1356032.472	-1000-08-13T04:26:53	531
N11-PPal	PPal	δ Leo	8.54	54.92	119.43	14.23	-10.54	63.7	134.87	1	-1000	231	1356037.474	-1000-08-18T04:30:28	534
N12-UPal	UPal	β Leo	-1.4	53.35	130.25	12.46	-10.54	63.7	134.87	0	-1000	231	1356037.474	-1000-08-18T04:30:28	534
N12-UPal	UPal	β Leo	2.28	56.26	130.25	12.46	-10.67	65.5	139.79	1	-1000	236	1356042.477	-1000-08-23T04:34:02	537
N12-UPal	UPal	β Leo	6.39	58.98	130.25	12.46	-10.8	67.43	144.72	1	-1000	241	1356047.479	-1000-08-28T04:37:35	539
N12-UPal	UPal	β Leo	10.71	61.51	130.25	12.46	-10.91	69.47	149.67	0	-1000	246	1356052.482	-1000-09-02T04:41:07	542
N13-Has	Has	δ Crv	-10.66	84.03	152.02	-11.93	-11.03	71.6	154.64	0	-1000	251	1356057.484	-1000-09-07T04:44:35	544
N13-Has	Has	δ Crv	-5.67	86.98	152.02	-11.93	-11.13	73.81	159.62	0	-1000	256	1356062.486	-1000-09-12T04:48:00	547
N13-Has	Has	δ Crv	-0.08	89.87	152.02	-11.93	-11.22	76.09	164.61	0	-1000	261	1356067.489	-1000-09-17T04:51:23	550
N14-Chi	Chi	α Vir	-9.18	78.34	162.25	-1.87	-11.22	76.09	164.61	0	-1000	261	1356067.489	-1000-09-17T04:51:23	550
N15-Swa	Swa	α Boo	-2.08	43.96	162.42	32.91	-11.22	76.09	164.61	0	-1000	261	1356067.489	-1000-09-17T04:51:23	550
N13-Has	Has	δ Crv	4.51	92.76	152.02	-11.93	-11.29	78.42	169.62	1	-1000	266	1356072.491	-1000-09-22T04:54:45	553
N14-Chi	Chi	α Vir	-4.09	81.33	162.25	-1.87	-11.29	78.42	169.62	0	-1000	266	1356072.491	-1000-09-22T04:54:45	553
N15-Swa	Swa	α Boo	1.24	46.9	162.42	32.91	-11.29	78.42	169.62	1	-1000	266	1356072.491	-1000-09-22T04:54:45	554
N14-Chi	Chi	α Vir	1.09	84.23	162.25	-1.87	-11.35	80.79	174.64	1	-1000	271	1356077.493	-1000-09-27T04:58:07	556
N15-Swa	Swa	α Boo	4.77	49.62	162.42	32.91	-11.35	80.79	174.64	1	-1000	271	1356077.493	-1000-09-27T04:58:07	557
N14-Chi	Chi	α Vir	5.84	87.1	162.25	-1.87	-11.39	83.18	179.68	1	-1000	276	1356082.496	-1000-10-02T05:01:31	559
N15-Swa	Swa	α Boo	8.59	52.15	162.42	32.91	-11.39	83.18	179.68	1	-1000	276	1356082.496	-1000-10-02T05:01:31	560
N16-Vis	Vis	α2 Lib	-10.13	85.02	183.52	0.69	-11.41	85.58	184.73	0	-1000	281	1356087.498	-1000-10-07T05:04:59	562
N16-Vis	Vis	α2 Lib	-5.1	87.97	183.52	0.69	-11.41	87.96	189.79	0	-1000	286	1356092.501	-1000-10-12T05:08:30	565
N16-Vis	Vis	α2 Lib	0.44	90.89	183.52	0.69	-11.39	90.33	194.86	1	-1000	291	1356097.503	-1000-10-17T05:12:08	567
N16-Vis	Vis	α2 Lib	5.19	93.83	183.52	0.69	-11.35	92.65	199.93	1	-1000	296	1356102.506	-1000-10-22T05:15:53	570
N17-Anu	Anu	δ Sco	-7.45	97.03	200.95	-1.6	-11.3	94.92	205.02	0	-1000	301	1356107.509	-1000-10-27T05:19:47	572
N17-Anu	Anu	δ Sco	-1.66	99.93	200.95	-1.6	-11.24	97.12	210.12	0	-1000	306	1356112.511	-1000-11-01T05:23:50	575
N17-Anu	Anu	δ Sco	2.96	102.93	200.95	-1.6	-11.16	99.22	215.22	1	-1000	311	1356117.514	-1000-11-06T05:28:03	578
N18-Jye	Jye	ε Sco	-11.55	110.44	214.16	-10.95	-11.16	99.22	215.22	0	-1000	311	1356117.514	-1000-11-06T05:28:03	578
N17-Anu	Anu	δ Sco	7.88	106.05	200.95	-1.6	-11.07	101.22	220.33	1	-1000	316	1356122.517	-1000-11-11T05:32:23	581
N18-Jye	Jye	ε Sco	-6.71	113.13	214.16	-10.95	-11.07	101.22	220.33	0	-1000	316	1356122.517	-1000-11-11T05:32:23	581
N18-Jye	Jye	ε Sco	-1.22	115.99	214.16	-10.95	-10.97	103.09	225.44	0	-1000	321	1356127.52	-1000-11-16T05:36:50	584
N19-Mul	Mul	κ Sco	-12.92	118.53	224.86	-15.22	-10.97	103.09	225.44	0	-1000	321	1356127.52	-1000-11-16T05:36:50	584
N18-Jye	Jye	ε Sco	2.95	119.03	214.16	-10.95	-10.88	104.81	230.55	1	-1000	326	1356132.524	-1000-11-21T05:41:22	587
N19-Mul	Mul	κ Sco	-8.36	121.07	224.86	-15.22	-10.88	104.81	230.55	0	-1000	326	1356132.524	-1000-11-21T05:41:22	587
N19-Mul	Mul	κ Sco	-3.68	123.81	224.86	-15.22	-10.78	106.38	235.66	0	-1000	331	1356137.527	-1000-11-26T05:45:57	590
N20-PAsh	PAsh	λ Sgr	-10.29	108.14	234.76	-1.57	-10.78	106.38	235.66	0	-1000	331	1356137.527	-1000-11-26T05:45:57	590
N19-Mul	Mul	κ Sco	0.8	126.74	224.86	-15.22	-10.69	107.76	240.77	1	-1000	336	1356142.53	-1000-12-01T05:50:30	593
N20-PAsh	PAsh	λ Sgr	-5.33	110.94	234.76	-1.57	-10.69	107.76	240.77	0	-1000	336	1356142.53	-1000-12-01T05:50:30	593
N20-PAsh	PAsh	λ Sgr	0.06	113.86	234.76	-1.57	-10.61	108.95	245.88	1	-1000	341	1356147.533	-1000-12-06T05:54:58	596
N21-UAsh	UAsh	τ Sgr	-9.53	114.11	243.32	-4.52	-10.61	108.95	245.88	0	-1000	341	1356147.533	-1000-12-06T05:54:58	596
N20-PAsh	PAsh	λ Sgr	4.38	116.92	234.76	-1.57	-10.53	109.93	250.98	1	-1000	346	1356152.536	-1000-12-11T05:59:13	599
N21-UAsh	UAsh	τ Sgr	-4.81	116.83	243.32	-4.52	-10.53	109.93	250.98	0	-1000	346	1356152.536	-1000-12-11T05:59:13	599
N21-UAsh	UAsh	τ Sgr	0.2	119.68	243.32	-4.52	-10.48	110.7	256.08	1	-1000	351	1356157.539	-1000-12-16T06:03:11	602
N21-UAsh	UAsh	τ Sgr	4.18	122.67	243.32	-4.52	-10.44	111.23	261.17	1	-1000	356	1356162.541	-1000-12-21T06:06:47	604
N22-Shr	Shr	α Aql	3.77	85.19	259.67	29.43	-10.44	111.23	261.17	1	-1000	356	1356162.541	-1000-12-21T06:06:47	605
N22-Shr	Shr	α Aql	8.62	88.02	259.67	29.43	-10.41	111.52	266.25	1	-1000	361	1356167.543	-1000-12-26T06:09:56	607
N22-Shr	Shr	α Aql	13.41	90.79	259.67	29.43	-10.41	111.58	271.33	0	-1000	366	1356172.545	-1000-12-31T06:12:31	610
N22-Shr	Shr	α Aql	13.03	90.78	263.15	29.41	-10.41	111.49	273.84	0	-0750	1	1447120.545	-0750-01-01T06:12:53	613
N22-Shr	Shr	α Aql	17.64	93.49	263.15	29.41	-10.44	111.19	278.91	0	-0750	6	1447125.547	-0750-01-06T06:14:33	615
N23-Dha	Dha	β Del	7.84	84.43	278.22	32.24	-10.44	111.19	278.91	1	-0750	6	1447125.547	-0750-01-06T06:14:33	616
N23-Dha	Dha	β Del	12.27	86.96	278.22	32.24	-10.48	110.66	283.96	0	-0750	11	1447130.547	-0750-01-11T06:15:32	618
N23-Dha	Dha	β Del	16.58	89.41	278.22	32.24	-10.54	109.91	289.01	0	-0750	16	1447135.547	-0750-01-16T06:15:47	621
N23-Dha	Dha	β Del	20.73	91.83	278.22	32.24	-10.61	108.94	294.03	0	-0750	21	1447140.547	-0750-01-21T06:15:17	623
N24-Sha	Sha	λ Aqr	-10.46	107.11	303.36	-0.28	-10.79	106.43	304.05	0	-0750	31	1447150.545	-0750-01-31T06:12:06	628
N24-Sha	Sha	λ Aqr	-6.94	109.07	303.36	-0.28	-10.88	104.92	309.04	0	-0750	36	1447155.543	-0750-02-05T06:09:29	631
N24-Sha	Sha	λ Aqr	-3.29	111.01	303.36	-0.28	-10.97	103.26	314.01	0	-0750	41	1447160.541	-0750-02-10T06:06:14	633
N24-Sha	Sha	λ Aqr	0.13	112.95	303.36	-0.28	-11.06	101.46	318.97	1	-0750	46	1447165.538	-0750-02-15T06:02:23	636
N25-PBha	PBha	α Peg	5.74	90.68	315.39	19.5	-11.06	101.46	318.97	1	-0750	46	1447165.538	-0750-02-15T06:02:23	636
N26-UBha	UBha	λ Peg	12.65	84.34	315.02	28.87	-11.06	101.46	318.97	0	-0750	46	1447165.538	-0750-02-15T06:02:23	637
N25-PBha	PBha	α Peg	9.01	92.6	315.39	19.5	-11.15	99.55	323.91	1	-0750	51	1447170.535	-0750-02-20T05:57:59	639
N26-UBha	UBha	λ Peg	15.94	86.18	315.02	28.87	-11.15	99.55	323.91	0	-0750	51	1447170.535	-0750-02-20T05:57:59	640
N25-PBha	PBha	α Peg	12.19	94.49	315.39	19.5	-11.23	97.54	328.83	0	-0750	56	1447175.532	-0750-02-25T05:53:07	642
N26-UBha	UBha	λ Peg	19.14	87.98	315.02	28.87	-11.23	97.54	328.83	0	-0750	56	1447175.532	-0750-02-25T05:53:07	643
N25-PBha	PBha	α Peg	15.28	96.36	315.39	19.5	-11.3	95.45	333.74	0	-0750	61	1447180.528	-0750-03-02T05:47:50	645
N26-UBha	UBha	λ Peg	22.25	89.76	315.02	28.87	-11.3	95.45	333.74	0	-0750	61	1447180.528	-0750-03-02T05:47:50	646
N27-Rev	Rev	ε Psc	-8.1	93.78	339.39	0.94	-11.39	91.06	343.52	0	-0750	71	1447190.52	-0750-03-12T05:36:16	650
N27-Rev	Rev	ε Psc	-5.18	95.44	339.39	0.94	-11.41	88.81	348.39	0	-0750	76	1447195.516	-0750-03-17T05:30:07	653
N27-Rev	Rev	ε Psc	-1.6	97.09	339.39	0.94	-11.42	86.53	353.24	0	-0750	81	1447200.511	-0750-03-22T05:23:46	656
N901-Ash	Ash	β Ari	-2.83	81.2	355.77	8.39	-11.41	84.24	358.08	0	-0750	86	1447205.507	-0750-03-27T05:17:19	658
N27-Rev	Rev	ε Psc	0.94	98.73	339.39	0.94	-11.41	84.24	358.08	1	-0750	86	1447205.507	-0750-03-27T05:17:19	659
N02-Bha	Bha	* 41 Ari	-0.7	73.59	10.04	10.28	-11.27	77.42	12.53	0	-0750	101	1447220.493	-0750-04-11T04:57:51	666
N02-Bha	Bha	* 41 Ari	1.71	75.25	10.04	10.28	-11.2	75.2	17.33	1	-0750	106	1447225.489	-0750-04-16T04:51:30	668
N02-Bha	Bha	* 41 Ari	4.41	76.91	10.04	10.28	-11.11	73.04	22.11	1	-0750	111	1447230.485	-0750-04-21T04:45:19	671
N03-Kri	Kri	η Tau	-7.83	71.11	21.81	3.78	-11.11	73.04	22.11	0	-0750	111	1447230.485	-0750-04-21T04:45:19	671
N02-Bha	Bha	* 41 Ari	7.26	78.56	10.04	10.28	-11.01	70.94	26.89	1	-0750	116	1447235.48	-0750-04-26T04:39:22	674
N03-Kri	Kri	η Tau	-5	72.93	21.81	3.78	-11.01	70.94	26.89	0	-0750	116	1447235.48	-0750-04-26T04:39:22	674
N03-Kri	Kri	η Tau	-1.35	74.74	21.81	3.78	-10.89	68.92	31.66	0	-0750	121	1447240.477	-0750-05-01T04:33:43	677
N04-Roh	Roh	α Tau	-15.43	72.38	31.56	-5.65	-10.89	68.92	31.66	0	-0750	121	1447240.477	-0750-05-01T04:33:43	677
N03-Kri	Kri	η Tau	1.3	76.54	21.82	3.78	-10.77	66.98	36.43	1	-0750	126	1447245.473	-0750-05-06T04:28:23	680
N04-Roh	Roh	α Tau	-12.45	74.39	31.56	-5.65	-10.77	66.98	36.43	0	-0750	126	1447245.473	-0750-05-06T04:28:23	680
N03-Kri	Kri	η Tau	4.24	78.35	21.82	3.78	-10.65	65.14	41.19	1	-0750	131	1447250.469	-0750-05-11T04:23:27	683
N04-Roh	Roh	α Tau	-9.35	76.39	31.56	-5.65	-10.65	65.14	41.19	0	-0750	131	1447250.469	-0750-05-11T04:23:27	683
N04-Roh	Roh	α Tau	-6.14	78.39	31.56	-5.65	-10.52	63.43	45.95	0	-0750	136	1447255.466	-0750-05-16T04:18:57	686
N05-Mrg	Mrg	λ Ori	-21.05	72.6	45.51	-13.73	-10.52	63.43	45.95	0	-0750	136	1447255.466	-0750-05-16T04:18:57	686
N04-Roh	Roh	α Tau	-2.22	80.39	31.56	-5.65	-10.4	61.83	50.71	0	-0750	141	1447260.463	-0750-05-21T04:14:55	689
N05-Mrg	Mrg	λ Ori	-17.8	74.89	45.51	-13.73	-10.4	61.83	50.71	0	-0750	141	1447260.463	-0750-05-21T04:14:55	689
N05-Mrg	Mrg	λ Ori	-14.39	77.16	45.51	-13.73	-10.28	60.38	55.46	0	-0750	146	1447265.461	-0750-05-26T04:11:26	692
N05-Mrg	Mrg	λ Ori	-10.82	79.43	45.51	-13.73	-10.16	59.08	60.22	0	-0750	151	1447270.459	-0750-05-31T04:08:32	694
N05-Mrg	Mrg	λ Ori	-7.1	81.7	45.51	-13.73	-10.06	57.95	64.97	0	-0750	156	1447275.457	-0750-06-05T04:06:14	697
N06-Ard	Ard	γ Gem	-12.57	65.85	60.91	-7.06	-10.06	57.95	64.97	0	-0750	156	1447275.457	-0750-06-05T04:06:14	697
N06-Ard	Ard	γ Gem	-8.97	68.39	60.91	-7.06	-9.97	56.99	69.73	0	-0750	161	1447280.456	-0750-06-10T04:04:33	700
N06-Ard	Ard	γ Gem	-5.18	70.89	60.91	-7.06	-9.9	56.23	74.5	0	-0750	166	1447285.456	-0750-06-15T04:03:30	702
N06-Ard	Ard	γ Gem	-0.54	73.38	60.91	-7.06	-9.84	55.66	79.26	0	-0750	171	1447290.455	-0750-06-20T04:03:05	705
N07-Pun	Pun	β Gem	-1.93	53.5	75.47	6.56	-9.84	55.66	79.26	0	-0750	171	1447290.455	-0750-06-20T04:03:05	705
N07-Pun	Pun	β Gem	1.31	56.02	75.47	6.56	-9.8	55.29	84.04	1	-0750	176	1447295.455	-0750-06-25T04:03:17	708
N07-Pun	Pun	β Gem	4.85	58.46	75.47	6.56	-9.78	55.13	88.82	1	-0750	181	1447300.456	-0750-06-30T04:04:05	710
N07-Pun	Pun	β Gem	8.72	60.83	75.48	6.56	-9.79	55.18	93.61	1	-0750	186	1447305.457	-0750-07-05T04:05:26	713
N08-Pus	Pus	δ Cnc	-7.33	57.12	90.5	-0.03	-9.79	55.18	93.61	0	-0750	186	1447305.457	-0750-07-05T04:05:26	713
N08-Pus	Pus	δ Cnc	-2.96	60.04	90.5	-0.03	-9.82	55.45	98.41	0	-0750	191	1447310.458	-0750-07-10T04:07:17	716
N09-Asl	Asl	ζ Hya	-14.55	66.03	96.5	-11.21	-9.82	55.45	98.41	0	-0750	191	1447310.458	-0750-07-10T04:07:17	716
N08-Pus	Pus	δ Cnc	1.21	62.84	90.5	-0.03	-9.86	55.93	103.22	1	-0750	196	1447315.46	-0750-07-15T04:09:34	719
N09-Asl	Asl	ζ Hya	-10.15	69.18	96.5	-11.21	-9.86	55.93	103.22	0	-0750	196	1447315.46	-0750-07-15T04:09:34	719
N08-Pus	Pus	δ Cnc	5.35	65.52	90.5	-0.03	-9.93	56.61	108.04	1	-0750	201	1447320.462	-0750-07-20T04:12:12	722
N09-Asl	Asl	ζ Hya	-5.58	72.19	96.5	-11.21	-9.93	56.61	108.04	0	-0750	201	1447320.462	-0750-07-20T04:12:12	722
N09-Asl	Asl	ζ Hya	-0.25	75.1	96.5	-11.21	-10.01	57.5	112.87	0	-0750	206	1447325.464	-0750-07-25T04:15:09	725
N10-Mag	Mag	ζ Leo	-0.61	48.93	109.3	11.67	-10.01	57.5	112.87	0	-0750	206	1447325.464	-0750-07-25T04:15:09	725
N10-Mag	Mag	ζ Leo	2.77	51.75	109.3	11.67	-10.11	58.57	117.71	1	-0750	211	1447330.466	-0750-07-30T04:18:20	728
N10-Mag	Mag	ζ Leo	6.65	54.4	109.3	11.67	-10.22	59.83	122.57	1	-0750	216	1447335.468	-0750-08-04T04:21:42	730
N10-Mag	Mag	ζ Leo	10.75	56.87	109.3	11.67	-10.34	61.25	127.44	0	-0750	221	1447340.471	-0750-08-09T04:25:09	733
N11-PPal	PPal	δ Leo	-0.19	49.7	122.9	14.24	-10.34	61.25	127.44	0	-0750	221	1447340.471	-0750-08-09T04:25:09	733
N11-PPal	PPal	δ Leo	3.34	52.54	122.9	14.24	-10.47	62.84	132.32	1	-0750	226	1447345.473	-0750-08-14T04:28:39	736
N11-PPal	PPal	δ Leo	7.31	55.17	122.9	14.24	-10.6	64.56	137.22	1	-0750	231	1447350.475	-0750-08-19T04:32:10	738
N12-UPal	UPal	β Leo	-2.97	53.76	133.67	12.45	-10.6	64.56	137.22	0	-0750	231	1447350.475	-0750-08-19T04:32:10	739
N11-PPal	PPal	δ Leo	11.46	57.62	122.9	14.24	-10.73	66.42	142.13	0	-0750	236	1447355.478	-0750-08-24T04:35:40	741
N12-UPal	UPal	β Leo	1.16	56.73	133.67	12.45	-10.73	66.42	142.13	1	-0750	236	1447355.478	-0750-08-24T04:35:40	742
N12-UPal	UPal	β Leo	5.21	59.49	133.67	12.45	-10.85	68.39	147.06	1	-0750	241	1447360.48	-0750-08-29T04:39:09	744
N12-UPal	UPal	β Leo	9.52	62.07	133.67	12.45	-10.97	70.47	152.01	1	-0750	246	1447365.483	-0750-09-03T04:42:35	747
N13-Has	Has	δ Crv	-11.65	84.91	155.45	-11.95	-11.08	72.63	156.97	0	-0750	251	1447370.485	-0750-09-08T04:45:58	749
N13-Has	Has	δ Crv	-6.67	87.84	155.45	-11.95	-11.18	74.87	161.94	0	-0750	256	1447375.487	-0750-09-13T04:49:18	752
N13-Has	Has	δ Crv	-0.95	90.72	155.45	-11.95	-11.26	77.17	166.93	0	-0750	261	1447380.49	-0750-09-18T04:52:36	754
N14-Chi	Chi	α Vir	-10.32	79.24	165.69	-1.88	-11.26	77.17	166.93	0	-0750	261	1447380.49	-0750-09-18T04:52:36	755
N15-Swa	Swa	α Boo	-3.72	44.93	165.89	32.73	-11.26	77.17	166.93	0	-0750	261	1447380.49	-0750-09-18T04:52:36	755
N13-Has	Has	δ Crv	3.51	93.6	155.45	-11.95	-11.32	79.51	171.93	1	-0750	266	1447385.492	-0750-09-23T04:55:54	758
N14-Chi	Chi	α Vir	-5.4	82.23	165.69	-1.88	-11.32	79.51	171.93	0	-0750	266	1447385.492	-0750-09-23T04:55:54	758
N15-Swa	Swa	α Boo	0.19	47.94	165.89	32.73	-11.32	79.51	171.93	1	-0750	266	1447385.492	-0750-09-23T04:55:54	759
N14-Chi	Chi	α Vir	0.11	85.14	165.69	-1.88	-11.37	81.88	176.95	1	-0750	271	1447390.494	-0750-09-28T04:59:14	761
N15-Swa	Swa	α Boo	3.66	50.73	165.89	32.73	-11.37	81.88	176.95	1	-0750	271	1447390.494	-0750-09-28T04:59:14	762
N14-Chi	Chi	α Vir	4.73	88.01	165.69	-1.88	-11.4	84.27	181.98	1	-0750	276	1447395.497	-0750-10-03T05:02:37	764
N15-Swa	Swa	α Boo	7.52	53.32	165.89	32.73	-11.4	84.27	181.98	1	-0750	276	1447395.497	-0750-10-03T05:02:37	765
N16-Vis	Vis	α2 Lib	-11.28	86	186.96	0.66	-11.41	86.66	187.02	0	-0750	281	1447400.499	-0750-10-08T05:06:03	767
N16-Vis	Vis	α2 Lib	-6.25	88.93	186.96	0.66	-11.4	89.03	192.07	0	-0750	286	1447405.501	-0750-10-13T05:09:34	770
N16-Vis	Vis	α2 Lib	-0.53	91.85	186.96	0.66	-11.38	91.37	197.14	0	-0750	291	1447410.504	-0750-10-18T05:13:12	772
N16-Vis	Vis	α2 Lib	4.08	94.79	186.96	0.66	-11.33	93.67	202.21	1	-0750	296	1447415.507	-0750-10-23T05:16:59	775
N17-Anu	Anu	δ Sco	-8.6	97.91	204.4	-1.63	-11.27	95.9	207.3	0	-0750	301	1447420.509	-0750-10-28T05:20:55	777
N17-Anu	Anu	δ Sco	-3.19	100.8	204.4	-1.63	-11.2	98.05	212.39	0	-0750	306	1447425.512	-0750-11-02T05:25:00	780
N17-Anu	Anu	δ Sco	1.87	103.77	204.4	-1.63	-11.12	100.11	217.49	1	-0750	311	1447430.515	-0750-11-07T05:29:14	782
N17-Anu	Anu	δ Sco	6.72	106.88	204.4	-1.63	-11.03	102.04	222.59	1	-0750	316	1447435.518	-0750-11-12T05:33:36	785
N18-Jye	Jye	ε Sco	-7.91	113.89	217.57	-11.02	-11.03	102.04	222.59	0	-0750	316	1447435.518	-0750-11-12T05:33:36	786
N18-Jye	Jye	ε Sco	-2.72	116.69	217.57	-11.02	-10.93	103.85	227.69	0	-0750	321	1447440.521	-0750-11-17T05:38:05	788
N18-Jye	Jye	ε Sco	1.78	119.69	217.57	-11.02	-10.83	105.5	232.8	1	-0750	326	1447445.524	-0750-11-22T05:42:38	791
N19-Mul	Mul	κ Sco	-9.65	121.61	228.3	-15.26	-10.83	105.5	232.8	0	-0750	326	1447445.524	-0750-11-22T05:42:38	791
N19-Mul	Mul	κ Sco	-5.23	124.27	228.3	-15.26	-10.74	106.99	237.92	0	-0750	331	1447450.528	-0750-11-27T05:47:12	794
N19-Mul	Mul	κ Sco	-0.34	127.13	228.31	-15.26	-10.65	108.29	243.03	0	-0750	336	1447455.531	-0750-12-02T05:51:43	796
N20-PAsh	PAsh	λ Sgr	-6.49	111.25	238.2	-1.62	-10.65	108.29	243.03	0	-0750	336	1447455.531	-0750-12-02T05:51:43	797
N19-Mul	Mul	κ Sco	3.32	130.2	228.31	-15.26	-10.58	109.39	248.14	1	-0750	341	1447460.534	-0750-12-07T05:56:05	799
N20-PAsh	PAsh	λ Sgr	-0.95	114.12	238.2	-1.62	-10.58	109.39	248.14	0	-0750	341	1447460.534	-0750-12-07T05:56:05	800
N21-UAsh	UAsh	τ Sgr	-10.72	114.24	246.76	-4.57	-10.58	109.39	248.14	0	-0750	341	1447460.534	-0750-12-07T05:56:05	800
N20-PAsh	PAsh	λ Sgr	3.21	117.13	238.2	-1.62	-10.51	110.27	253.24	1	-0750	346	1447465.537	-0750-12-12T06:00:14	803
N21-UAsh	UAsh	τ Sgr	-6.06	116.89	246.76	-4.57	-10.51	110.27	253.24	0	-0750	346	1447465.537	-0750-12-12T06:00:14	803
N21-UAsh	UAsh	τ Sgr	-0.85	119.67	246.76	-4.57	-10.46	110.93	258.34	0	-0750	351	1447470.539	-0750-12-17T06:04:04	806
N21-UAsh	UAsh	τ Sgr	2.97	122.59	246.76	-4.57	-10.42	111.36	263.43	1	-0750	356	1447475.542	-0750-12-22T06:07:30	808
N22-Shr	Shr	α Aql	3.27	85.09	263.16	29.41	-10.42	111.36	263.43	1	-0750	356	1447475.542	-0750-12-22T06:07:30	809
N22-Shr	Shr	α Aql	8.05	87.89	263.16	29.41	-10.41	111.55	268.52	1	-0750	361	1447480.544	-0750-12-27T06:10:26	811
N22-Shr	Shr	α Aql	12.79	90.64	263.16	29.41	-10.42	111.5	273.6	0	-0749	366	1447485.545	-0749-01-01T06:12:47	814
N22-Shr	Shr	α Aql	11.49	89.99	266.65	29.41	-10.42	111.4	275.11	0	-0500	1	1538432.545	-0500-01-01T06:12:38	817
N22-Shr	Shr	α Aql	16.07	92.67	266.65	29.4	-10.45	111.04	280.18	0	-0500	6	1538437.546	-0500-01-06T06:14:10	819
N22-Shr	Shr	α Aql	20.5	95.34	266.65	29.4	-10.5	110.45	285.24	0	-0500	11	1538442.547	-0500-01-11T06:15:00	822
N23-Dha	Dha	β Del	10.92	85.94	281.67	32.21	-10.5	110.45	285.24	0	-0500	11	1538442.547	-0500-01-11T06:15:00	822
N23-Dha	Dha	β Del	15.18	88.37	281.67	32.21	-10.56	109.64	290.29	0	-0500	16	1538447.547	-0500-01-16T06:15:05	825
N23-Dha	Dha	β Del	19.29	90.74	281.67	32.21	-10.64	108.63	295.32	0	-0500	21	1538452.546	-0500-01-21T06:14:26	827
N23-Dha	Dha	β Del	23.25	93.08	281.68	32.21	-10.72	107.41	300.34	0	-0500	26	1538457.546	-0500-01-26T06:13:04	830
N24-Sha	Sha	λ Aqr	-8.56	107.16	306.82	-0.29	-10.9	104.47	310.35	0	-0500	36	1538467.542	-0500-02-05T06:08:15	835
N24-Sha	Sha	λ Aqr	-5.2	109.07	306.82	-0.29	-11	102.77	315.33	0	-0500	41	1538472.54	-0500-02-10T06:04:52	837
N24-Sha	Sha	λ Aqr	-1.27	110.96	306.82	-0.29	-11.09	100.94	320.3	0	-0500	46	1538477.537	-0500-02-15T06:00:54	840
N25-PBha	PBha	α Peg	4.44	88.78	318.84	19.49	-11.09	100.94	320.3	1	-0500	46	1538477.537	-0500-02-15T06:00:54	840
N26-UBha	UBha	λ Peg	11.44	82.59	318.46	28.86	-11.09	100.94	320.3	0	-0500	46	1538477.537	-0500-02-15T06:00:54	841
N24-Sha	Sha	λ Aqr	1.41	112.85	306.82	-0.29	-11.18	98.99	325.24	1	-0500	51	1538482.534	-0500-02-20T05:56:25	843
N25-PBha	PBha	α Peg	7.67	90.68	318.84	19.49	-11.18	98.99	325.24	1	-0500	51	1538482.534	-0500-02-20T05:56:25	844
N26-UBha	UBha	λ Peg	14.69	84.41	318.46	28.86	-11.18	98.99	325.24	0	-0500	51	1538482.534	-0500-02-20T05:56:25	844
N25-PBha	PBha	α Peg	10.84	92.54	318.84	19.49	-11.25	96.96	330.18	0	-0500	56	1538487.531	-0500-02-25T05:51:29	847
N26-UBha	UBha	λ Peg	17.87	86.17	318.46	28.86	-11.25	96.96	330.18	0	-0500	56	1538487.531	-0500-02-25T05:51:29	847
N25-PBha	PBha	α Peg	13.93	94.38	318.84	19.49	-11.31	94.84	335.1	0	-0500	61	1538492.527	-0500-03-01T05:46:09	850
N26-UBha	UBha	λ Peg	20.97	87.91	318.47	28.86	-11.31	94.84	335.1	0	-0500	61	1538492.527	-0500-03-01T05:46:09	850
N27-Rev	Rev	ε Psc	-9.39	91.48	342.85	0.96	-11.4	90.42	344.89	0	-0500	71	1538502.519	-0500-03-11T05:34:31	855
N27-Rev	Rev	ε Psc	-6.47	93.15	342.85	0.96	-11.42	88.16	349.77	0	-0500	76	1538507.514	-0500-03-16T05:28:20	858
N27-Rev	Rev	ε Psc	-3.27	94.8	342.85	0.96	-11.42	85.87	354.63	0	-0500	81	1538512.51	-0500-03-21T05:22:00	860
N901-Ash	Ash	β Ari	-4.28	78.87	359.23	8.4	-11.4	83.58	359.47	0	-0500	86	1538517.506	-0500-03-26T05:15:34	863
N27-Rev	Rev	ε Psc	-0.13	96.45	342.85	0.96	-11.4	83.58	359.47	0	-0500	86	1538517.506	-0500-03-26T05:15:34	863
N02-Bha	Bha	* 41 Ari	-1.84	71.27	13.49	10.3	-11.25	76.77	13.95	0	-0500	101	1538532.492	-0500-04-10T04:56:15	870
N02-Bha	Bha	* 41 Ari	0.71	72.97	13.49	10.3	-11.17	74.57	18.75	1	-0500	106	1538537.488	-0500-04-15T04:49:59	873
N02-Bha	Bha	* 41 Ari	3.32	74.64	13.49	10.3	-11.08	72.42	23.54	1	-0500	111	1538542.484	-0500-04-20T04:43:54	875
N02-Bha	Bha	* 41 Ari	6.14	76.32	13.49	10.3	-10.97	70.34	28.32	1	-0500	116	1538547.48	-0500-04-25T04:38:04	878
N03-Kri	Kri	η Tau	-6.11	70.65	25.27	3.8	-10.97	70.34	28.32	0	-0500	116	1538547.48	-0500-04-25T04:38:04	879
N02-Bha	Bha	* 41 Ari	9.09	77.99	13.49	10.3	-10.86	68.34	33.1	1	-0500	121	1538552.476	-0500-04-30T04:32:31	881
N03-Kri	Kri	η Tau	-2.77	72.5	25.27	3.8	-10.86	68.34	33.1	0	-0500	121	1538552.476	-0500-04-30T04:32:31	882
N03-Kri	Kri	η Tau	0.31	74.34	25.27	3.8	-10.74	66.44	37.87	1	-0500	126	1538557.472	-0500-05-05T04:27:20	884
N04-Roh	Roh	α Tau	-13.58	72.2	35.03	-5.64	-10.74	66.44	37.87	0	-0500	126	1538557.472	-0500-05-05T04:27:20	885
N03-Kri	Kri	η Tau	3.16	76.18	25.27	3.8	-10.61	64.63	42.64	1	-0500	131	1538562.469	-0500-05-10T04:22:32	887
N04-Roh	Roh	α Tau	-10.49	74.25	35.03	-5.64	-10.61	64.63	42.64	0	-0500	131	1538562.469	-0500-05-10T04:22:32	888
N04-Roh	Roh	α Tau	-7.28	76.31	35.03	-5.64	-10.49	62.96	47.4	0	-0500	136	1538567.466	-0500-05-15T04:18:12	890
N04-Roh	Roh	α Tau	-3.69	78.36	35.03	-5.64	-10.36	61.41	52.15	0	-0500	141	1538572.463	-0500-05-20T04:14:21	893
N05-Mrg	Mrg	λ Ori	-18.94	72.93	48.97	-13.7	-10.36	61.41	52.15	0	-0500	141	1538572.463	-0500-05-20T04:14:21	893
N05-Mrg	Mrg	λ Ori	-15.52	75.28	48.97	-13.7	-10.24	60	56.91	0	-0500	146	1538577.461	-0500-05-25T04:11:03	896
N05-Mrg	Mrg	λ Ori	-11.95	77.61	48.97	-13.7	-10.13	58.75	61.67	0	-0500	151	1538582.459	-0500-05-30T04:08:20	898
N05-Mrg	Mrg	λ Ori	-8.21	79.94	48.97	-13.7	-10.04	57.67	66.43	0	-0500	156	1538587.457	-0500-06-04T04:06:13	901
N06-Ard	Ard	γ Gem	-13.82	64.08	64.37	-7.03	-10.04	57.67	66.43	0	-0500	156	1538587.457	-0500-06-04T04:06:13	901
N06-Ard	Ard	γ Gem	-10.23	66.71	64.37	-7.03	-9.95	56.78	71.18	0	-0500	161	1538592.456	-0500-06-09T04:04:44	904
N06-Ard	Ard	γ Gem	-6.45	69.28	64.37	-7.03	-9.88	56.07	75.95	0	-0500	166	1538597.456	-0500-06-14T04:03:51	906
N06-Ard	Ard	γ Gem	-1.81	71.82	64.37	-7.03	-9.83	55.56	80.71	0	-0500	171	1538602.456	-0500-06-19T04:03:36	909
N07-Pun	Pun	β Gem	-3.8	51.98	78.89	6.57	-9.83	55.56	80.71	0	-0500	171	1538602.456	-0500-06-19T04:03:36	909
N07-Pun	Pun	β Gem	0.03	54.59	78.89	6.57	-9.8	55.26	85.48	1	-0500	176	1538607.456	-0500-06-24T04:03:59	912
N07-Pun	Pun	β Gem	3.4	57.11	78.89	6.57	-9.79	55.16	90.26	1	-0500	181	1538612.457	-0500-06-29T04:04:55	914
N07-Pun	Pun	β Gem	7.21	59.54	78.89	6.57	-9.8	55.28	95.05	1	-0500	186	1538617.458	-0500-07-04T04:06:24	917
N08-Pus	Pus	δ Cnc	-8.94	55.96	93.96	-0.02	-9.8	55.28	95.05	0	-0500	186	1538617.458	-0500-07-04T04:06:24	917
N08-Pus	Pus	δ Cnc	-4.98	58.97	93.96	-0.02	-9.83	55.61	99.84	0	-0500	191	1538622.459	-0500-07-09T04:08:20	920
N08-Pus	Pus	δ Cnc	-0.22	61.85	93.96	-0.02	-9.88	56.15	104.65	0	-0500	196	1538627.461	-0500-07-14T04:10:41	922
N09-Asl	Asl	ζ Hya	-11.71	68.35	99.95	-11.19	-9.88	56.15	104.65	0	-0500	196	1538627.461	-0500-07-14T04:10:41	923
N08-Pus	Pus	δ Cnc	3.71	64.6	93.96	-0.02	-9.95	56.89	109.46	1	-0500	201	1538632.462	-0500-07-19T04:13:23	925
N09-Asl	Asl	ζ Hya	-7.15	71.43	99.95	-11.19	-9.95	56.89	109.46	0	-0500	201	1538632.462	-0500-07-19T04:13:23	926
N09-Asl	Asl	ζ Hya	-1.78	74.38	99.95	-11.19	-10.04	57.83	114.29	0	-0500	206	1538637.464	-0500-07-24T04:16:21	928
N10-Mag	Mag	ζ Leo	-2.73	48.18	112.77	11.68	-10.04	57.83	114.29	0	-0500	206	1538637.464	-0500-07-24T04:16:21	929
N09-Asl	Asl	ζ Hya	2.61	77.25	99.95	-11.19	-10.14	58.95	119.12	1	-0500	211	1538642.467	-0500-07-29T04:19:33	931
N10-Mag	Mag	ζ Leo	1.01	51.12	112.77	11.68	-10.14	58.95	119.12	1	-0500	211	1538642.467	-0500-07-29T04:19:33	932
N10-Mag	Mag	ζ Leo	4.74	53.86	112.77	11.68	-10.26	60.25	123.98	1	-0500	216	1538647.469	-0500-08-03T04:22:52	934
N10-Mag	Mag	ζ Leo	8.78	56.42	112.77	11.68	-10.38	61.72	128.84	1	-0500	221	1538652.471	-0500-08-08T04:26:17	937
N11-PPal	PPal	δ Leo	-2.24	49.31	126.38	14.25	-10.38	61.72	128.84	0	-0500	221	1538652.471	-0500-08-08T04:26:17	937
N11-PPal	PPal	δ Leo	1.42	52.25	126.38	14.25	-10.51	63.34	133.71	1	-0500	226	1538657.474	-0500-08-13T04:29:44	940
N11-PPal	PPal	δ Leo	5.27	54.98	126.38	14.25	-10.64	65.1	138.6	1	-0500	231	1538662.476	-0500-08-18T04:33:11	942
N12-UPal	UPal	β Leo	-5.39	53.61	137.11	12.43	-10.64	65.1	138.6	0	-0500	231	1538662.476	-0500-08-18T04:33:11	943
N11-PPal	PPal	δ Leo	9.38	57.52	126.38	14.25	-10.77	66.98	143.51	1	-0500	236	1538667.479	-0500-08-23T04:36:37	945
N12-UPal	UPal	β Leo	-0.6	56.67	137.11	12.43	-10.77	66.98	143.51	0	-0500	236	1538667.479	-0500-08-23T04:36:37	946
N12-UPal	UPal	β Leo	3.2	59.52	137.11	12.43	-10.89	68.98	148.43	1	-0500	241	1538672.481	-0500-08-28T04:40:02	948
N12-UPal	UPal	β Leo	7.46	62.18	137.11	12.43	-11	71.07	153.37	1	-0500	246	1538677.483	-0500-09-02T04:43:23	951
N13-Has	Has	δ Crv	-8.67	88.17	158.89	-11.97	-11.2	75.49	163.28	0	-0500	256	1538687.488	-0500-09-12T04:49:57	956
N13-Has	Has	δ Crv	-3.41	91.04	158.89	-11.97	-11.28	77.8	168.26	0	-0500	261	1538692.49	-0500-09-17T04:53:12	958
N13-Has	Has	δ Crv	1.61	93.91	158.89	-11.97	-11.34	80.14	173.25	1	-0500	266	1538697.492	-0500-09-22T04:56:27	961
N14-Chi	Chi	α Vir	-7.51	82.58	169.15	-1.89	-11.34	80.14	173.25	0	-0500	266	1538697.492	-0500-09-22T04:56:27	961
N15-Swa	Swa	α Boo	-1.53	48.4	169.36	32.55	-11.34	80.14	173.25	0	-0500	266	1538697.492	-0500-09-22T04:56:27	961
N13-Has	Has	δ Crv	6.37	96.81	158.89	-11.97	-11.38	82.51	178.26	1	-0500	271	1538702.495	-0500-09-27T04:59:44	964
N14-Chi	Chi	α Vir	-1.91	85.5	169.15	-1.89	-11.38	82.51	178.26	0	-0500	271	1538702.495	-0500-09-27T04:59:44	965
N15-Swa	Swa	α Boo	1.87	51.29	169.36	32.55	-11.38	82.51	178.26	1	-0500	271	1538702.495	-0500-09-27T04:59:44	965
N14-Chi	Chi	α Vir	2.68	88.38	169.15	-1.89	-11.41	84.89	183.29	1	-0500	276	1538707.497	-0500-10-02T05:03:04	968
N15-Swa	Swa	α Boo	5.68	53.99	169.36	32.55	-11.41	84.89	183.29	1	-0500	276	1538707.497	-0500-10-02T05:03:04	968
N14-Chi	Chi	α Vir	7.55	91.27	169.15	-1.89	-11.41	87.27	188.32	1	-0500	281	1538712.499	-0500-10-07T05:06:28	971
N15-Swa	Swa	α Boo	9.74	56.5	169.36	32.55	-11.41	87.27	188.32	1	-0500	281	1538712.499	-0500-10-07T05:06:28	971
N16-Vis	Vis	α2 Lib	-8.4	89.32	190.41	0.63	-11.4	89.62	193.36	0	-0500	286	1538717.502	-0500-10-12T05:09:58	974
N16-Vis	Vis	α2 Lib	-2.96	92.23	190.42	0.63	-11.37	91.95	198.42	0	-0500	291	1538722.504	-0500-10-17T05:13:35	976
N16-Vis	Vis	α2 Lib	2.03	95.16	190.42	0.63	-11.32	94.22	203.49	1	-0500	296	1538727.507	-0500-10-22T05:17:22	979
N16-Vis	Vis	α2 Lib	6.95	98.16	190.42	0.63	-11.26	96.43	208.57	1	-0500	301	1538732.51	-0500-10-27T05:21:18	981
N17-Anu	Anu	δ Sco	-10.76	98.2	207.85	-1.66	-11.26	96.43	208.57	0	-0500	301	1538732.51	-0500-10-27T05:21:18	982
N17-Anu	Anu	δ Sco	-5.67	101.05	207.85	-1.66	-11.18	98.55	213.66	0	-0500	306	1538737.512	-0500-11-01T05:25:24	984
N17-Anu	Anu	δ Sco	-0.04	103.98	207.85	-1.66	-11.1	100.57	218.75	0	-0500	311	1538742.515	-0500-11-06T05:29:37	987
N17-Anu	Anu	δ Sco	4.59	107.04	207.85	-1.66	-11.01	102.48	223.85	1	-0500	316	1538747.518	-0500-11-11T05:33:59	989
N18-Jye	Jye	ε Sco	-10.07	114.07	220.99	-11.08	-11.01	102.48	223.85	0	-0500	316	1538747.518	-0500-11-11T05:33:59	990
N18-Jye	Jye	ε Sco	-5.33	116.79	220.99	-11.08	-10.91	104.24	228.95	0	-0500	321	1538752.521	-0500-11-16T05:38:28	992
N18-Jye	Jye	ε Sco	-0.12	119.69	220.99	-11.08	-10.82	105.85	234.06	0	-0500	326	1538757.525	-0500-11-21T05:43:00	995
N19-Mul	Mul	κ Sco	-11.84	121.59	231.76	-15.29	-10.82	105.85	234.06	0	-0500	326	1538757.525	-0500-11-21T05:43:00	995
N18-Jye	Jye	ε Sco	3.99	122.8	220.99	-11.08	-10.72	107.29	239.17	1	-0500	331	1538762.528	-0500-11-26T05:47:34	998
N19-Mul	Mul	κ Sco	-7.42	124.14	231.76	-15.29	-10.72	107.29	239.17	0	-0500	331	1538762.528	-0500-11-26T05:47:34	998
N19-Mul	Mul	κ Sco	-2.7	126.88	231.76	-15.29	-10.64	108.54	244.28	0	-0500	336	1538767.531	-0500-12-01T05:52:02	1001
N20-PAsh	PAsh	λ Sgr	-8.62	110.94	241.65	-1.66	-10.64	108.54	244.28	0	-0500	336	1538767.531	-0500-12-01T05:52:02	1001
N19-Mul	Mul	κ Sco	1.29	129.82	231.76	-15.29	-10.56	109.59	249.39	1	-0500	341	1538772.534	-0500-12-06T05:56:21	1004
N20-PAsh	PAsh	λ Sgr	-3.54	113.73	241.65	-1.66	-10.56	109.59	249.39	0	-0500	341	1538772.534	-0500-12-06T05:56:21	1004
N20-PAsh	PAsh	λ Sgr	1.24	116.65	241.65	-1.66	-10.5	110.42	254.49	1	-0500	346	1538777.537	-0500-12-11T06:00:26	1007
N21-UAsh	UAsh	τ Sgr	-8.17	116.34	250.21	-4.62	-10.5	110.42	254.49	0	-0500	346	1538777.537	-0500-12-11T06:00:26	1007
N20-PAsh	PAsh	λ Sgr	5.5	119.71	241.65	-1.66	-10.45	111.02	259.59	1	-0500	351	1538782.539	-0500-12-16T06:04:11	1010
N21-UAsh	UAsh	τ Sgr	-3.38	119.03	250.21	-4.62	-10.45	111.02	259.59	0	-0500	351	1538782.539	-0500-12-16T06:04:11	1010
N21-UAsh	UAsh	τ Sgr	1.03	121.84	250.21	-4.62	-10.42	111.39	264.69	1	-0500	356	1538787.542	-0500-12-21T06:07:31	1013
N21-UAsh	UAsh	τ Sgr	4.88	124.78	250.21	-4.62	-10.41	111.52	269.78	1	-0500	361	1538792.544	-0500-12-26T06:10:20	1015
N22-Shr	Shr	α Aql	6.56	87.13	266.66	29.41	-10.41	111.52	269.78	1	-0500	361	1538792.544	-0500-12-26T06:10:20	1016
N22-Shr	Shr	α Aql	11.26	89.85	266.66	29.41	-10.42	111.41	274.86	0	-0500	366	1538797.545	-0500-12-31T06:12:33	1018
