epoch	tara_name	decl	geo_lat	rise	lat	lon	ra	city_lat°	city_lat	city	year	dt	jd
-4000	dhruva	83.14	6.86	-1	66.03	73.12	-8.8	9.92°	9.92	Madurai	-4001	-4001-12-22T23:12:29	260048.25
-4000	mārīca	83.73	6.27	-1	71.02	99.92	-120.87	9.92°	9.92	Madurai	-4001	-4001-12-22T23:12:29	260048.25
-4000	mahendra	78.19	11.81	2.32	74.9	113.56	-120.57	9.92°	9.92	Madurai	-4001	-4001-12-22T23:12:29	260048.25
-4000	agni	76.37	13.63	4.03	78.49	108.27	-105.39	9.92°	9.92	Madurai	-4001	-4001-12-22T23:12:29	260048.25
-4000	vaśiṣṭha	79.2	10.8	13.94	55.88	81.57	63.97	9.92°	9.92	Madurai	-4001	-4001-12-22T23:12:29	260048.25
-4000	arundhatī 	79.4	10.6	13.78	56.06	81.75	64.18	9.92°	9.92	Madurai	-4001	-4001-12-22T23:12:29	260048.25
-3950	dhruva	83.42	6.58	-1	66.04	73.81	-8.56	9.92°	9.92	Madurai	-3951	-3951-12-21T23:12:29	278310.25
-3950	mārīca	83.58	6.42	-1	71.03	100.62	-122.4	9.92°	9.92	Madurai	-3951	-3951-12-21T23:12:29	278310.25
-3950	mahendra	78.05	11.95	2.36	74.9	114.24	-121.09	9.92°	9.92	Madurai	-3951	-3951-12-21T23:12:29	278310.25
-3950	agni	76.29	13.71	4.03	78.49	108.98	-105.89	9.92°	9.92	Madurai	-3951	-3951-12-21T23:12:29	278310.25
-3950	vaśiṣṭha	79.33	10.67	13.97	55.89	82.26	65.94	9.92°	9.92	Madurai	-3951	-3951-12-21T23:12:29	278310.25
-3950	arundhatī 	79.52	10.48	13.79	56.07	82.44	66.17	9.92°	9.92	Madurai	-3951	-3951-12-21T23:12:29	278310.25
-3900	dhruva	83.7	6.3	-1	66.04	74.5	-8.27	9.92°	9.92	Madurai	-3901	-3901-12-22T23:12:29	296573.25
-3900	mārīca	83.43	6.57	-1	71.03	101.32	-123.88	9.92°	9.92	Madurai	-3901	-3901-12-22T23:12:29	296573.25
-3900	mahendra	77.91	12.09	2.34	74.89	114.92	-121.62	9.92°	9.92	Madurai	-3901	-3901-12-22T23:12:29	296573.25
-3900	agni	76.22	13.78	3.96	78.49	109.68	-106.38	9.92°	9.92	Madurai	-3901	-3901-12-22T23:12:29	296573.25
-3900	vaśiṣṭha	79.43	10.57	13.95	55.89	82.95	67.95	9.92°	9.92	Madurai	-3901	-3901-12-22T23:12:29	296573.25
-3900	arundhatī 	79.63	10.37	13.75	56.07	83.13	68.22	9.92°	9.92	Madurai	-3901	-3901-12-22T23:12:29	296573.25
-3850	dhruva	83.99	6.01	-1	66.04	75.2	-8.01	9.92°	9.92	Madurai	-3851	-3851-12-22T23:12:29	314836.25
-3850	mārīca	83.26	6.74	-1	71.03	102.03	-125.28	9.92°	9.92	Madurai	-3851	-3851-12-22T23:12:29	314836.25
-3850	mahendra	77.76	12.24	2.31	74.89	115.62	-122.12	9.92°	9.92	Madurai	-3851	-3851-12-22T23:12:29	314836.25
-3850	agni	76.14	13.86	3.9	78.49	110.4	-106.87	9.92°	9.92	Madurai	-3851	-3851-12-22T23:12:29	314836.25
-3850	vaśiṣṭha	79.54	10.46	13.92	55.9	83.65	70.03	9.92°	9.92	Madurai	-3851	-3851-12-22T23:12:29	314836.25
-3850	arundhatī 	79.73	10.27	13.7	56.07	83.83	70.33	9.92°	9.92	Madurai	-3851	-3851-12-22T23:12:29	314836.25
-3800	dhruva	84.27	5.73	-1	66.05	75.89	-7.8	9.92°	9.92	Madurai	-3801	-3801-12-22T23:12:29	333098.25
-3800	mārīca	83.09	6.91	-1	71.03	102.73	-126.56	9.92°	9.92	Madurai	-3801	-3801-12-22T23:12:29	333098.25
-3800	mahendra	77.61	12.39	2.35	74.89	116.31	-122.58	9.92°	9.92	Madurai	-3801	-3801-12-22T23:12:29	333098.25
-3800	agni	76.05	13.95	3.9	78.5	111.12	-107.34	9.92°	9.92	Madurai	-3801	-3801-12-22T23:12:29	333098.25
-3800	vaśiṣṭha	79.64	10.36	13.95	55.91	84.34	72.1	9.92°	9.92	Madurai	-3801	-3801-12-22T23:12:29	333098.25
-3800	arundhatī 	79.83	10.17	13.7	56.08	84.52	72.43	9.92°	9.92	Madurai	-3801	-3801-12-22T23:12:29	333098.25
-3750	dhruva	84.55	5.45	-1	66.05	76.58	-7.53	9.92°	9.92	Madurai	-3751	-3751-12-22T23:12:29	351361.25
-3750	mārīca	82.93	7.07	-1	71.03	103.42	-127.79	9.92°	9.92	Madurai	-3751	-3751-12-22T23:12:29	351361.25
-3750	mahendra	77.47	12.53	2.32	74.89	116.98	-123.04	9.92°	9.92	Madurai	-3751	-3751-12-22T23:12:29	351361.25
-3750	agni	75.97	14.03	3.83	78.5	111.82	-107.8	9.92°	9.92	Madurai	-3751	-3751-12-22T23:12:29	351361.25
-3750	vaśiṣṭha	79.72	10.28	13.93	55.91	85.03	74.21	9.92°	9.92	Madurai	-3751	-3751-12-22T23:12:29	351361.25
-3750	arundhatī 	79.91	10.09	13.64	56.09	85.21	74.57	9.92°	9.92	Madurai	-3751	-3751-12-22T23:12:29	351361.25
-3700	dhruva	84.83	5.17	-1	66.05	77.28	-7.27	9.92°	9.92	Madurai	-3701	-3701-12-22T23:12:29	369623.25
-3700	mārīca	82.75	7.25	-1	71.03	104.13	-128.96	9.92°	9.92	Madurai	-3701	-3701-12-22T23:12:29	369623.25
-3700	mahendra	77.32	12.68	2.36	74.88	117.67	-123.49	9.92°	9.92	Madurai	-3701	-3701-12-22T23:12:29	369623.25
-3700	agni	75.88	14.12	3.84	78.5	112.54	-108.26	9.92°	9.92	Madurai	-3701	-3701-12-22T23:12:29	369623.25
-3700	vaśiṣṭha	79.79	10.21	13.98	55.92	85.73	76.38	9.92°	9.92	Madurai	-3701	-3701-12-22T23:12:29	369623.25
-3700	arundhatī 	79.98	10.02	13.63	56.09	85.91	76.77	9.92°	9.92	Madurai	-3701	-3701-12-22T23:12:29	369623.25
-3650	dhruva	85.11	4.89	-1	66.06	77.98	-7.09	9.92°	9.92	Madurai	-3651	-3651-12-22T23:12:29	387886.25
-3650	mārīca	82.57	7.43	-1	71.04	104.84	-130.02	9.92°	9.92	Madurai	-3651	-3651-12-22T23:12:29	387886.25
-3650	mahendra	77.17	12.83	2.33	74.88	118.37	-123.9	9.92°	9.92	Madurai	-3651	-3651-12-22T23:12:29	387886.25
-3650	agni	75.79	14.21	3.77	78.5	113.26	-108.7	9.92°	9.92	Madurai	-3651	-3651-12-22T23:12:29	387886.25
-3650	vaśiṣṭha	79.86	10.14	13.95	55.93	86.42	78.55	9.92°	9.92	Madurai	-3651	-3651-12-22T23:12:29	387886.25
-3650	arundhatī 	80.04	9.96	13.5	56.1	86.6	78.97	9.92°	9.92	Madurai	-3651	-3651-12-22T23:12:29	387886.25
-3600	dhruva	85.39	4.61	-1	66.06	78.66	-6.86	9.92°	9.92	Madurai	-3601	-3601-12-23T23:12:29	406149.25
-3600	mārīca	82.39	7.61	-1	71.04	105.53	-131.03	9.92°	9.92	Madurai	-3601	-3601-12-23T23:12:29	406149.25
-3600	mahendra	77.02	12.98	2.3	74.88	119.05	-124.31	9.92°	9.92	Madurai	-3601	-3601-12-23T23:12:29	406149.25
-3600	agni	75.7	14.3	3.71	78.5	113.96	-109.13	9.92°	9.92	Madurai	-3601	-3601-12-23T23:12:29	406149.25
-3600	vaśiṣṭha	79.91	10.09	13.94	55.93	87.11	80.72	9.92°	9.92	Madurai	-3601	-3601-12-23T23:12:29	406149.25
-3600	arundhatī 	80.09	9.91	-1	56.11	87.29	81.18	9.92°	9.92	Madurai	-3601	-3601-12-23T23:12:29	406149.25
-3550	dhruva	85.68	4.32	-1	66.06	79.37	-6.61	9.92°	9.92	Madurai	-3551	-3551-12-22T23:12:29	424411.25
-3550	mārīca	82.2	7.8	-1	71.04	106.23	-132	9.92°	9.92	Madurai	-3551	-3551-12-22T23:12:29	424411.25
-3550	mahendra	76.86	13.14	2.34	74.88	119.73	-124.71	9.92°	9.92	Madurai	-3551	-3551-12-22T23:12:29	424411.25
-3550	agni	75.61	14.39	3.72	78.5	114.67	-109.56	9.92°	9.92	Madurai	-3551	-3551-12-22T23:12:29	424411.25
-3550	vaśiṣṭha	79.95	10.05	14.02	55.93	87.81	82.95	9.92°	9.92	Madurai	-3551	-3551-12-22T23:12:29	424411.25
-3550	arundhatī 	80.13	9.87	-1	56.11	87.99	83.44	9.92°	9.92	Madurai	-3551	-3551-12-22T23:12:29	424411.25
-3500	dhruva	85.96	4.04	-1	66.07	80.06	-6.47	9.92°	9.92	Madurai	-3501	-3501-12-23T23:12:29	442674.25
-3500	mārīca	82	8	-1	71.05	106.94	-132.87	9.92°	9.92	Madurai	-3501	-3501-12-23T23:12:29	442674.25
-3500	mahendra	76.7	13.3	2.31	74.88	120.43	-125.07	9.92°	9.92	Madurai	-3501	-3501-12-23T23:12:29	442674.25
-3500	agni	75.51	14.49	3.66	78.5	115.4	-109.97	9.92°	9.92	Madurai	-3501	-3501-12-23T23:12:29	442674.25
-3500	vaśiṣṭha	79.98	10.02	14.02	55.94	88.5	85.18	9.92°	9.92	Madurai	-3501	-3501-12-23T23:12:29	442674.25
-3500	arundhatī 	80.16	9.84	-1	56.12	88.68	85.7	9.92°	9.92	Madurai	-3501	-3501-12-23T23:12:29	442674.25
-3450	dhruva	86.24	3.76	-1	66.08	80.75	-6.3	9.92°	9.92	Madurai	-3451	-3451-12-23T23:12:29	460937.25
-3450	mārīca	81.81	8.19	-1	71.05	107.64	-133.7	9.92°	9.92	Madurai	-3451	-3451-12-23T23:12:29	460937.25
-3450	mahendra	76.55	13.45	2.28	74.87	121.11	-125.42	9.92°	9.92	Madurai	-3451	-3451-12-23T23:12:29	460937.25
-3450	agni	75.41	14.59	3.6	78.51	116.1	-110.37	9.92°	9.92	Madurai	-3451	-3451-12-23T23:12:29	460937.25
-3450	vaśiṣṭha	80	10	14.05	55.95	89.19	87.39	9.92°	9.92	Madurai	-3451	-3451-12-23T23:12:29	460937.25
-3450	arundhatī 	80.18	9.82	-1	56.12	89.37	87.94	9.92°	9.92	Madurai	-3451	-3451-12-23T23:12:29	460937.25
-3400	dhruva	86.52	3.48	-1	66.08	81.45	-6.09	9.92°	9.92	Madurai	-3401	-3401-12-23T23:12:29	479199.25
-3400	mārīca	81.62	8.38	-1	71.05	108.34	-134.5	9.92°	9.92	Madurai	-3401	-3401-12-23T23:12:29	479199.25
-3400	mahendra	76.39	13.61	2.31	74.87	121.79	-125.77	9.92°	9.92	Madurai	-3401	-3401-12-23T23:12:29	479199.25
-3400	agni	75.32	14.68	3.6	78.5	116.81	-110.77	9.92°	9.92	Madurai	-3401	-3401-12-23T23:12:29	479199.25
-3400	vaśiṣṭha	80.01	9.99	14.2	55.95	89.89	89.64	9.92°	9.92	Madurai	-3401	-3401-12-23T23:12:29	479199.25
-3400	arundhatī 	80.18	9.82	-1	56.12	90.07	90.22	9.92°	9.92	Madurai	-3401	-3401-12-23T23:12:29	479199.25
-3350	dhruva	86.81	3.19	-1	66.08	82.15	-6.01	9.92°	9.92	Madurai	-3351	-3351-12-23T23:12:29	497462.25
-3350	mārīca	81.41	8.59	-1	71.05	109.05	-135.21	9.92°	9.92	Madurai	-3351	-3351-12-23T23:12:29	497462.25
-3350	mahendra	76.23	13.77	2.28	74.87	122.49	-126.09	9.92°	9.92	Madurai	-3351	-3351-12-23T23:12:29	497462.25
-3350	agni	75.21	14.79	3.54	78.51	117.54	-111.16	9.92°	9.92	Madurai	-3351	-3351-12-23T23:12:29	497462.25
-3350	vaśiṣṭha	80.01	9.99	14.29	55.96	90.59	91.9	9.92°	9.92	Madurai	-3351	-3351-12-23T23:12:29	497462.25
-3350	arundhatī 	80.18	9.82	-1	56.13	90.77	92.5	9.92°	9.92	Madurai	-3351	-3351-12-23T23:12:29	497462.25
-3300	dhruva	87.09	2.91	-1	66.09	82.84	-5.96	9.92°	9.92	Madurai	-3301	-3301-12-23T23:12:29	515724.25
-3300	mārīca	81.21	8.79	-1	71.06	109.75	-135.88	9.92°	9.92	Madurai	-3301	-3301-12-23T23:12:29	515724.25
-3300	mahendra	76.07	13.93	2.32	74.87	123.18	-126.39	9.92°	9.92	Madurai	-3301	-3301-12-23T23:12:29	515724.25
-3300	agni	75.11	14.89	3.55	78.51	118.25	-111.52	9.92°	9.92	Madurai	-3301	-3301-12-23T23:12:29	515724.25
-3300	vaśiṣṭha	79.99	10.01	14.48	55.97	91.28	94.11	9.92°	9.92	Madurai	-3301	-3301-12-23T23:12:29	515724.25
-3300	arundhatī 	80.16	9.84	-1	56.14	91.45	94.75	9.92°	9.92	Madurai	-3301	-3301-12-23T23:12:29	515724.25
-3250	dhruva	87.37	2.63	-1	66.09	83.53	-5.83	9.92°	9.92	Madurai	-3251	-3251-12-23T23:12:29	533987.25
-3250	mārīca	81.01	8.99	-1	71.05	110.45	-136.53	9.92°	9.92	Madurai	-3251	-3251-12-23T23:12:29	533987.25
-3250	mahendra	75.91	14.09	2.22	74.86	123.86	-126.7	9.92°	9.92	Madurai	-3251	-3251-12-23T23:12:29	533987.25
-3250	agni	75.01	14.99	3.49	78.51	118.95	-111.89	9.92°	9.92	Madurai	-3251	-3251-12-23T23:12:29	533987.25
-3250	vaśiṣṭha	79.97	10.03	14.65	55.97	91.97	96.34	9.92°	9.92	Madurai	-3251	-3251-12-23T23:12:29	533987.25
-3250	arundhatī 	80.13	9.87	-1	56.14	92.15	97	9.92°	9.92	Madurai	-3251	-3251-12-23T23:12:29	533987.25
-3200	dhruva	87.66	2.34	-1	66.09	84.24	-5.9	9.92°	9.92	Madurai	-3201	-3201-12-24T23:12:29	552250.25
-3200	mārīca	80.8	9.2	-1	71.06	111.16	-137.12	9.92°	9.92	Madurai	-3201	-3201-12-24T23:12:29	552250.25
-3200	mahendra	75.74	14.26	2.19	74.86	124.56	-126.98	9.92°	9.92	Madurai	-3201	-3201-12-24T23:12:29	552250.25
-3200	agni	74.9	15.1	3.44	78.51	119.68	-112.25	9.92°	9.92	Madurai	-3201	-3201-12-24T23:12:29	552250.25
-3200	vaśiṣṭha	79.93	10.07	14.82	55.97	92.67	98.58	9.92°	9.92	Madurai	-3201	-3201-12-24T23:12:29	552250.25
-3200	arundhatī 	80.09	9.91	-1	56.15	92.85	99.26	9.92°	9.92	Madurai	-3201	-3201-12-24T23:12:29	552250.25
-3150	dhruva	87.93	2.07	-1	66.1	84.93	-6.09	9.92°	9.92	Madurai	-3151	-3151-12-23T23:12:29	570512.25
-3150	mārīca	80.59	9.41	-1	71.06	111.86	-137.65	9.92°	9.92	Madurai	-3151	-3151-12-23T23:12:29	570512.25
-3150	mahendra	75.58	14.42	2.22	74.86	125.24	-127.23	9.92°	9.92	Madurai	-3151	-3151-12-23T23:12:29	570512.25
-3150	agni	74.79	15.21	3.45	78.51	120.39	-112.59	9.92°	9.92	Madurai	-3151	-3151-12-23T23:12:29	570512.25
-3150	vaśiṣṭha	79.89	10.11	15.06	55.98	93.36	100.77	9.92°	9.92	Madurai	-3151	-3151-12-23T23:12:29	570512.25
-3150	arundhatī 	80.05	9.95	14.68	56.16	93.54	101.47	9.92°	9.92	Madurai	-3151	-3151-12-23T23:12:29	570512.25
-3100	dhruva	88.22	1.78	-1	66.1	85.62	-6.23	9.92°	9.92	Madurai	-3101	-3101-12-24T23:12:29	588775.25
-3100	mārīca	80.38	9.62	-1	71.06	112.55	-138.18	9.92°	9.92	Madurai	-3101	-3101-12-24T23:12:29	588775.25
-3100	mahendra	75.41	14.59	2.19	74.85	125.92	-127.49	9.92°	9.92	Madurai	-3101	-3101-12-24T23:12:29	588775.25
-3100	agni	74.69	15.31	3.39	78.51	121.09	-112.92	9.92°	9.92	Madurai	-3101	-3101-12-24T23:12:29	588775.25
-3100	vaśiṣṭha	79.83	10.17	15.26	55.98	94.05	102.94	9.92°	9.92	Madurai	-3101	-3101-12-24T23:12:29	588775.25
-3100	arundhatī 	79.98	10.02	14.99	56.16	94.23	103.66	9.92°	9.92	Madurai	-3101	-3101-12-24T23:12:29	588775.25
-3050	dhruva	88.5	1.5	-1	66.11	86.32	-6.7	9.92°	9.92	Madurai	-3051	-3051-12-23T23:12:29	607037.25
-3050	mārīca	80.17	9.83	-1	71.06	113.27	-138.66	9.92°	9.92	Madurai	-3051	-3051-12-23T23:12:29	607037.25
-3050	mahendra	75.24	14.76	2.22	74.85	126.62	-127.74	9.92°	9.92	Madurai	-3051	-3051-12-23T23:12:29	607037.25
-3050	agni	74.57	15.43	3.4	78.51	121.82	-113.25	9.92°	9.92	Madurai	-3051	-3051-12-23T23:12:29	607037.25
-3050	vaśiṣṭha	79.76	10.24	15.52	55.99	94.76	105.12	9.92°	9.92	Madurai	-3051	-3051-12-23T23:12:29	607037.25
-3050	arundhatī 	79.91	10.09	15.31	56.16	94.93	105.86	9.92°	9.92	Madurai	-3051	-3051-12-23T23:12:29	607037.25
-3000	dhruva	88.78	1.22	-1	66.11	87.02	-7.7	9.92°	9.92	Madurai	-3001	-3001-12-24T23:12:29	625300.25
-3000	mārīca	79.95	10.05	22.8	71.07	113.97	-139.08	9.92°	9.92	Madurai	-3001	-3001-12-24T23:12:29	625300.25
-3000	mahendra	75.07	14.93	2.19	74.85	127.31	-127.95	9.92°	9.92	Madurai	-3001	-3001-12-24T23:12:29	625300.25
-3000	agni	74.46	15.54	3.35	78.51	122.54	-113.56	9.92°	9.92	Madurai	-3001	-3001-12-24T23:12:29	625300.25
-3000	vaśiṣṭha	79.68	10.32	15.71	56	95.45	107.25	9.92°	9.92	Madurai	-3001	-3001-12-24T23:12:29	625300.25
-3000	arundhatī 	79.83	10.17	15.54	56.17	95.63	108.01	9.92°	9.92	Madurai	-3001	-3001-12-24T23:12:29	625300.25
-2950	dhruva	89.06	0.94	-1	66.11	87.71	-9.05	9.92°	9.92	Madurai	-2951	-2951-12-24T23:12:29	643563.25
-2950	mārīca	79.74	10.26	23.1	71.07	114.66	-139.5	9.92°	9.92	Madurai	-2951	-2951-12-24T23:12:29	643563.25
-2950	mahendra	74.91	15.09	2.16	74.85	127.99	-128.17	9.92°	9.92	Madurai	-2951	-2951-12-24T23:12:29	643563.25
-2950	agni	74.35	15.65	3.29	78.51	123.24	-113.87	9.92°	9.92	Madurai	-2951	-2951-12-24T23:12:29	643563.25
-2950	vaśiṣṭha	79.59	10.41	15.9	56	96.14	109.33	9.92°	9.92	Madurai	-2951	-2951-12-24T23:12:29	643563.25
-2950	arundhatī 	79.74	10.26	15.77	56.17	96.32	110.11	9.92°	9.92	Madurai	-2951	-2951-12-24T23:12:29	643563.25
-2900	dhruva	89.34	0.66	-1	66.12	88.41	-12.01	9.92°	9.92	Madurai	-2901	-2901-12-24T23:12:29	661825.25
-2900	mārīca	79.53	10.47	23.35	71.07	115.37	-139.89	9.92°	9.92	Madurai	-2901	-2901-12-24T23:12:29	661825.25
-2900	mahendra	74.74	15.26	2.19	74.84	128.68	-128.38	9.92°	9.92	Madurai	-2901	-2901-12-24T23:12:29	661825.25
-2900	agni	74.23	15.77	3.31	78.51	123.96	-114.17	9.92°	9.92	Madurai	-2901	-2901-12-24T23:12:29	661825.25
-2900	vaśiṣṭha	79.49	10.51	16.16	56	96.84	111.42	9.92°	9.92	Madurai	-2901	-2901-12-24T23:12:29	661825.25
-2900	arundhatī 	79.63	10.37	16.05	56.18	97.02	112.21	9.92°	9.92	Madurai	-2901	-2901-12-24T23:12:29	661825.25
-2850	dhruva	89.61	0.39	-1	66.12	89.11	-20.45	9.92°	9.92	Madurai	-2851	-2851-12-24T23:12:29	680088.25
-2850	mārīca	79.31	10.69	23.48	71.07	116.08	-140.23	9.92°	9.92	Madurai	-2851	-2851-12-24T23:12:29	680088.25
-2850	mahendra	74.57	15.43	2.16	74.84	129.38	-128.56	9.92°	9.92	Madurai	-2851	-2851-12-24T23:12:29	680088.25
-2850	agni	74.11	15.89	3.25	78.52	124.68	-114.45	9.92°	9.92	Madurai	-2851	-2851-12-24T23:12:29	680088.25
-2850	vaśiṣṭha	79.39	10.61	16.34	56.01	97.54	113.47	9.92°	9.92	Madurai	-2851	-2851-12-24T23:12:29	680088.25
-2850	arundhatī 	79.53	10.47	16.25	56.19	97.71	114.27	9.92°	9.92	Madurai	-2851	-2851-12-24T23:12:29	680088.25
-2800	dhruva	89.85	0.15	-1	66.13	89.8	-57.79	9.92°	9.92	Madurai	-2801	-2801-12-25T23:12:29	698351.25
-2800	mārīca	79.09	10.91	23.58	71.07	116.78	-140.55	9.92°	9.92	Madurai	-2801	-2801-12-25T23:12:29	698351.25
-2800	mahendra	74.4	15.6	2.12	74.84	130.06	-128.75	9.92°	9.92	Madurai	-2801	-2801-12-25T23:12:29	698351.25
-2800	agni	74	16	3.2	78.52	125.39	-114.73	9.92°	9.92	Madurai	-2801	-2801-12-25T23:12:29	698351.25
-2800	vaśiṣṭha	79.27	10.73	16.52	56.02	98.23	115.45	9.92°	9.92	Madurai	-2801	-2801-12-25T23:12:29	698351.25
-2800	arundhatī 	79.41	10.59	16.45	56.19	98.4	116.25	9.92°	9.92	Madurai	-2801	-2801-12-25T23:12:29	698351.25
-2750	dhruva	89.76	0.24	-1	66.13	90.5	-148.06	9.92°	9.92	Madurai	-2751	-2751-12-24T23:12:29	716613.25
-2750	mārīca	78.87	11.13	23.73	71.07	117.48	-140.87	9.92°	9.92	Madurai	-2751	-2751-12-24T23:12:29	716613.25
-2750	mahendra	74.23	15.77	2.15	74.83	130.75	-128.92	9.92°	9.92	Madurai	-2751	-2751-12-24T23:12:29	716613.25
-2750	agni	73.88	16.12	3.21	78.51	126.1	-115	9.92°	9.92	Madurai	-2751	-2751-12-24T23:12:29	716613.25
-2750	vaśiṣṭha	79.14	10.86	16.77	56.02	98.93	117.42	9.92°	9.92	Madurai	-2751	-2751-12-24T23:12:29	716613.25
-2750	arundhatī 	79.27	10.73	16.71	56.19	99.1	118.23	9.92°	9.92	Madurai	-2751	-2751-12-24T23:12:29	716613.25
-2700	dhruva	89.5	0.5	-1	66.14	91.2	-164.65	9.92°	9.92	Madurai	-2701	-2701-12-25T23:12:29	734876.25
-2700	mārīca	78.65	11.35	23.8	71.08	118.2	-141.12	9.92°	9.92	Madurai	-2701	-2701-12-25T23:12:29	734876.25
-2700	mahendra	74.05	15.95	2.12	74.83	131.45	-129.07	9.92°	9.92	Madurai	-2701	-2701-12-25T23:12:29	734876.25
-2700	agni	73.76	16.24	3.16	78.52	126.83	-115.26	9.92°	9.92	Madurai	-2701	-2701-12-25T23:12:29	734876.25
-2700	vaśiṣṭha	79.01	10.99	16.94	56.03	99.63	119.36	9.92°	9.92	Madurai	-2701	-2701-12-25T23:12:29	734876.25
-2700	arundhatī 	79.14	10.86	16.9	56.2	99.8	120.18	9.92°	9.92	Madurai	-2701	-2701-12-25T23:12:29	734876.25
-2650	dhruva	89.22	0.78	-1	66.14	91.89	-169.71	9.92°	9.92	Madurai	-2651	-2651-12-24T23:12:29	753138.25
-2650	mārīca	78.43	11.57	23.92	71.08	118.89	-141.38	9.92°	9.92	Madurai	-2651	-2651-12-24T23:12:29	753138.25
-2650	mahendra	73.88	16.12	2.15	74.83	132.13	-129.22	9.92°	9.92	Madurai	-2651	-2651-12-24T23:12:29	753138.25
-2650	agni	73.64	16.36	3.18	78.52	127.53	-115.5	9.92°	9.92	Madurai	-2651	-2651-12-24T23:12:29	753138.25
-2650	vaśiṣṭha	78.87	11.13	17.17	56.03	100.31	121.22	9.92°	9.92	Madurai	-2651	-2651-12-24T23:12:29	753138.25
-2650	arundhatī 	79	11	17.14	56.21	100.49	122.05	9.92°	9.92	Madurai	-2651	-2651-12-24T23:12:29	753138.25
-2600	dhruva	88.94	1.06	-1	66.14	92.59	-172.17	9.92°	9.92	Madurai	-2601	-2601-12-25T23:12:29	771401.25
-2600	mārīca	78.21	11.79	23.96	71.08	119.59	-141.62	9.92°	9.92	Madurai	-2601	-2601-12-25T23:12:29	771401.25
-2600	mahendra	73.71	16.29	2.12	74.82	132.81	-129.37	9.92°	9.92	Madurai	-2601	-2601-12-25T23:12:29	771401.25
-2600	agni	73.52	16.48	3.12	78.52	128.24	-115.75	9.92°	9.92	Madurai	-2601	-2601-12-25T23:12:29	771401.25
-2600	vaśiṣṭha	78.72	11.28	17.34	56.03	101.01	123.07	9.92°	9.92	Madurai	-2601	-2601-12-25T23:12:29	771401.25
-2600	arundhatī 	78.84	11.16	17.32	56.21	101.19	123.89	9.92°	9.92	Madurai	-2601	-2601-12-25T23:12:29	771401.25
-2550	dhruva	88.66	1.34	-1	66.15	93.29	-173.16	9.92°	9.92	Madurai	-2551	-2551-12-25T23:12:29	789664.25
-2550	mārīca	77.98	12.02	0	71.08	120.31	-141.82	9.92°	9.92	Madurai	-2551	-2551-12-25T23:12:29	789664.25
-2550	mahendra	73.53	16.47	2.08	74.82	133.51	-129.49	9.92°	9.92	Madurai	-2551	-2551-12-25T23:12:29	789664.25
-2550	agni	73.4	16.6	3.07	78.52	128.97	-115.98	9.92°	9.92	Madurai	-2551	-2551-12-25T23:12:29	789664.25
-2550	vaśiṣṭha	78.56	11.44	17.5	56.04	101.72	124.89	9.92°	9.92	Madurai	-2551	-2551-12-25T23:12:29	789664.25
-2550	arundhatī 	78.68	11.32	17.48	56.22	101.89	125.72	9.92°	9.92	Madurai	-2551	-2551-12-25T23:12:29	789664.25
-2500	dhruva	88.38	1.62	-1	66.15	93.99	-173.77	9.92°	9.92	Madurai	-2501	-2501-12-25T23:12:29	807926.25
-2500	mārīca	77.76	12.24	0.1	71.08	121.01	-142	9.92°	9.92	Madurai	-2501	-2501-12-25T23:12:29	807926.25
-2500	mahendra	73.36	16.64	2.12	74.82	134.2	-129.6	9.92°	9.92	Madurai	-2501	-2501-12-25T23:12:29	807926.25
-2500	agni	73.27	16.73	3.09	78.52	129.68	-116.2	9.92°	9.92	Madurai	-2501	-2501-12-25T23:12:29	807926.25
-2500	vaśiṣṭha	78.4	11.6	17.71	56.05	102.4	126.63	9.92°	9.92	Madurai	-2501	-2501-12-25T23:12:29	807926.25
-2500	arundhatī 	78.51	11.49	17.7	56.22	102.58	127.46	9.92°	9.92	Madurai	-2501	-2501-12-25T23:12:29	807926.25
-2450	dhruva	88.1	1.9	-1	66.15	94.68	-174.27	9.92°	9.92	Madurai	-2451	-2451-12-25T23:12:29	826189.25
-2450	mārīca	77.54	12.46	0.12	71.08	121.71	-142.19	9.92°	9.92	Madurai	-2451	-2451-12-25T23:12:29	826189.25
-2450	mahendra	73.19	16.81	2.08	74.82	134.88	-129.72	9.92°	9.92	Madurai	-2451	-2451-12-25T23:12:29	826189.25
-2450	agni	73.15	16.85	3.04	78.52	130.39	-116.42	9.92°	9.92	Madurai	-2451	-2451-12-25T23:12:29	826189.25
-2450	vaśiṣṭha	78.23	11.77	17.86	56.05	103.1	128.34	9.92°	9.92	Madurai	-2451	-2451-12-25T23:12:29	826189.25
-2450	arundhatī 	78.34	11.66	17.86	56.22	103.28	129.17	9.92°	9.92	Madurai	-2451	-2451-12-25T23:12:29	826189.25
-2400	dhruva	87.81	2.19	-1	66.15	95.39	-174.4	9.92°	9.92	Madurai	-2401	-2401-12-26T23:12:29	844452.25
-2400	mārīca	77.32	12.68	0.15	71.08	122.42	-142.33	9.92°	9.92	Madurai	-2401	-2401-12-26T23:12:29	844452.25
-2400	mahendra	73.01	16.99	2.05	74.81	135.58	-129.81	9.92°	9.92	Madurai	-2401	-2401-12-26T23:12:29	844452.25
-2400	agni	73.02	16.98	2.99	78.52	131.12	-116.63	9.92°	9.92	Madurai	-2401	-2401-12-26T23:12:29	844452.25
-2400	vaśiṣṭha	78.05	11.95	18.01	56.06	103.81	130.04	9.92°	9.92	Madurai	-2401	-2401-12-26T23:12:29	844452.25
-2400	arundhatī 	78.15	11.85	18.01	56.23	103.98	130.86	9.92°	9.92	Madurai	-2401	-2401-12-26T23:12:29	844452.25
-2350	dhruva	87.53	2.47	-1	66.16	96.08	-174.41	9.92°	9.92	Madurai	-2351	-2351-12-25T23:12:29	862714.25
-2350	mārīca	77.09	12.91	0.23	71.09	123.12	-142.46	9.92°	9.92	Madurai	-2351	-2351-12-25T23:12:29	862714.25
-2350	mahendra	72.83	17.17	2.08	74.81	136.27	-129.9	9.92°	9.92	Madurai	-2351	-2351-12-25T23:12:29	862714.25
-2350	agni	72.89	17.11	3	78.52	131.84	-116.82	9.92°	9.92	Madurai	-2351	-2351-12-25T23:12:29	862714.25
-2350	vaśiṣṭha	77.87	12.13	18.21	56.06	104.5	131.67	9.92°	9.92	Madurai	-2351	-2351-12-25T23:12:29	862714.25
-2350	arundhatī 	77.97	12.03	18.21	56.24	104.67	132.49	9.92°	9.92	Madurai	-2351	-2351-12-25T23:12:29	862714.25
-2300	dhruva	87.25	2.75	-1	66.16	96.78	-174.5	9.92°	9.92	Madurai	-2301	-2301-12-26T23:12:29	880977.25
-2300	mārīca	76.87	13.13	0.24	71.09	123.82	-142.59	9.92°	9.92	Madurai	-2301	-2301-12-26T23:12:29	880977.25
-2300	mahendra	72.66	17.34	2.04	74.81	136.95	-129.99	9.92°	9.92	Madurai	-2301	-2301-12-26T23:12:29	880977.25
-2300	agni	72.77	17.23	2.89	78.52	132.54	-117.02	9.92°	9.92	Madurai	-2301	-2301-12-26T23:12:29	880977.25
-2300	vaśiṣṭha	77.67	12.33	18.34	56.06	105.19	133.25	9.92°	9.92	Madurai	-2301	-2301-12-26T23:12:29	880977.25
-2300	arundhatī 	77.77	12.23	18.35	56.24	105.37	134.06	9.92°	9.92	Madurai	-2301	-2301-12-26T23:12:29	880977.25
-2250	dhruva	86.97	3.03	-1	66.16	97.48	-174.42	9.92°	9.92	Madurai	-2251	-2251-12-25T23:12:29	899239.25
-2250	mārīca	76.64	13.36	0.32	71.09	124.53	-142.7	9.92°	9.92	Madurai	-2251	-2251-12-25T23:12:29	899239.25
-2250	mahendra	72.48	17.52	2.07	74.8	137.65	-130.06	9.92°	9.92	Madurai	-2251	-2251-12-25T23:12:29	899239.25
-2250	agni	72.64	17.36	2.9	78.52	133.26	-117.2	9.92°	9.92	Madurai	-2251	-2251-12-25T23:12:29	899239.25
-2250	vaśiṣṭha	77.48	12.52	18.53	56.07	105.9	134.83	9.92°	9.92	Madurai	-2251	-2251-12-25T23:12:29	899239.25
-2250	arundhatī 	77.57	12.43	18.55	56.24	106.07	135.63	9.92°	9.92	Madurai	-2251	-2251-12-25T23:12:29	899239.25
-2200	dhruva	86.69	3.31	-1	66.17	98.18	-174.25	9.92°	9.92	Madurai	-2201	-2201-12-26T23:12:29	917502.25
-2200	mārīca	76.42	13.58	0.33	71.09	125.24	-142.77	9.92°	9.92	Madurai	-2201	-2201-12-26T23:12:29	917502.25
-2200	mahendra	72.31	17.69	2.04	74.8	138.34	-130.12	9.92°	9.92	Madurai	-2201	-2201-12-26T23:12:29	917502.25
-2200	agni	72.51	17.49	2.86	78.52	133.99	-117.37	9.92°	9.92	Madurai	-2201	-2201-12-26T23:12:29	917502.25
-2200	vaśiṣṭha	77.28	12.72	18.66	56.08	106.59	136.35	9.92°	9.92	Madurai	-2201	-2201-12-26T23:12:29	917502.25
-2200	arundhatī 	77.37	12.63	18.67	56.25	106.77	137.15	9.92°	9.92	Madurai	-2201	-2201-12-26T23:12:29	917502.25
-2150	dhruva	86.41	3.59	-1	66.17	98.87	-174.17	9.92°	9.92	Madurai	-2151	-2151-12-26T23:12:29	935765.25
-2150	mārīca	76.2	13.8	0.33	71.09	125.94	-142.86	9.92°	9.92	Madurai	-2151	-2151-12-26T23:12:29	935765.25
-2150	mahendra	72.13	17.87	2	74.8	139.02	-130.19	9.92°	9.92	Madurai	-2151	-2151-12-26T23:12:29	935765.25
-2150	agni	72.38	17.62	2.81	78.52	134.69	-117.54	9.92°	9.92	Madurai	-2151	-2151-12-26T23:12:29	935765.25
-2150	vaśiṣṭha	77.07	12.93	18.77	56.08	107.28	137.81	9.92°	9.92	Madurai	-2151	-2151-12-26T23:12:29	935765.25
-2150	arundhatī 	77.16	12.84	18.79	56.25	107.46	138.6	9.92°	9.92	Madurai	-2151	-2151-12-26T23:12:29	935765.25
-2100	dhruva	86.12	3.88	-1	66.17	99.58	-174.02	9.92°	9.92	Madurai	-2101	-2101-12-26T23:12:29	954027.25
-2100	mārīca	75.97	14.03	0.4	71.09	126.65	-142.93	9.92°	9.92	Madurai	-2101	-2101-12-26T23:12:29	954027.25
-2100	mahendra	71.96	18.04	2.03	74.79	139.71	-130.24	9.92°	9.92	Madurai	-2101	-2101-12-26T23:12:29	954027.25
-2100	agni	72.25	17.75	2.82	78.52	135.41	-117.71	9.92°	9.92	Madurai	-2101	-2101-12-26T23:12:29	954027.25
-2100	vaśiṣṭha	76.86	13.14	18.95	56.08	107.99	139.26	9.92°	9.92	Madurai	-2101	-2101-12-26T23:12:29	954027.25
-2100	arundhatī 	76.94	13.06	18.97	56.26	108.16	140.05	9.92°	9.92	Madurai	-2101	-2101-12-26T23:12:29	954027.25
-2050	dhruva	85.84	4.16	-1	66.18	100.28	-173.77	9.92°	9.92	Madurai	-2051	-2051-12-26T23:12:29	972290.25
-2050	mārīca	75.74	14.26	0.4	71.09	127.36	-142.97	9.92°	9.92	Madurai	-2051	-2051-12-26T23:12:29	972290.25
-2050	mahendra	71.78	18.22	2	74.79	140.41	-130.27	9.92°	9.92	Madurai	-2051	-2051-12-26T23:12:29	972290.25
-2050	agni	72.12	17.88	2.78	78.52	136.14	-117.85	9.92°	9.92	Madurai	-2051	-2051-12-26T23:12:29	972290.25
-2050	vaśiṣṭha	76.64	13.36	19.06	56.09	108.69	140.68	9.92°	9.92	Madurai	-2051	-2051-12-26T23:12:29	972290.25
-2050	arundhatī 	76.73	13.27	19.08	56.27	108.86	141.46	9.92°	9.92	Madurai	-2051	-2051-12-26T23:12:29	972290.25
-2000	dhruva	85.56	4.44	-1	66.18	100.97	-173.61	9.92°	9.92	Madurai	-2001	-2001-12-26T23:12:29	990552.25
-2000	mārīca	75.52	14.48	0.46	71.09	128.06	-143.01	9.92°	9.92	Madurai	-2001	-2001-12-26T23:12:29	990552.25
-2000	mahendra	71.6	18.4	2.03	74.79	141.09	-130.31	9.92°	9.92	Madurai	-2001	-2001-12-26T23:12:29	990552.25
-2000	agni	71.99	18.01	2.79	78.52	136.84	-118	9.92°	9.92	Madurai	-2001	-2001-12-26T23:12:29	990552.25
-2000	vaśiṣṭha	76.42	13.58	19.23	56.09	109.38	142.03	9.92°	9.92	Madurai	-2001	-2001-12-26T23:12:29	990552.25
-2000	arundhatī 	76.51	13.49	19.25	56.27	109.55	142.8	9.92°	9.92	Madurai	-2001	-2001-12-26T23:12:29	990552.25
-1950	dhruva	85.28	4.72	-1	66.18	101.68	-173.42	9.92°	9.92	Madurai	-1951	-1951-12-26T23:12:29	1008815.25
-1950	mārīca	75.29	14.71	0.46	71.09	128.76	-143.05	9.92°	9.92	Madurai	-1951	-1951-12-26T23:12:29	1008815.25
-1950	mahendra	71.42	18.58	1.99	74.78	141.78	-130.34	9.92°	9.92	Madurai	-1951	-1951-12-26T23:12:29	1008815.25
-1950	agni	71.86	18.14	2.75	78.52	137.55	-118.14	9.92°	9.92	Madurai	-1951	-1951-12-26T23:12:29	1008815.25
-1950	vaśiṣṭha	76.19	13.81	19.33	56.1	110.08	143.37	9.92°	9.92	Madurai	-1951	-1951-12-26T23:12:29	1008815.25
-1950	arundhatī 	76.28	13.72	19.35	56.27	110.26	144.13	9.92°	9.92	Madurai	-1951	-1951-12-26T23:12:29	1008815.25
-1900	dhruva	85	5	-1	66.19	102.38	-173.14	9.92°	9.92	Madurai	-1901	-1901-12-27T23:12:29	1027078.25
-1900	mārīca	75.06	14.94	0.45	71.1	129.48	-143.05	9.92°	9.92	Madurai	-1901	-1901-12-27T23:12:29	1027078.25
-1900	mahendra	71.24	18.76	1.96	74.78	142.49	-130.36	9.92°	9.92	Madurai	-1901	-1901-12-27T23:12:29	1027078.25
-1900	agni	71.72	18.28	2.7	78.52	138.29	-118.27	9.92°	9.92	Madurai	-1901	-1901-12-27T23:12:29	1027078.25
-1900	vaśiṣṭha	75.97	14.03	19.42	56.11	110.78	144.69	9.92°	9.92	Madurai	-1901	-1901-12-27T23:12:29	1027078.25
-1900	arundhatī 	76.05	13.95	19.45	56.28	110.96	145.44	9.92°	9.92	Madurai	-1901	-1901-12-27T23:12:29	1027078.25
-1850	dhruva	84.72	5.28	-1	66.19	103.07	-172.92	9.92°	9.92	Madurai	-1851	-1851-12-26T23:12:29	1045340.25
-1850	mārīca	74.84	15.16	0.51	71.1	130.18	-143.06	9.92°	9.92	Madurai	-1851	-1851-12-26T23:12:29	1045340.25
-1850	mahendra	71.07	18.93	1.99	74.78	143.17	-130.37	9.92°	9.92	Madurai	-1851	-1851-12-26T23:12:29	1045340.25
-1850	agni	71.59	18.41	2.72	78.52	138.99	-118.39	9.92°	9.92	Madurai	-1851	-1851-12-26T23:12:29	1045340.25
-1850	vaśiṣṭha	75.74	14.26	19.57	56.11	111.47	145.94	9.92°	9.92	Madurai	-1851	-1851-12-26T23:12:29	1045340.25
-1850	arundhatī 	75.82	14.18	19.6	56.28	111.65	146.69	9.92°	9.92	Madurai	-1851	-1851-12-26T23:12:29	1045340.25
-1800	dhruva	84.44	5.56	-1	66.19	103.77	-172.71	9.92°	9.92	Madurai	-1801	-1801-12-27T23:12:29	1063603.25
-1800	mārīca	74.62	15.38	0.5	71.1	130.88	-143.07	9.92°	9.92	Madurai	-1801	-1801-12-27T23:12:29	1063603.25
-1800	mahendra	70.89	19.11	1.95	74.77	143.85	-130.39	9.92°	9.92	Madurai	-1801	-1801-12-27T23:12:29	1063603.25
-1800	agni	71.46	18.54	2.67	78.52	139.7	-118.51	9.92°	9.92	Madurai	-1801	-1801-12-27T23:12:29	1063603.25
-1800	vaśiṣṭha	75.5	14.5	19.66	56.11	112.17	147.18	9.92°	9.92	Madurai	-1801	-1801-12-27T23:12:29	1063603.25
-1800	arundhatī 	75.58	14.42	19.69	56.28	112.35	147.92	9.92°	9.92	Madurai	-1801	-1801-12-27T23:12:29	1063603.25
-1750	dhruva	84.16	5.84	-1	66.2	104.48	-172.42	9.92°	9.92	Madurai	-1751	-1751-12-27T23:12:29	1081866.25
-1750	mārīca	74.39	15.61	0.49	71.1	131.6	-143.04	9.92°	9.92	Madurai	-1751	-1751-12-27T23:12:29	1081866.25
-1750	mahendra	70.71	19.29	1.92	74.77	144.56	-130.38	9.92°	9.92	Madurai	-1751	-1751-12-27T23:12:29	1081866.25
-1750	agni	71.32	18.68	2.62	78.52	140.44	-118.62	9.92°	9.92	Madurai	-1751	-1751-12-27T23:12:29	1081866.25
-1750	vaśiṣṭha	75.26	14.74	19.74	56.12	112.88	148.41	9.92°	9.92	Madurai	-1751	-1751-12-27T23:12:29	1081866.25
-1750	arundhatī 	75.34	14.66	19.77	56.29	113.05	149.14	9.92°	9.92	Madurai	-1751	-1751-12-27T23:12:29	1081866.25
-1700	dhruva	83.88	6.12	-1	66.2	105.17	-172.16	9.92°	9.92	Madurai	-1701	-1701-12-27T23:12:29	1100128.25
-1700	mārīca	74.16	15.84	0.55	71.1	132.3	-143.02	9.92°	9.92	Madurai	-1701	-1701-12-27T23:12:29	1100128.25
-1700	mahendra	70.54	19.46	1.95	74.77	145.24	-130.38	9.92°	9.92	Madurai	-1701	-1701-12-27T23:12:29	1100128.25
-1700	agni	71.19	18.81	2.64	78.52	141.15	-118.72	9.92°	9.92	Madurai	-1701	-1701-12-27T23:12:29	1100128.25
-1700	vaśiṣṭha	75.02	14.98	19.89	56.12	113.57	149.58	9.92°	9.92	Madurai	-1701	-1701-12-27T23:12:29	1100128.25
-1700	arundhatī 	75.09	14.91	19.92	56.3	113.75	150.3	9.92°	9.92	Madurai	-1701	-1701-12-27T23:12:29	1100128.25
-1650	dhruva	83.6	6.4	-1	66.2	105.87	-171.93	9.92°	9.92	Madurai	-1651	-1651-12-27T23:12:29	1118391.25
-1650	mārīca	73.94	16.06	0.54	71.1	133	-143	9.92°	9.92	Madurai	-1651	-1651-12-27T23:12:29	1118391.25
-1650	mahendra	70.36	19.64	1.91	74.76	145.92	-130.37	9.92°	9.92	Madurai	-1651	-1651-12-27T23:12:29	1118391.25
-1650	agni	71.06	18.94	2.6	78.52	141.85	-118.82	9.92°	9.92	Madurai	-1651	-1651-12-27T23:12:29	1118391.25
-1650	vaśiṣṭha	74.77	15.23	19.96	56.12	114.27	150.73	9.92°	9.92	Madurai	-1651	-1651-12-27T23:12:29	1118391.25
-1650	arundhatī 	74.85	15.15	19.99	56.3	114.44	151.44	9.92°	9.92	Madurai	-1651	-1651-12-27T23:12:29	1118391.25
-1600	dhruva	83.32	6.68	-1	66.21	106.58	-171.64	9.92°	9.92	Madurai	-1601	-1601-12-27T23:12:29	1136653.25
-1600	mārīca	73.71	16.29	0.59	71.1	133.72	-142.95	9.92°	9.92	Madurai	-1601	-1601-12-27T23:12:29	1136653.25
-1600	mahendra	70.18	19.82	1.94	74.76	146.63	-130.35	9.92°	9.92	Madurai	-1601	-1601-12-27T23:12:29	1136653.25
-1600	agni	70.92	19.08	2.61	78.52	142.58	-118.91	9.92°	9.92	Madurai	-1601	-1601-12-27T23:12:29	1136653.25
-1600	vaśiṣṭha	74.53	15.47	20.1	56.13	114.97	151.87	9.92°	9.92	Madurai	-1601	-1601-12-27T23:12:29	1136653.25
-1600	arundhatī 	74.6	15.4	20.13	56.3	115.15	152.57	9.92°	9.92	Madurai	-1601	-1601-12-27T23:12:29	1136653.25
-1550	dhruva	83.04	6.96	-1	66.21	107.28	-171.36	9.92°	9.92	Madurai	-1551	-1551-12-27T23:12:29	1154916.25
-1550	mārīca	73.49	16.51	0.58	71.1	134.42	-142.89	9.92°	9.92	Madurai	-1551	-1551-12-27T23:12:29	1154916.25
-1550	mahendra	70	20	1.91	74.76	147.32	-130.32	9.92°	9.92	Madurai	-1551	-1551-12-27T23:12:29	1154916.25
-1550	agni	70.78	19.22	2.57	78.52	143.3	-118.99	9.92°	9.92	Madurai	-1551	-1551-12-27T23:12:29	1154916.25
-1550	vaśiṣṭha	74.28	15.72	20.16	56.14	115.67	152.97	9.92°	9.92	Madurai	-1551	-1551-12-27T23:12:29	1154916.25
-1550	arundhatī 	74.35	15.65	20.2	56.31	115.84	153.66	9.92°	9.92	Madurai	-1551	-1551-12-27T23:12:29	1154916.25
-1500	dhruva	82.76	7.24	-1	66.21	107.97	-171.11	9.92°	9.92	Madurai	-1501	-1501-12-28T23:12:29	1173179.25
-1500	mārīca	73.27	16.73	0.56	71.1	135.12	-142.85	9.92°	9.92	Madurai	-1501	-1501-12-28T23:12:29	1173179.25
-1500	mahendra	69.83	20.17	1.87	74.75	148	-130.3	9.92°	9.92	Madurai	-1501	-1501-12-28T23:12:29	1173179.25
-1500	agni	70.65	19.35	2.52	78.52	144	-119.07	9.92°	9.92	Madurai	-1501	-1501-12-28T23:12:29	1173179.25
-1500	vaśiṣṭha	74.03	15.97	20.23	56.14	116.36	154.03	9.92°	9.92	Madurai	-1501	-1501-12-28T23:12:29	1173179.25
-1500	arundhatī 	74.09	15.91	20.26	56.31	116.54	154.72	9.92°	9.92	Madurai	-1501	-1501-12-28T23:12:29	1173179.25
-1450	dhruva	82.48	7.52	-1	66.22	108.68	-170.82	9.92°	9.92	Madurai	-1451	-1451-12-27T23:12:29	1191441.25
-1450	mārīca	73.04	16.96	0.61	71.1	135.84	-142.78	9.92°	9.92	Madurai	-1451	-1451-12-27T23:12:29	1191441.25
-1450	mahendra	69.65	20.35	1.9	74.75	148.7	-130.27	9.92°	9.92	Madurai	-1451	-1451-12-27T23:12:29	1191441.25
-1450	agni	70.51	19.49	2.54	78.52	144.73	-119.14	9.92°	9.92	Madurai	-1451	-1451-12-27T23:12:29	1191441.25
-1450	vaśiṣṭha	73.77	16.23	20.35	56.14	117.07	155.1	9.92°	9.92	Madurai	-1451	-1451-12-27T23:12:29	1191441.25
-1450	arundhatī 	73.83	16.17	20.39	56.32	117.25	155.78	9.92°	9.92	Madurai	-1451	-1451-12-27T23:12:29	1191441.25
-1400	dhruva	82.2	7.8	-1	66.22	109.38	-170.52	9.92°	9.92	Madurai	-1401	-1401-12-28T23:12:29	1209704.25
-1400	mārīca	72.81	17.19	0.6	71.11	136.55	-142.7	9.92°	9.92	Madurai	-1401	-1401-12-28T23:12:29	1209704.25
-1400	mahendra	69.47	20.53	1.87	74.75	149.4	-130.22	9.92°	9.92	Madurai	-1401	-1401-12-28T23:12:29	1209704.25
-1400	agni	70.37	19.63	2.5	78.52	145.46	-119.2	9.92°	9.92	Madurai	-1401	-1401-12-28T23:12:29	1209704.25
-1400	vaśiṣṭha	73.51	16.49	20.41	56.15	117.77	156.14	9.92°	9.92	Madurai	-1401	-1401-12-28T23:12:29	1209704.25
-1400	arundhatī 	73.58	16.42	20.45	56.32	117.95	156.8	9.92°	9.92	Madurai	-1401	-1401-12-28T23:12:29	1209704.25
-1350	dhruva	81.93	8.07	-1	66.22	110.08	-170.26	9.92°	9.92	Madurai	-1351	-1351-12-28T23:12:29	1227967.25
-1350	mārīca	72.59	17.41	0.58	71.11	137.24	-142.63	9.92°	9.92	Madurai	-1351	-1351-12-28T23:12:29	1227967.25
-1350	mahendra	69.3	20.7	1.83	74.74	150.07	-130.18	9.92°	9.92	Madurai	-1351	-1351-12-28T23:12:29	1227967.25
-1350	agni	70.24	19.76	2.45	78.52	146.16	-119.27	9.92°	9.92	Madurai	-1351	-1351-12-28T23:12:29	1227967.25
-1350	vaśiṣṭha	73.26	16.74	20.47	56.15	118.46	157.13	9.92°	9.92	Madurai	-1351	-1351-12-28T23:12:29	1227967.25
-1350	arundhatī 	73.32	16.68	20.5	56.33	118.64	157.79	9.92°	9.92	Madurai	-1351	-1351-12-28T23:12:29	1227967.25
-1300	dhruva	81.65	8.35	-1	66.22	110.79	-169.98	9.92°	9.92	Madurai	-1301	-1301-12-28T23:12:29	1246229.25
-1300	mārīca	72.37	17.63	0.63	71.11	137.96	-142.55	9.92°	9.92	Madurai	-1301	-1301-12-28T23:12:29	1246229.25
-1300	mahendra	69.12	20.88	1.86	74.74	150.77	-130.13	9.92°	9.92	Madurai	-1301	-1301-12-28T23:12:29	1246229.25
-1300	agni	70.1	19.9	2.47	78.52	146.88	-119.32	9.92°	9.92	Madurai	-1301	-1301-12-28T23:12:29	1246229.25
-1300	vaśiṣṭha	72.99	17.01	20.58	56.16	119.17	158.13	9.92°	9.92	Madurai	-1301	-1301-12-28T23:12:29	1246229.25
-1300	arundhatī 	73.05	16.95	20.62	56.33	119.35	158.78	9.92°	9.92	Madurai	-1301	-1301-12-28T23:12:29	1246229.25
-1250	dhruva	81.37	8.63	-1	66.23	111.49	-169.66	9.92°	9.92	Madurai	-1251	-1251-12-28T23:12:29	1264492.25
-1250	mārīca	72.14	17.86	0.61	71.11	138.67	-142.45	9.92°	9.92	Madurai	-1251	-1251-12-28T23:12:29	1264492.25
-1250	mahendra	68.94	21.06	1.82	74.73	151.47	-130.07	9.92°	9.92	Madurai	-1251	-1251-12-28T23:12:29	1264492.25
-1250	agni	69.96	20.04	2.43	78.52	147.62	-119.37	9.92°	9.92	Madurai	-1251	-1251-12-28T23:12:29	1264492.25
-1250	vaśiṣṭha	72.73	17.27	20.63	56.16	119.87	159.1	9.92°	9.92	Madurai	-1251	-1251-12-28T23:12:29	1264492.25
-1250	arundhatī 	72.79	17.21	20.67	56.34	120.05	159.74	9.92°	9.92	Madurai	-1251	-1251-12-28T23:12:29	1264492.25
-1200	dhruva	81.09	8.91	-1	66.23	112.18	-169.39	9.92°	9.92	Madurai	-1201	-1201-12-28T23:12:29	1282754.25
-1200	mārīca	71.92	18.08	0.66	71.11	139.37	-142.36	9.92°	9.92	Madurai	-1201	-1201-12-28T23:12:29	1282754.25
-1200	mahendra	68.77	21.23	1.85	74.73	152.15	-130.02	9.92°	9.92	Madurai	-1201	-1201-12-28T23:12:29	1282754.25
-1200	agni	69.82	20.18	2.45	78.52	148.32	-119.41	9.92°	9.92	Madurai	-1201	-1201-12-28T23:12:29	1282754.25
-1200	vaśiṣṭha	72.47	17.53	20.75	56.17	120.56	160.04	9.92°	9.92	Madurai	-1201	-1201-12-28T23:12:29	1282754.25
-1200	arundhatī 	72.53	17.47	20.78	56.34	120.74	160.67	9.92°	9.92	Madurai	-1201	-1201-12-28T23:12:29	1282754.25
-1150	dhruva	80.81	9.19	-1	66.23	112.89	-169.11	9.92°	9.92	Madurai	-1151	-1151-12-28T23:12:29	1301017.25
-1150	mārīca	71.7	18.3	0.64	71.11	140.08	-142.26	9.92°	9.92	Madurai	-1151	-1151-12-28T23:12:29	1301017.25
-1150	mahendra	68.59	21.41	1.82	74.72	152.84	-129.96	9.92°	9.92	Madurai	-1151	-1151-12-28T23:12:29	1301017.25
-1150	agni	69.69	20.31	2.4	78.52	149.03	-119.45	9.92°	9.92	Madurai	-1151	-1151-12-28T23:12:29	1301017.25
-1150	vaśiṣṭha	72.2	17.8	20.79	56.17	121.27	160.97	9.92°	9.92	Madurai	-1151	-1151-12-28T23:12:29	1301017.25
-1150	arundhatī 	72.26	17.74	20.82	56.34	121.45	161.59	9.92°	9.92	Madurai	-1151	-1151-12-28T23:12:29	1301017.25
-1100	dhruva	80.54	9.46	-1	66.24	113.6	-168.79	9.92°	9.92	Madurai	-1101	-1101-12-29T23:12:29	1319280.25
-1100	mārīca	71.47	18.53	0.62	71.11	140.8	-142.14	9.92°	9.92	Madurai	-1101	-1101-12-29T23:12:29	1319280.25
-1100	mahendra	68.41	21.59	1.78	74.72	153.55	-129.88	9.92°	9.92	Madurai	-1101	-1101-12-29T23:12:29	1319280.25
-1100	agni	69.55	20.45	2.36	78.52	149.77	-119.48	9.92°	9.92	Madurai	-1101	-1101-12-29T23:12:29	1319280.25
-1100	vaśiṣṭha	71.93	18.07	20.83	56.18	121.97	161.9	9.92°	9.92	Madurai	-1101	-1101-12-29T23:12:29	1319280.25
-1100	arundhatī 	71.99	18.01	20.87	56.35	122.15	162.51	9.92°	9.92	Madurai	-1101	-1101-12-29T23:12:29	1319280.25
-1050	dhruva	80.26	9.74	-1	66.24	114.29	-168.5	9.92°	9.92	Madurai	-1051	-1051-12-28T23:12:29	1337542.25
-1050	mārīca	71.25	18.75	0.66	71.11	141.49	-142.03	9.92°	9.92	Madurai	-1051	-1051-12-28T23:12:29	1337542.25
-1050	mahendra	68.24	21.76	1.81	74.72	154.23	-129.81	9.92°	9.92	Madurai	-1051	-1051-12-28T23:12:29	1337542.25
-1050	agni	69.41	20.59	2.38	78.52	150.48	-119.51	9.92°	9.92	Madurai	-1051	-1051-12-28T23:12:29	1337542.25
-1050	vaśiṣṭha	71.67	18.33	20.94	56.18	122.67	162.78	9.92°	9.92	Madurai	-1051	-1051-12-28T23:12:29	1337542.25
-1050	arundhatī 	71.72	18.28	20.97	56.35	122.84	163.38	9.92°	9.92	Madurai	-1051	-1051-12-28T23:12:29	1337542.25
-1000	dhruva	79.98	10.02	19.47	66.24	115	-168.22	9.92°	9.92	Madurai	-1001	-1001-12-29T23:12:29	1355805.25
-1000	mārīca	71.03	18.97	0.64	71.11	142.2	-141.91	9.92°	9.92	Madurai	-1001	-1001-12-29T23:12:29	1355805.25
-1000	mahendra	68.07	21.93	1.77	74.71	154.92	-129.74	9.92°	9.92	Madurai	-1001	-1001-12-29T23:12:29	1355805.25
-1000	agni	69.27	20.73	2.33	78.52	151.19	-119.53	9.92°	9.92	Madurai	-1001	-1001-12-29T23:12:29	1355805.25
-1000	vaśiṣṭha	71.4	18.6	20.98	56.18	123.37	163.65	9.92°	9.92	Madurai	-1001	-1001-12-29T23:12:29	1355805.25
-1000	arundhatī 	71.45	18.55	21.01	56.35	123.55	164.25	9.92°	9.92	Madurai	-1001	-1001-12-29T23:12:29	1355805.25
-950	dhruva	79.71	10.29	19.95	66.25	115.71	-167.9	9.92°	9.92	Madurai	-0951	-0951-12-29T23:12:29	1374068.25
-950	mārīca	70.81	19.19	0.62	71.11	142.92	-141.78	9.92°	9.92	Madurai	-0951	-0951-12-29T23:12:29	1374068.25
-950	mahendra	67.89	22.11	1.74	74.71	155.63	-129.65	9.92°	9.92	Madurai	-0951	-0951-12-29T23:12:29	1374068.25
-950	agni	69.13	20.87	2.29	78.52	151.93	-119.54	9.92°	9.92	Madurai	-0951	-0951-12-29T23:12:29	1374068.25
-950	vaśiṣṭha	71.12	18.88	21.01	56.19	124.08	164.53	9.92°	9.92	Madurai	-0951	-0951-12-29T23:12:29	1374068.25
-950	arundhatī 	71.18	18.82	21.04	56.36	124.25	165.12	9.92°	9.92	Madurai	-0951	-0951-12-29T23:12:29	1374068.25
-900	dhruva	79.43	10.57	20.29	66.25	116.4	-167.6	9.92°	9.92	Madurai	-0901	-0901-12-29T23:12:29	1392330.25
-900	mārīca	70.59	19.41	0.67	71.11	143.62	-141.65	9.92°	9.92	Madurai	-0901	-0901-12-29T23:12:29	1392330.25
-900	mahendra	67.71	22.29	1.77	74.71	156.31	-129.56	9.92°	9.92	Madurai	-0901	-0901-12-29T23:12:29	1392330.25
-900	agni	69	21	2.31	78.52	152.64	-119.55	9.92°	9.92	Madurai	-0901	-0901-12-29T23:12:29	1392330.25
-900	vaśiṣṭha	70.86	19.14	21.11	56.19	124.77	165.37	9.92°	9.92	Madurai	-0901	-0901-12-29T23:12:29	1392330.25
-900	arundhatī 	70.91	19.09	21.14	56.36	124.95	165.95	9.92°	9.92	Madurai	-0901	-0901-12-29T23:12:29	1392330.25
-850	dhruva	79.16	10.84	20.49	66.25	117.1	-167.32	9.92°	9.92	Madurai	-0851	-0851-12-29T23:12:29	1410593.25
-850	mārīca	70.37	19.63	0.64	71.11	144.33	-141.52	9.92°	9.92	Madurai	-0851	-0851-12-29T23:12:29	1410593.25
-850	mahendra	67.54	22.46	1.73	74.7	157	-129.48	9.92°	9.92	Madurai	-0851	-0851-12-29T23:12:29	1410593.25
-850	agni	68.86	21.14	2.27	78.52	153.34	-119.56	9.92°	9.92	Madurai	-0851	-0851-12-29T23:12:29	1410593.25
-850	vaśiṣṭha	70.58	19.42	21.14	56.19	125.47	166.19	9.92°	9.92	Madurai	-0851	-0851-12-29T23:12:29	1410593.25
-850	arundhatī 	70.63	19.37	21.17	56.37	125.65	166.77	9.92°	9.92	Madurai	-0851	-0851-12-29T23:12:29	1410593.25
-800	dhruva	78.88	11.12	20.73	66.25	117.82	-167	9.92°	9.92	Madurai	-0801	-0801-12-29T23:12:29	1428855.25
-800	mārīca	70.15	19.85	0.69	71.11	145.05	-141.37	9.92°	9.92	Madurai	-0801	-0801-12-29T23:12:29	1428855.25
-800	mahendra	67.36	22.64	1.76	74.7	157.7	-129.38	9.92°	9.92	Madurai	-0801	-0801-12-29T23:12:29	1428855.25
-800	agni	68.72	21.28	2.29	78.52	154.08	-119.56	9.92°	9.92	Madurai	-0801	-0801-12-29T23:12:29	1428855.25
-800	vaśiṣṭha	70.31	19.69	21.24	56.2	126.18	167.03	9.92°	9.92	Madurai	-0801	-0801-12-29T23:12:29	1428855.25
-800	arundhatī 	70.36	19.64	21.27	56.37	126.36	167.6	9.92°	9.92	Madurai	-0801	-0801-12-29T23:12:29	1428855.25
-750	dhruva	78.61	11.39	20.87	66.26	118.51	-166.69	9.92°	9.92	Madurai	-0751	-0751-12-29T23:12:29	1447118.25
-750	mārīca	69.93	20.07	0.66	71.11	145.75	-141.23	9.92°	9.92	Madurai	-0751	-0751-12-29T23:12:29	1447118.25
-750	mahendra	67.19	22.81	1.73	74.7	158.4	-129.28	9.92°	9.92	Madurai	-0751	-0751-12-29T23:12:29	1447118.25
-750	agni	68.58	21.42	2.24	78.52	154.8	-119.56	9.92°	9.92	Madurai	-0751	-0751-12-29T23:12:29	1447118.25
-750	vaśiṣṭha	70.03	19.97	21.26	56.2	126.88	167.83	9.92°	9.92	Madurai	-0751	-0751-12-29T23:12:29	1447118.25
-750	arundhatī 	70.09	19.91	21.3	56.38	127.05	168.39	9.92°	9.92	Madurai	-0751	-0751-12-29T23:12:29	1447118.25
-700	dhruva	78.34	11.66	20.98	66.26	119.21	-166.41	9.92°	9.92	Madurai	-0701	-0701-12-30T23:12:29	1465381.25
-700	mārīca	69.71	20.29	0.64	71.11	146.45	-141.09	9.92°	9.92	Madurai	-0701	-0701-12-30T23:12:29	1465381.25
-700	mahendra	67.02	22.98	1.69	74.69	159.07	-129.18	9.92°	9.92	Madurai	-0701	-0701-12-30T23:12:29	1465381.25
-700	agni	68.45	21.55	2.2	78.51	155.5	-119.55	9.92°	9.92	Madurai	-0701	-0701-12-30T23:12:29	1465381.25
-700	vaśiṣṭha	69.76	20.24	21.29	56.2	127.57	168.61	9.92°	9.92	Madurai	-0701	-0701-12-30T23:12:29	1465381.25
-700	arundhatī 	69.81	20.19	21.32	56.38	127.75	169.17	9.92°	9.92	Madurai	-0701	-0701-12-30T23:12:29	1465381.25
-650	dhruva	78.06	11.94	21.15	66.26	119.93	-166.09	9.92°	9.92	Madurai	-0651	-0651-12-29T23:12:29	1483643.25
-650	mārīca	69.49	20.51	0.68	71.11	147.17	-140.93	9.92°	9.92	Madurai	-0651	-0651-12-29T23:12:29	1483643.25
-650	mahendra	66.85	23.15	1.72	74.69	159.78	-129.07	9.92°	9.92	Madurai	-0651	-0651-12-29T23:12:29	1483643.25
-650	agni	68.31	21.69	2.22	78.51	156.23	-119.54	9.92°	9.92	Madurai	-0651	-0651-12-29T23:12:29	1483643.25
-650	vaśiṣṭha	69.48	20.52	21.38	56.21	128.28	169.4	9.92°	9.92	Madurai	-0651	-0651-12-29T23:12:29	1483643.25
-650	arundhatī 	69.53	20.47	21.41	56.38	128.46	169.95	9.92°	9.92	Madurai	-0651	-0651-12-29T23:12:29	1483643.25
-600	dhruva	77.79	12.21	21.24	66.27	120.63	-165.77	9.92°	9.92	Madurai	-0601	-0601-12-30T23:12:29	1501906.25
-600	mārīca	69.27	20.73	0.66	71.12	147.88	-140.76	9.92°	9.92	Madurai	-0601	-0601-12-30T23:12:29	1501906.25
-600	mahendra	66.67	23.33	1.68	74.68	160.48	-128.96	9.92°	9.92	Madurai	-0601	-0601-12-30T23:12:29	1501906.25
-600	agni	68.17	21.83	2.18	78.51	156.96	-119.52	9.92°	9.92	Madurai	-0601	-0601-12-30T23:12:29	1501906.25
-600	vaśiṣṭha	69.2	20.8	21.4	56.22	128.98	170.17	9.92°	9.92	Madurai	-0601	-0601-12-30T23:12:29	1501906.25
-600	arundhatī 	69.26	20.74	21.43	56.39	129.16	170.71	9.92°	9.92	Madurai	-0601	-0601-12-30T23:12:29	1501906.25
-550	dhruva	77.52	12.48	21.38	66.27	121.32	-165.48	9.92°	9.92	Madurai	-0551	-0551-12-29T23:12:29	1520168.25
-550	mārīca	69.06	20.94	0.7	71.11	148.58	-140.61	9.92°	9.92	Madurai	-0551	-0551-12-29T23:12:29	1520168.25
-550	mahendra	66.5	23.5	1.71	74.68	161.16	-128.85	9.92°	9.92	Madurai	-0551	-0551-12-29T23:12:29	1520168.25
-550	agni	68.03	21.97	2.2	78.51	157.66	-119.5	9.92°	9.92	Madurai	-0551	-0551-12-29T23:12:29	1520168.25
-550	vaśiṣṭha	68.93	21.07	21.49	56.22	129.68	170.91	9.92°	9.92	Madurai	-0551	-0551-12-29T23:12:29	1520168.25
-550	arundhatī 	68.98	21.02	21.52	56.39	129.86	171.45	9.92°	9.92	Madurai	-0551	-0551-12-29T23:12:29	1520168.25
-500	dhruva	77.24	12.76	21.45	66.27	122.04	-165.17	9.92°	9.92	Madurai	-0501	-0501-12-30T23:12:29	1538431.25
-500	mārīca	68.84	21.16	0.67	71.11	149.3	-140.44	9.92°	9.92	Madurai	-0501	-0501-12-30T23:12:29	1538431.25
-500	mahendra	66.33	23.67	1.67	74.67	161.86	-128.73	9.92°	9.92	Madurai	-0501	-0501-12-30T23:12:29	1538431.25
-500	agni	67.89	22.11	2.16	78.51	158.39	-119.47	9.92°	9.92	Madurai	-0501	-0501-12-30T23:12:29	1538431.25
-500	vaśiṣṭha	68.65	21.35	21.51	56.22	130.39	171.67	9.92°	9.92	Madurai	-0501	-0501-12-30T23:12:29	1538431.25
-500	arundhatī 	68.7	21.3	21.54	56.39	130.57	172.2	9.92°	9.92	Madurai	-0501	-0501-12-30T23:12:29	1538431.25
-450	dhruva	76.97	13.03	21.52	66.27	122.74	-164.85	9.92°	9.92	Madurai	-0451	-0451-12-30T23:12:29	1556694.25
-450	mārīca	68.62	21.38	0.65	71.12	150.02	-140.27	9.92°	9.92	Madurai	-0451	-0451-12-30T23:12:29	1556694.25
-450	mahendra	66.16	23.84	1.64	74.67	162.56	-128.61	9.92°	9.92	Madurai	-0451	-0451-12-30T23:12:29	1556694.25
-450	agni	67.75	22.25	2.11	78.51	159.12	-119.44	9.92°	9.92	Madurai	-0451	-0451-12-30T23:12:29	1556694.25
-450	vaśiṣṭha	68.37	21.63	21.53	56.23	131.09	172.41	9.92°	9.92	Madurai	-0451	-0451-12-30T23:12:29	1556694.25
-450	arundhatī 	68.42	21.58	21.56	56.4	131.27	172.93	9.92°	9.92	Madurai	-0451	-0451-12-30T23:12:29	1556694.25
-400	dhruva	76.7	13.3	21.63	66.27	123.44	-164.55	9.92°	9.92	Madurai	-0401	-0401-12-30T23:12:29	1574956.25
-400	mārīca	68.41	21.59	0.69	71.11	150.71	-140.1	9.92°	9.92	Madurai	-0401	-0401-12-30T23:12:29	1574956.25
-400	mahendra	65.99	24.01	1.67	74.66	163.24	-128.49	9.92°	9.92	Madurai	-0401	-0401-12-30T23:12:29	1574956.25
-400	agni	67.62	22.38	2.14	78.51	159.82	-119.41	9.92°	9.92	Madurai	-0401	-0401-12-30T23:12:29	1574956.25
-400	vaśiṣṭha	68.09	21.91	21.61	56.23	131.79	173.12	9.92°	9.92	Madurai	-0401	-0401-12-30T23:12:29	1574956.25
-400	arundhatī 	68.14	21.86	21.64	56.4	131.96	173.64	9.92°	9.92	Madurai	-0401	-0401-12-30T23:12:29	1574956.25
-350	dhruva	76.43	13.57	21.68	66.28	124.15	-164.24	9.92°	9.92	Madurai	-0351	-0351-12-30T23:12:29	1593219.25
-350	mārīca	68.19	21.81	0.66	71.11	151.43	-139.92	9.92°	9.92	Madurai	-0351	-0351-12-30T23:12:29	1593219.25
-350	mahendra	65.82	24.18	1.63	74.66	163.94	-128.36	9.92°	9.92	Madurai	-0351	-0351-12-30T23:12:29	1593219.25
-350	agni	67.48	22.52	2.09	78.51	160.54	-119.37	9.92°	9.92	Madurai	-0351	-0351-12-30T23:12:29	1593219.25
-350	vaśiṣṭha	67.81	22.19	21.62	56.23	132.5	173.84	9.92°	9.92	Madurai	-0351	-0351-12-30T23:12:29	1593219.25
-350	arundhatī 	67.86	22.14	21.65	56.4	132.67	174.35	9.92°	9.92	Madurai	-0351	-0351-12-30T23:12:29	1593219.25
-300	dhruva	76.16	13.84	21.73	66.28	124.86	-163.91	9.92°	9.92	Madurai	-0301	-0301-12-31T23:12:29	1611482.25
-300	mārīca	67.98	22.02	0.64	71.12	152.15	-139.74	9.92°	9.92	Madurai	-0301	-0301-12-31T23:12:29	1611482.25
-300	mahendra	65.65	24.35	1.59	74.66	164.64	-128.22	9.92°	9.92	Madurai	-0301	-0301-12-31T23:12:29	1611482.25
-300	agni	67.34	22.66	2.05	78.51	161.28	-119.33	9.92°	9.92	Madurai	-0301	-0301-12-31T23:12:29	1611482.25
-300	vaśiṣṭha	67.53	22.47	21.64	56.24	133.2	174.56	9.92°	9.92	Madurai	-0301	-0301-12-31T23:12:29	1611482.25
-300	arundhatī 	67.58	22.42	21.67	56.41	133.38	175.06	9.92°	9.92	Madurai	-0301	-0301-12-31T23:12:29	1611482.25
-250	dhruva	75.89	14.11	21.83	66.28	125.56	-163.61	9.92°	9.92	Madurai	-0251	-0251-12-30T23:12:29	1629744.25
-250	mārīca	67.77	22.23	0.68	71.12	152.85	-139.56	9.92°	9.92	Madurai	-0251	-0251-12-30T23:12:29	1629744.25
-250	mahendra	65.48	24.52	1.62	74.65	165.32	-128.09	9.92°	9.92	Madurai	-0251	-0251-12-30T23:12:29	1629744.25
-250	agni	67.21	22.79	2.07	78.51	161.99	-119.28	9.92°	9.92	Madurai	-0251	-0251-12-30T23:12:29	1629744.25
-250	vaśiṣṭha	67.25	22.75	21.72	56.24	133.9	175.24	9.92°	9.92	Madurai	-0251	-0251-12-30T23:12:29	1629744.25
-250	arundhatī 	67.3	22.7	21.74	56.41	134.07	175.74	9.92°	9.92	Madurai	-0251	-0251-12-30T23:12:29	1629744.25
-200	dhruva	75.62	14.38	21.86	66.28	126.26	-163.3	9.92°	9.92	Madurai	-0201	-0201-12-31T23:12:29	1648007.25
-200	mārīca	67.55	22.45	0.65	71.11	153.55	-139.37	9.92°	9.92	Madurai	-0201	-0201-12-31T23:12:29	1648007.25
-200	mahendra	65.31	24.69	1.59	74.65	166.01	-127.96	9.92°	9.92	Madurai	-0201	-0201-12-31T23:12:29	1648007.25
-200	agni	67.07	22.93	2.03	78.51	162.7	-119.23	9.92°	9.92	Madurai	-0201	-0201-12-31T23:12:29	1648007.25
-200	vaśiṣṭha	66.97	23.03	21.73	56.24	134.6	175.93	9.92°	9.92	Madurai	-0201	-0201-12-31T23:12:29	1648007.25
-200	arundhatī 	67.02	22.98	21.76	56.42	134.78	176.42	9.92°	9.92	Madurai	-0201	-0201-12-31T23:12:29	1648007.25
-150	dhruva	75.35	14.65	21.96	66.29	126.98	-162.97	9.92°	9.92	Madurai	-0151	-0151-12-30T23:12:29	1666269.25
-150	mārīca	67.34	22.66	0.69	71.12	154.28	-139.17	9.92°	9.92	Madurai	-0151	-0151-12-30T23:12:29	1666269.25
-150	mahendra	65.14	24.86	1.62	74.64	166.72	-127.81	9.92°	9.92	Madurai	-0151	-0151-12-30T23:12:29	1666269.25
-150	agni	66.93	23.07	2.05	78.51	163.44	-119.18	9.92°	9.92	Madurai	-0151	-0151-12-30T23:12:29	1666269.25
-150	vaśiṣṭha	66.69	23.31	21.8	56.25	135.31	176.62	9.92°	9.92	Madurai	-0151	-0151-12-30T23:12:29	1666269.25
-150	arundhatī 	66.74	23.26	21.83	56.42	135.49	177.11	9.92°	9.92	Madurai	-0151	-0151-12-30T23:12:29	1666269.25
-100	dhruva	75.08	14.92	21.99	66.29	127.67	-162.66	9.92°	9.92	Madurai	-0101	-0101-12-31T23:12:29	1684532.25
-100	mārīca	67.13	22.87	0.66	71.12	154.98	-138.98	9.92°	9.92	Madurai	-0101	-0101-12-31T23:12:29	1684532.25
-100	mahendra	64.97	25.03	1.58	74.64	167.41	-127.67	9.92°	9.92	Madurai	-0101	-0101-12-31T23:12:29	1684532.25
-100	agni	66.8	23.2	2.01	78.5	164.15	-119.12	9.92°	9.92	Madurai	-0101	-0101-12-31T23:12:29	1684532.25
-100	vaśiṣṭha	66.41	23.59	21.81	56.25	136.01	177.28	9.92°	9.92	Madurai	-0101	-0101-12-31T23:12:29	1684532.25
-100	arundhatī 	66.46	23.54	21.84	56.42	136.19	177.76	9.92°	9.92	Madurai	-0101	-0101-12-31T23:12:29	1684532.25
-50	dhruva	74.81	15.19	22.01	66.29	128.38	-162.36	9.92°	9.92	Madurai	-0051	-0051-12-31T23:12:29	1702795.25
-50	mārīca	66.92	23.08	0.63	71.11	155.69	-138.79	9.92°	9.92	Madurai	-0051	-0051-12-31T23:12:29	1702795.25
-50	mahendra	64.81	25.19	1.54	74.63	168.1	-127.53	9.92°	9.92	Madurai	-0051	-0051-12-31T23:12:29	1702795.25
-50	agni	66.67	23.33	1.97	78.5	164.86	-119.06	9.92°	9.92	Madurai	-0051	-0051-12-31T23:12:29	1702795.25
-50	vaśiṣṭha	66.13	23.87	21.82	56.25	136.71	177.94	9.92°	9.92	Madurai	-0051	-0051-12-31T23:12:29	1702795.25
-50	arundhatī 	66.18	23.82	21.85	56.43	136.89	178.42	9.92°	9.92	Madurai	-0051	-0051-12-31T23:12:29	1702795.25
0	dhruva	74.54	15.46	22.1	66.29	129.09	-162.03	9.92°	9.92	Madurai	-0001	-0001-12-31T23:12:29	1721057.25
0	mārīca	66.7	23.3	0.67	71.12	156.41	-138.59	9.92°	9.92	Madurai	-0001	-0001-12-31T23:12:29	1721057.25
0	mahendra	64.64	25.36	1.57	74.63	168.81	-127.37	9.92°	9.92	Madurai	-0001	-0001-12-31T23:12:29	1721057.25
0	agni	66.53	23.47	1.99	78.5	165.6	-118.99	9.92°	9.92	Madurai	-0001	-0001-12-31T23:12:29	1721057.25
0	vaśiṣṭha	65.85	24.15	21.89	56.26	137.43	178.61	9.92°	9.92	Madurai	-0001	-0001-12-31T23:12:29	1721057.25
0	arundhatī 	65.9	24.1	21.92	56.43	137.6	179.08	9.92°	9.92	Madurai	-0001	-0001-12-31T23:12:29	1721057.25
50	dhruva	74.28	15.72	22.12	66.3	129.79	-161.71	9.92°	9.92	Madurai	0049	0049-12-31T23:12:29	1739320.25
50	mārīca	66.49	23.51	0.65	71.12	157.12	-138.38	9.92°	9.92	Madurai	0049	0049-12-31T23:12:29	1739320.25
50	mahendra	64.47	25.53	1.54	74.63	169.5	-127.22	9.92°	9.92	Madurai	0049	0049-12-31T23:12:29	1739320.25
50	agni	66.39	23.61	1.95	78.5	166.32	-118.92	9.92°	9.92	Madurai	0049	0049-12-31T23:12:29	1739320.25
50	vaśiṣṭha	65.57	24.43	21.9	56.26	138.12	179.25	9.92°	9.92	Madurai	0049	0049-12-31T23:12:29	1739320.25
50	arundhatī 	65.62	24.38	21.93	56.44	138.3	179.72	9.92°	9.92	Madurai	0049	0049-12-31T23:12:29	1739320.25
100	dhruva	74.01	15.99	22.13	66.3	130.5	-161.41	9.92°	9.92	Madurai	0100	0100-01-01T23:12:29	1757583.25
100	mārīca	66.29	23.71	0.62	71.11	157.82	-138.18	9.92°	9.92	Madurai	0100	0100-01-01T23:12:29	1757583.25
100	mahendra	64.31	25.69	1.5	74.62	170.18	-127.07	9.92°	9.92	Madurai	0100	0100-01-01T23:12:29	1757583.25
100	agni	66.26	23.74	1.9	78.5	167.02	-118.85	9.92°	9.92	Madurai	0100	0100-01-01T23:12:29	1757583.25
100	vaśiṣṭha	65.29	24.71	21.9	56.26	138.82	179.89	9.92°	9.92	Madurai	0100	0100-01-01T23:12:29	1757583.25
100	arundhatī 	65.34	24.66	21.93	56.44	139	-179.65	9.92°	9.92	Madurai	0100	0100-01-01T23:12:29	1757583.25
150	dhruva	73.74	16.26	22.21	66.3	131.21	-161.08	9.92°	9.92	Madurai	0149	0149-12-31T23:12:29	1775845.25
150	mārīca	66.07	23.93	0.66	71.11	158.54	-137.97	9.92°	9.92	Madurai	0149	0149-12-31T23:12:29	1775845.25
150	mahendra	64.14	25.86	1.53	74.62	170.89	-126.91	9.92°	9.92	Madurai	0149	0149-12-31T23:12:29	1775845.25
150	agni	66.12	23.88	1.93	78.5	167.76	-118.78	9.92°	9.92	Madurai	0149	0149-12-31T23:12:29	1775845.25
150	vaśiṣṭha	65.01	24.99	21.98	56.27	139.54	-179.47	9.92°	9.92	Madurai	0149	0149-12-31T23:12:29	1775845.25
150	arundhatī 	65.06	24.94	22	56.44	139.71	-179.01	9.92°	9.92	Madurai	0149	0149-12-31T23:12:29	1775845.25
200	dhruva	73.48	16.52	22.22	66.3	131.92	-160.76	9.92°	9.92	Madurai	0200	0200-01-01T23:12:29	1794108.25
200	mārīca	65.87	24.13	0.63	71.12	159.25	-137.76	9.92°	9.92	Madurai	0200	0200-01-01T23:12:29	1794108.25
200	mahendra	63.98	26.02	1.49	74.61	171.59	-126.75	9.92°	9.92	Madurai	0200	0200-01-01T23:12:29	1794108.25
200	agni	65.99	24.01	1.89	78.5	168.49	-118.69	9.92°	9.92	Madurai	0200	0200-01-01T23:12:29	1794108.25
200	vaśiṣṭha	64.73	25.27	21.98	56.27	140.24	-178.84	9.92°	9.92	Madurai	0200	0200-01-01T23:12:29	1794108.25
200	arundhatī 	64.78	25.22	22.01	56.45	140.41	-178.39	9.92°	9.92	Madurai	0200	0200-01-01T23:12:29	1794108.25
250	dhruva	73.22	16.78	22.3	66.3	132.61	-160.45	9.92°	9.92	Madurai	0249	0249-12-31T23:12:29	1812370.25
250	mārīca	65.66	24.34	0.66	71.11	159.95	-137.55	9.92°	9.92	Madurai	0249	0249-12-31T23:12:29	1812370.25
250	mahendra	63.82	26.18	1.52	74.61	172.26	-126.59	9.92°	9.92	Madurai	0249	0249-12-31T23:12:29	1812370.25
250	agni	65.86	24.14	1.91	78.5	169.19	-118.62	9.92°	9.92	Madurai	0249	0249-12-31T23:12:29	1812370.25
250	vaśiṣṭha	64.45	25.55	22.05	56.27	140.94	-178.22	9.92°	9.92	Madurai	0249	0249-12-31T23:12:29	1812370.25
250	arundhatī 	64.5	25.5	22.07	56.45	141.11	-177.78	9.92°	9.92	Madurai	0249	0249-12-31T23:12:29	1812370.25
300	dhruva	72.95	17.05	22.31	66.31	133.33	-160.12	9.92°	9.92	Madurai	0300	0300-01-01T23:12:29	1830633.25
300	mārīca	65.45	24.55	0.64	71.11	160.67	-137.33	9.92°	9.92	Madurai	0300	0300-01-01T23:12:29	1830633.25
300	mahendra	63.65	26.35	1.48	74.6	172.97	-126.42	9.92°	9.92	Madurai	0300	0300-01-01T23:12:29	1830633.25
300	agni	65.72	24.28	1.87	78.5	169.92	-118.53	9.92°	9.92	Madurai	0300	0300-01-01T23:12:29	1830633.25
300	vaśiṣṭha	64.17	25.83	22.05	56.28	141.65	-177.6	9.92°	9.92	Madurai	0300	0300-01-01T23:12:29	1830633.25
300	arundhatī 	64.22	25.78	22.07	56.45	141.83	-177.16	9.92°	9.92	Madurai	0300	0300-01-01T23:12:29	1830633.25
350	dhruva	72.69	17.31	22.31	66.31	134.04	-159.79	9.92°	9.92	Madurai	0350	0350-01-01T23:12:29	1848896.25
350	mārīca	65.25	24.75	0.61	71.11	161.39	-137.11	9.92°	9.92	Madurai	0350	0350-01-01T23:12:29	1848896.25
350	mahendra	63.49	26.51	1.45	74.6	173.67	-126.25	9.92°	9.92	Madurai	0350	0350-01-01T23:12:29	1848896.25
350	agni	65.59	24.41	1.83	78.49	170.65	-118.44	9.92°	9.92	Madurai	0350	0350-01-01T23:12:29	1848896.25
350	vaśiṣṭha	63.89	26.11	22.05	56.28	142.36	-176.98	9.92°	9.92	Madurai	0350	0350-01-01T23:12:29	1848896.25
350	arundhatī 	63.94	26.06	22.08	56.46	142.53	-176.55	9.92°	9.92	Madurai	0350	0350-01-01T23:12:29	1848896.25
400	dhruva	72.43	17.57	22.38	66.31	134.74	-159.49	9.92°	9.92	Madurai	0400	0400-01-01T23:12:29	1867158.25
400	mārīca	65.05	24.95	0.65	71.11	162.09	-136.89	9.92°	9.92	Madurai	0400	0400-01-01T23:12:29	1867158.25
400	mahendra	63.33	26.67	1.48	74.59	174.35	-126.09	9.92°	9.92	Madurai	0400	0400-01-01T23:12:29	1867158.25
400	agni	65.46	24.54	1.85	78.49	171.35	-118.35	9.92°	9.92	Madurai	0400	0400-01-01T23:12:29	1867158.25
400	vaśiṣṭha	63.61	26.39	22.11	56.29	143.05	-176.39	9.92°	9.92	Madurai	0400	0400-01-01T23:12:29	1867158.25
400	arundhatī 	63.66	26.34	22.14	56.46	143.23	-175.96	9.92°	9.92	Madurai	0400	0400-01-01T23:12:29	1867158.25
450	dhruva	72.16	17.84	22.39	66.31	135.45	-159.16	9.92°	9.92	Madurai	0450	0450-01-01T23:12:29	1885421.25
450	mārīca	64.84	25.16	0.62	71.11	162.81	-136.67	9.92°	9.92	Madurai	0450	0450-01-01T23:12:29	1885421.25
450	mahendra	63.17	26.83	1.44	74.59	175.05	-125.91	9.92°	9.92	Madurai	0450	0450-01-01T23:12:29	1885421.25
450	agni	65.33	24.67	1.81	78.49	172.08	-118.25	9.92°	9.92	Madurai	0450	0450-01-01T23:12:29	1885421.25
450	vaśiṣṭha	63.33	26.67	22.11	56.29	143.76	-175.79	9.92°	9.92	Madurai	0450	0450-01-01T23:12:29	1885421.25
450	arundhatī 	63.38	26.62	22.14	56.46	143.94	-175.36	9.92°	9.92	Madurai	0450	0450-01-01T23:12:29	1885421.25
500	dhruva	71.9	18.1	22.45	66.32	136.16	-158.83	9.92°	9.92	Madurai	0500	0500-01-01T23:12:29	1903683.25
500	mārīca	64.64	25.36	0.65	71.11	163.53	-136.44	9.92°	9.92	Madurai	0500	0500-01-01T23:12:29	1903683.25
500	mahendra	63.01	26.99	1.47	74.58	175.76	-125.73	9.92°	9.92	Madurai	0500	0500-01-01T23:12:29	1903683.25
500	agni	65.19	24.81	1.83	78.49	172.82	-118.15	9.92°	9.92	Madurai	0500	0500-01-01T23:12:29	1903683.25
500	vaśiṣṭha	63.05	26.95	22.18	56.29	144.47	-175.18	9.92°	9.92	Madurai	0500	0500-01-01T23:12:29	1903683.25
500	arundhatī 	63.1	26.9	22.2	56.47	144.65	-174.76	9.92°	9.92	Madurai	0500	0500-01-01T23:12:29	1903683.25
550	dhruva	71.64	18.36	22.45	66.32	136.86	-158.52	9.92°	9.92	Madurai	0550	0550-01-01T23:12:29	1921946.25
550	mārīca	64.44	25.56	0.62	71.11	164.23	-136.21	9.92°	9.92	Madurai	0550	0550-01-01T23:12:29	1921946.25
550	mahendra	62.85	27.15	1.43	74.58	176.44	-125.56	9.92°	9.92	Madurai	0550	0550-01-01T23:12:29	1921946.25
550	agni	65.06	24.94	1.79	78.49	173.52	-118.05	9.92°	9.92	Madurai	0550	0550-01-01T23:12:29	1921946.25
550	vaśiṣṭha	62.77	27.23	22.18	56.3	145.17	-174.6	9.92°	9.92	Madurai	0550	0550-01-01T23:12:29	1921946.25
550	arundhatī 	62.82	27.18	22.2	56.47	145.35	-174.18	9.92°	9.92	Madurai	0550	0550-01-01T23:12:29	1921946.25
600	dhruva	71.38	18.62	22.45	66.32	137.57	-158.2	9.92°	9.92	Madurai	0600	0600-01-02T23:12:29	1940209.25
600	mārīca	64.23	25.77	0.59	71.11	164.94	-135.99	9.92°	9.92	Madurai	0600	0600-01-02T23:12:29	1940209.25
600	mahendra	62.69	27.31	1.4	74.57	177.14	-125.38	9.92°	9.92	Madurai	0600	0600-01-02T23:12:29	1940209.25
600	agni	64.93	25.07	1.75	78.49	174.24	-117.95	9.92°	9.92	Madurai	0600	0600-01-02T23:12:29	1940209.25
600	vaśiṣṭha	62.49	27.51	22.17	56.3	145.88	-174.02	9.92°	9.92	Madurai	0600	0600-01-02T23:12:29	1940209.25
600	arundhatī 	62.54	27.46	22.2	56.47	146.05	-173.6	9.92°	9.92	Madurai	0600	0600-01-02T23:12:29	1940209.25
650	dhruva	71.11	18.89	22.52	66.32	138.29	-157.86	9.92°	9.92	Madurai	0650	0650-01-01T23:12:29	1958471.25
650	mārīca	64.03	25.97	0.63	71.11	165.67	-135.75	9.92°	9.92	Madurai	0650	0650-01-01T23:12:29	1958471.25
650	mahendra	62.53	27.47	1.42	74.57	177.85	-125.19	9.92°	9.92	Madurai	0650	0650-01-01T23:12:29	1958471.25
650	agni	64.8	25.2	1.77	78.49	174.98	-117.84	9.92°	9.92	Madurai	0650	0650-01-01T23:12:29	1958471.25
650	vaśiṣṭha	62.21	27.79	22.24	56.3	146.59	-173.43	9.92°	9.92	Madurai	0650	0650-01-01T23:12:29	1958471.25
650	arundhatī 	62.26	27.74	22.26	56.47	146.77	-173.02	9.92°	9.92	Madurai	0650	0650-01-01T23:12:29	1958471.25
700	dhruva	70.86	19.14	22.51	66.32	138.99	-157.54	9.92°	9.92	Madurai	0700	0700-01-02T23:12:29	1976734.25
700	mārīca	63.83	26.17	0.6	71.11	166.37	-135.51	9.92°	9.92	Madurai	0700	0700-01-02T23:12:29	1976734.25
700	mahendra	62.37	27.63	1.39	74.57	178.53	-125.01	9.92°	9.92	Madurai	0700	0700-01-02T23:12:29	1976734.25
700	agni	64.67	25.33	1.73	78.48	175.69	-117.73	9.92°	9.92	Madurai	0700	0700-01-02T23:12:29	1976734.25
700	vaśiṣṭha	61.94	28.06	22.23	56.31	147.29	-172.86	9.92°	9.92	Madurai	0700	0700-01-02T23:12:29	1976734.25
700	arundhatī 	61.99	28.01	22.26	56.48	147.46	-172.45	9.92°	9.92	Madurai	0700	0700-01-02T23:12:29	1976734.25
750	dhruva	70.6	19.4	22.51	66.32	139.69	-157.22	9.92°	9.92	Madurai	0750	0750-01-02T23:12:29	1994997.25
750	mārīca	63.64	26.36	0.57	71.11	167.08	-135.28	9.92°	9.92	Madurai	0750	0750-01-02T23:12:29	1994997.25
750	mahendra	62.22	27.78	1.35	74.56	179.22	-124.83	9.92°	9.92	Madurai	0750	0750-01-02T23:12:29	1994997.25
750	agni	64.54	25.46	1.69	78.48	176.4	-117.62	9.92°	9.92	Madurai	0750	0750-01-02T23:12:29	1994997.25
750	vaśiṣṭha	61.66	28.34	22.23	56.31	148	-172.29	9.92°	9.92	Madurai	0750	0750-01-02T23:12:29	1994997.25
750	arundhatī 	61.71	28.29	22.25	56.48	148.17	-171.89	9.92°	9.92	Madurai	0750	0750-01-02T23:12:29	1994997.25
800	dhruva	70.34	19.66	22.57	66.33	140.41	-156.88	9.92°	9.92	Madurai	0800	0800-01-02T23:12:29	2013259.25
800	mārīca	63.43	26.57	0.61	71.11	167.81	-135.04	9.92°	9.92	Madurai	0800	0800-01-02T23:12:29	2013259.25
800	mahendra	62.06	27.94	1.38	74.56	179.94	-124.63	9.92°	9.92	Madurai	0800	0800-01-02T23:12:29	2013259.25
800	agni	64.41	25.59	1.71	78.48	177.15	-117.5	9.92°	9.92	Madurai	0800	0800-01-02T23:12:29	2013259.25
800	vaśiṣṭha	61.38	28.62	22.29	56.31	148.71	-171.71	9.92°	9.92	Madurai	0800	0800-01-02T23:12:29	2013259.25
800	arundhatī 	61.43	28.57	22.31	56.48	148.89	-171.31	9.92°	9.92	Madurai	0800	0800-01-02T23:12:29	2013259.25
850	dhruva	70.08	19.92	22.56	66.33	141.12	-156.56	9.92°	9.92	Madurai	0850	0850-01-02T23:12:29	2031522.25
850	mārīca	63.24	26.76	0.58	71.11	168.52	-134.8	9.92°	9.92	Madurai	0850	0850-01-02T23:12:29	2031522.25
850	mahendra	61.9	28.1	1.34	74.55	180.63	-124.45	9.92°	9.92	Madurai	0850	0850-01-02T23:12:29	2031522.25
850	agni	64.28	25.72	1.67	78.48	177.86	-117.38	9.92°	9.92	Madurai	0850	0850-01-02T23:12:29	2031522.25
850	vaśiṣṭha	61.11	28.89	22.28	56.31	149.41	-171.15	9.92°	9.92	Madurai	0850	0850-01-02T23:12:29	2031522.25
850	arundhatī 	61.16	28.84	22.3	56.49	149.59	-170.76	9.92°	9.92	Madurai	0850	0850-01-02T23:12:29	2031522.25
900	dhruva	69.83	20.17	22.62	66.33	141.82	-156.24	9.92°	9.92	Madurai	0900	0900-01-02T23:12:29	2049784.25
900	mārīca	63.04	26.96	0.61	71.11	169.22	-134.56	9.92°	9.92	Madurai	0900	0900-01-02T23:12:29	2049784.25
900	mahendra	61.75	28.25	1.37	74.55	181.31	-124.26	9.92°	9.92	Madurai	0900	0900-01-02T23:12:29	2049784.25
900	agni	64.16	25.84	1.69	78.48	178.57	-117.27	9.92°	9.92	Madurai	0900	0900-01-02T23:12:29	2049784.25
900	vaśiṣṭha	60.83	29.17	22.34	56.32	150.11	-170.6	9.92°	9.92	Madurai	0900	0900-01-02T23:12:29	2049784.25
900	arundhatī 	60.88	29.12	22.36	56.49	150.29	-170.21	9.92°	9.92	Madurai	0900	0900-01-02T23:12:29	2049784.25
950	dhruva	69.57	20.43	22.61	66.33	142.54	-155.91	9.92°	9.92	Madurai	0950	0950-01-02T23:12:29	2068047.25
950	mārīca	62.84	27.16	0.58	71.11	169.95	-134.31	9.92°	9.92	Madurai	0950	0950-01-02T23:12:29	2068047.25
950	mahendra	61.6	28.4	1.34	74.54	182.02	-124.06	9.92°	9.92	Madurai	0950	0950-01-02T23:12:29	2068047.25
950	agni	64.03	25.97	1.65	78.48	179.31	-117.14	9.92°	9.92	Madurai	0950	0950-01-02T23:12:29	2068047.25
950	vaśiṣṭha	60.55	29.45	22.33	56.32	150.83	-170.03	9.92°	9.92	Madurai	0950	0950-01-02T23:12:29	2068047.25
950	arundhatī 	60.6	29.4	22.36	56.49	151.01	-169.65	9.92°	9.92	Madurai	0950	0950-01-02T23:12:29	2068047.25
1000	dhruva	69.31	20.69	22.6	66.33	143.25	-155.58	9.92°	9.92	Madurai	1000	1000-01-03T23:12:29	2086310.25
1000	mārīca	62.65	27.35	0.55	71.11	170.66	-134.06	9.92°	9.92	Madurai	1000	1000-01-03T23:12:29	2086310.25
1000	mahendra	61.44	28.56	1.3	74.54	182.72	-123.86	9.92°	9.92	Madurai	1000	1000-01-03T23:12:29	2086310.25
1000	agni	63.9	26.1	1.61	78.47	180.04	-117.01	9.92°	9.92	Madurai	1000	1000-01-03T23:12:29	2086310.25
1000	vaśiṣṭha	60.28	29.72	22.33	56.32	151.53	-169.48	9.92°	9.92	Madurai	1000	1000-01-03T23:12:29	2086310.25
1000	arundhatī 	60.33	29.67	22.35	56.5	151.71	-169.1	9.92°	9.92	Madurai	1000	1000-01-03T23:12:29	2086310.25
1050	dhruva	69.06	20.94	22.66	66.33	143.95	-155.26	9.92°	9.92	Madurai	1050	1050-01-02T23:12:29	2104572.25
1050	mārīca	62.46	27.54	0.59	71.11	171.36	-133.82	9.92°	9.92	Madurai	1050	1050-01-02T23:12:29	2104572.25
1050	mahendra	61.29	28.71	1.33	74.53	183.4	-123.66	9.92°	9.92	Madurai	1050	1050-01-02T23:12:29	2104572.25
1050	agni	63.78	26.22	1.63	78.47	180.74	-116.89	9.92°	9.92	Madurai	1050	1050-01-02T23:12:29	2104572.25
1050	vaśiṣṭha	60.01	29.99	22.38	56.32	152.23	-168.94	9.92°	9.92	Madurai	1050	1050-01-02T23:12:29	2104572.25
1050	arundhatī 	60.06	29.94	22.41	56.5	152.41	-168.56	9.92°	9.92	Madurai	1050	1050-01-02T23:12:29	2104572.25
1100	dhruva	68.8	21.2	22.65	66.33	144.67	-154.92	9.92°	9.92	Madurai	1100	1100-01-03T23:12:29	2122835.25
1100	mārīca	62.26	27.74	0.56	71.11	172.09	-133.56	9.92°	9.92	Madurai	1100	1100-01-03T23:12:29	2122835.25
1100	mahendra	61.14	28.86	1.29	74.53	184.11	-123.46	9.92°	9.92	Madurai	1100	1100-01-03T23:12:29	2122835.25
1100	agni	63.65	26.35	1.59	78.47	181.47	-116.76	9.92°	9.92	Madurai	1100	1100-01-03T23:12:29	2122835.25
1100	vaśiṣṭha	59.73	30.27	22.37	56.33	152.95	-168.39	9.92°	9.92	Madurai	1100	1100-01-03T23:12:29	2122835.25
1100	arundhatī 	59.78	30.22	22.4	56.5	153.13	-168.01	9.92°	9.92	Madurai	1100	1100-01-03T23:12:29	2122835.25
1150	dhruva	68.55	21.45	22.64	66.34	145.38	-154.59	9.92°	9.92	Madurai	1150	1150-01-03T23:12:29	2141098.25
1150	mārīca	62.07	27.93	0.53	71.11	172.8	-133.31	9.92°	9.92	Madurai	1150	1150-01-03T23:12:29	2141098.25
1150	mahendra	60.99	29.01	1.25	74.52	184.81	-123.25	9.92°	9.92	Madurai	1150	1150-01-03T23:12:29	2141098.25
1150	agni	63.53	26.47	1.55	78.47	182.21	-116.62	9.92°	9.92	Madurai	1150	1150-01-03T23:12:29	2141098.25
1150	vaśiṣṭha	59.46	30.54	22.37	56.33	153.66	-167.84	9.92°	9.92	Madurai	1150	1150-01-03T23:12:29	2141098.25
1150	arundhatī 	59.51	30.49	22.39	56.5	153.83	-167.47	9.92°	9.92	Madurai	1150	1150-01-03T23:12:29	2141098.25
1200	dhruva	68.3	21.7	22.69	66.34	146.08	-154.27	9.92°	9.92	Madurai	1200	1200-01-03T23:12:29	2159360.25
1200	mārīca	61.88	28.12	0.56	71.1	173.5	-133.06	9.92°	9.92	Madurai	1200	1200-01-03T23:12:29	2159360.25
1200	mahendra	60.84	29.16	1.28	74.52	185.49	-123.05	9.92°	9.92	Madurai	1200	1200-01-03T23:12:29	2159360.25
1200	agni	63.41	26.59	1.57	78.47	182.91	-116.49	9.92°	9.92	Madurai	1200	1200-01-03T23:12:29	2159360.25
1200	vaśiṣṭha	59.19	30.81	22.42	56.33	154.36	-167.31	9.92°	9.92	Madurai	1200	1200-01-03T23:12:29	2159360.25
1200	arundhatī 	59.24	30.76	22.44	56.51	154.53	-166.94	9.92°	9.92	Madurai	1200	1200-01-03T23:12:29	2159360.25
1250	dhruva	68.05	21.95	22.68	66.34	146.8	-153.93	9.92°	9.92	Madurai	1250	1250-01-03T23:12:29	2177623.25
1250	mārīca	61.69	28.31	0.53	71.1	174.22	-132.8	9.92°	9.92	Madurai	1250	1250-01-03T23:12:29	2177623.25
1250	mahendra	60.69	29.31	1.25	74.51	186.2	-122.84	9.92°	9.92	Madurai	1250	1250-01-03T23:12:29	2177623.25
1250	agni	63.28	26.72	1.53	78.47	183.64	-116.35	9.92°	9.92	Madurai	1250	1250-01-03T23:12:29	2177623.25
1250	vaśiṣṭha	58.91	31.09	22.41	56.34	155.07	-166.77	9.92°	9.92	Madurai	1250	1250-01-03T23:12:29	2177623.25
1250	arundhatī 	58.96	31.04	22.43	56.51	155.25	-166.4	9.92°	9.92	Madurai	1250	1250-01-03T23:12:29	2177623.25
1300	dhruva	67.8	22.2	22.73	66.34	147.51	-153.59	9.92°	9.92	Madurai	1300	1300-01-03T23:12:29	2195885.25
1300	mārīca	61.5	28.5	0.57	71.1	174.95	-132.54	9.92°	9.92	Madurai	1300	1300-01-03T23:12:29	2195885.25
1300	mahendra	60.54	29.46	1.27	74.51	186.91	-122.63	9.92°	9.92	Madurai	1300	1300-01-03T23:12:29	2195885.25
1300	agni	63.16	26.84	1.56	78.46	184.38	-116.2	9.92°	9.92	Madurai	1300	1300-01-03T23:12:29	2195885.25
1300	vaśiṣṭha	58.64	31.36	22.47	56.34	155.78	-166.23	9.92°	9.92	Madurai	1300	1300-01-03T23:12:29	2195885.25
1300	arundhatī 	58.69	31.31	22.49	56.51	155.96	-165.87	9.92°	9.92	Madurai	1300	1300-01-03T23:12:29	2195885.25
1350	dhruva	67.55	22.45	22.71	66.34	148.21	-153.27	9.92°	9.92	Madurai	1350	1350-01-03T23:12:29	2214148.25
1350	mārīca	61.32	28.68	0.54	71.1	175.65	-132.29	9.92°	9.92	Madurai	1350	1350-01-03T23:12:29	2214148.25
1350	mahendra	60.4	29.6	1.24	74.5	187.59	-122.43	9.92°	9.92	Madurai	1350	1350-01-03T23:12:29	2214148.25
1350	agni	63.04	26.96	1.52	78.46	185.08	-116.07	9.92°	9.92	Madurai	1350	1350-01-03T23:12:29	2214148.25
1350	vaśiṣṭha	58.37	31.63	22.46	56.34	156.48	-165.71	9.92°	9.92	Madurai	1350	1350-01-03T23:12:29	2214148.25
1350	arundhatī 	58.43	31.57	22.48	56.51	156.66	-165.35	9.92°	9.92	Madurai	1350	1350-01-03T23:12:29	2214148.25
1400	dhruva	67.3	22.7	22.7	66.34	148.92	-152.94	9.92°	9.92	Madurai	1400	1400-01-04T23:12:29	2232411.25
1400	mārīca	61.13	28.87	0.5	71.1	176.37	-132.02	9.92°	9.92	Madurai	1400	1400-01-04T23:12:29	2232411.25
1400	mahendra	60.25	29.75	1.2	74.5	188.29	-122.21	9.92°	9.92	Madurai	1400	1400-01-04T23:12:29	2232411.25
1400	agni	62.92	27.08	1.47	78.46	185.8	-115.92	9.92°	9.92	Madurai	1400	1400-01-04T23:12:29	2232411.25
1400	vaśiṣṭha	58.1	31.9	22.44	56.34	157.19	-165.18	9.92°	9.92	Madurai	1400	1400-01-04T23:12:29	2232411.25
1400	arundhatī 	58.15	31.85	22.47	56.52	157.37	-164.82	9.92°	9.92	Madurai	1400	1400-01-04T23:12:29	2232411.25
1450	dhruva	67.05	22.95	22.75	66.35	149.64	-152.6	9.92°	9.92	Madurai	1450	1450-01-03T23:12:29	2250673.25
1450	mārīca	60.94	29.06	0.54	71.1	177.09	-131.76	9.92°	9.92	Madurai	1450	1450-01-03T23:12:29	2250673.25
1450	mahendra	60.1	29.9	1.23	74.49	189	-122	9.92°	9.92	Madurai	1450	1450-01-03T23:12:29	2250673.25
1450	agni	62.79	27.21	1.5	78.46	186.55	-115.77	9.92°	9.92	Madurai	1450	1450-01-03T23:12:29	2250673.25
1450	vaśiṣṭha	57.83	32.17	22.5	56.35	157.91	-164.65	9.92°	9.92	Madurai	1450	1450-01-03T23:12:29	2250673.25
1450	arundhatī 	57.88	32.12	22.52	56.52	158.08	-164.29	9.92°	9.92	Madurai	1450	1450-01-03T23:12:29	2250673.25
1500	dhruva	66.8	23.2	22.74	66.35	150.35	-152.27	9.92°	9.92	Madurai	1500	1500-01-04T23:12:29	2268936.25
1500	mārīca	60.76	29.24	0.51	71.1	177.8	-131.5	9.92°	9.92	Madurai	1500	1500-01-04T23:12:29	2268936.25
1500	mahendra	59.96	30.04	1.19	74.48	189.69	-121.78	9.92°	9.92	Madurai	1500	1500-01-04T23:12:29	2268936.25
1500	agni	62.67	27.33	1.46	78.46	187.26	-115.62	9.92°	9.92	Madurai	1500	1500-01-04T23:12:29	2268936.25
1500	vaśiṣṭha	57.56	32.44	22.49	56.35	158.61	-164.13	9.92°	9.92	Madurai	1500	1500-01-04T23:12:29	2268936.25
1500	arundhatī 	57.62	32.38	22.51	56.52	158.78	-163.78	9.92°	9.92	Madurai	1500	1500-01-04T23:12:29	2268936.25
1550	dhruva	66.56	23.44	22.72	66.35	151.06	-151.94	9.92°	9.92	Madurai	1550	1550-01-04T23:12:29	2287199.25
1550	mārīca	60.57	29.43	0.48	71.1	178.51	-131.23	9.92°	9.92	Madurai	1550	1550-01-04T23:12:29	2287199.25
1550	mahendra	59.82	30.18	1.16	74.48	190.38	-121.57	9.92°	9.92	Madurai	1550	1550-01-04T23:12:29	2287199.25
1550	agni	62.56	27.44	1.42	78.45	187.97	-115.47	9.92°	9.92	Madurai	1550	1550-01-04T23:12:29	2287199.25
1550	vaśiṣṭha	57.29	32.71	22.47	56.35	159.32	-163.61	9.92°	9.92	Madurai	1550	1550-01-04T23:12:29	2287199.25
1550	arundhatī 	57.35	32.65	22.49	56.52	159.49	-163.26	9.92°	9.92	Madurai	1550	1550-01-04T23:12:29	2287199.25
1600	dhruva	66.31	23.69	22.77	66.35	151.78	-151.6	9.92°	9.92	Madurai	1600	1600-01-14T23:12:29	2305461.25
1600	mārīca	60.39	29.61	0.51	71.1	179.24	-130.96	9.92°	9.92	Madurai	1600	1600-01-14T23:12:29	2305461.25
1600	mahendra	59.67	30.33	1.19	74.47	191.09	-121.34	9.92°	9.92	Madurai	1600	1600-01-14T23:12:29	2305461.25
1600	agni	62.43	27.57	1.44	78.45	188.71	-115.31	9.92°	9.92	Madurai	1600	1600-01-14T23:12:29	2305461.25
1600	vaśiṣṭha	57.02	32.98	22.53	56.36	160.04	-163.09	9.92°	9.92	Madurai	1600	1600-01-14T23:12:29	2305461.25
1600	arundhatī 	57.08	32.92	22.55	56.53	160.21	-162.74	9.92°	9.92	Madurai	1600	1600-01-14T23:12:29	2305461.25
1650	dhruva	66.06	23.94	22.75	66.35	152.48	-151.26	9.92°	9.92	Madurai	1650	1650-01-14T23:12:29	2323724.25
1650	mārīca	60.21	29.79	0.48	71.1	179.95	-130.69	9.92°	9.92	Madurai	1650	1650-01-14T23:12:29	2323724.25
1650	mahendra	59.53	30.47	1.15	74.47	191.78	-121.12	9.92°	9.92	Madurai	1650	1650-01-14T23:12:29	2323724.25
1650	agni	62.32	27.68	1.4	78.45	189.43	-115.16	9.92°	9.92	Madurai	1650	1650-01-14T23:12:29	2323724.25
1650	vaśiṣṭha	56.76	33.24	22.51	56.36	160.74	-162.57	9.92°	9.92	Madurai	1650	1650-01-14T23:12:29	2323724.25
1650	arundhatī 	56.82	33.18	22.53	56.53	160.91	-162.23	9.92°	9.92	Madurai	1650	1650-01-14T23:12:29	2323724.25
1700	dhruva	65.82	24.18	22.8	66.35	153.19	-150.93	9.92°	9.92	Madurai	1700	1700-01-14T23:12:29	2341986.25
1700	mārīca	60.03	29.97	0.51	71.1	180.65	-130.43	9.92°	9.92	Madurai	1700	1700-01-14T23:12:29	2341986.25
1700	mahendra	59.39	30.61	1.18	74.46	192.47	-120.9	9.92°	9.92	Madurai	1700	1700-01-14T23:12:29	2341986.25
1700	agni	62.2	27.8	1.42	78.45	190.14	-115	9.92°	9.92	Madurai	1700	1700-01-14T23:12:29	2341986.25
1700	vaśiṣṭha	56.5	33.5	22.56	56.36	161.44	-162.06	9.92°	9.92	Madurai	1700	1700-01-14T23:12:29	2341986.25
1700	arundhatī 	56.55	33.45	22.58	56.53	161.62	-161.72	9.92°	9.92	Madurai	1700	1700-01-14T23:12:29	2341986.25
1750	dhruva	65.57	24.43	22.78	66.35	153.91	-150.59	9.92°	9.92	Madurai	1750	1750-01-15T23:12:29	2360249.25
1750	mārīca	59.84	30.16	0.48	71.09	181.38	-130.15	9.92°	9.92	Madurai	1750	1750-01-15T23:12:29	2360249.25
1750	mahendra	59.25	30.75	1.14	74.46	193.18	-120.68	9.92°	9.92	Madurai	1750	1750-01-15T23:12:29	2360249.25
1750	agni	62.08	27.92	1.38	78.45	190.88	-114.84	9.92°	9.92	Madurai	1750	1750-01-15T23:12:29	2360249.25
1750	vaśiṣṭha	56.23	33.77	22.55	56.36	162.16	-161.54	9.92°	9.92	Madurai	1750	1750-01-15T23:12:29	2360249.25
1750	arundhatī 	56.29	33.71	22.57	56.54	162.34	-161.21	9.92°	9.92	Madurai	1750	1750-01-15T23:12:29	2360249.25
1800	dhruva	65.33	24.67	22.76	66.36	154.62	-150.25	9.92°	9.92	Madurai	1800	1800-01-16T23:12:29	2378512.25
1800	mārīca	59.67	30.33	0.45	71.09	182.1	-129.88	9.92°	9.92	Madurai	1800	1800-01-16T23:12:29	2378512.25
1800	mahendra	59.11	30.89	1.1	74.45	193.88	-120.45	9.92°	9.92	Madurai	1800	1800-01-16T23:12:29	2378512.25
1800	agni	61.96	28.04	1.34	78.44	191.61	-114.68	9.92°	9.92	Madurai	1800	1800-01-16T23:12:29	2378512.25
1800	vaśiṣṭha	55.97	34.03	22.54	56.37	162.87	-161.04	9.92°	9.92	Madurai	1800	1800-01-16T23:12:29	2378512.25
1800	arundhatī 	56.03	33.97	22.56	56.54	163.04	-160.7	9.92°	9.92	Madurai	1800	1800-01-16T23:12:29	2378512.25
1850	dhruva	65.09	24.91	22.95	66.35	155.32	-149.92	9.92°	9.92	Madurai	1850	1850-01-16T23:21:10	2396774.25
1850	mārīca	59.49	30.51	0.63	71.09	182.8	-129.61	9.92°	9.92	Madurai	1850	1850-01-16T23:21:10	2396774.25
1850	mahendra	58.97	31.03	1.28	74.45	194.56	-120.23	9.92°	9.92	Madurai	1850	1850-01-16T23:21:10	2396774.25
1850	agni	61.85	28.15	1.51	78.44	192.31	-114.52	9.92°	9.92	Madurai	1850	1850-01-16T23:21:10	2396774.25
1850	vaśiṣṭha	55.7	34.3	22.73	56.37	163.57	-160.53	9.92°	9.92	Madurai	1850	1850-01-16T23:21:10	2396774.25
1850	arundhatī 	55.77	34.23	22.75	56.54	163.75	-160.2	9.92°	9.92	Madurai	1850	1850-01-16T23:21:10	2396774.25
1900	dhruva	64.85	25.15	22.94	66.36	156.05	-149.58	9.92°	9.92	Madurai	1900	1900-01-17T23:21:10	2415037.25
1900	mārīca	59.31	30.69	0.6	71.09	183.53	-129.33	9.92°	9.92	Madurai	1900	1900-01-17T23:21:10	2415037.25
1900	mahendra	58.83	31.17	1.24	74.44	195.28	-119.99	9.92°	9.92	Madurai	1900	1900-01-17T23:21:10	2415037.25
1900	agni	61.74	28.26	1.47	78.44	193.05	-114.35	9.92°	9.92	Madurai	1900	1900-01-17T23:21:10	2415037.25
1900	vaśiṣṭha	55.44	34.56	22.72	56.37	164.29	-160.02	9.92°	9.92	Madurai	1900	1900-01-17T23:21:10	2415037.25
1900	arundhatī 	55.5	34.5	22.74	56.54	164.47	-159.69	9.92°	9.92	Madurai	1900	1900-01-17T23:21:10	2415037.25
1950	dhruva	64.61	25.39	23.13	66.36	156.76	-149.24	9.92°	9.92	Madurai	1950	1950-01-17T23:30:00	2433299.25
1950	mārīca	59.13	30.87	0.78	71.09	184.25	-129.05	9.92°	9.92	Madurai	1950	1950-01-17T23:30:00	2433299.25
1950	mahendra	58.69	31.31	1.42	74.44	195.98	-119.76	9.92°	9.92	Madurai	1950	1950-01-17T23:30:00	2433299.25
1950	agni	61.62	28.38	1.64	78.44	193.78	-114.18	9.92°	9.92	Madurai	1950	1950-01-17T23:30:00	2433299.25
1950	vaśiṣṭha	55.18	34.82	22.92	56.37	165	-159.52	9.92°	9.92	Madurai	1950	1950-01-17T23:30:00	2433299.25
1950	arundhatī 	55.24	34.76	22.94	56.55	165.17	-159.19	9.92°	9.92	Madurai	1950	1950-01-17T23:30:00	2433299.25
2000	dhruva	64.37	25.63	23.11	66.36	157.46	-148.91	9.92°	9.92	Madurai	2000	2000-01-18T23:30:00	2451562.25
2000	mārīca	58.96	31.04	0.75	71.09	184.95	-128.78	9.92°	9.92	Madurai	2000	2000-01-18T23:30:00	2451562.25
2000	mahendra	58.56	31.44	1.38	74.43	196.66	-119.54	9.92°	9.92	Madurai	2000	2000-01-18T23:30:00	2451562.25
2000	agni	61.51	28.49	1.6	78.44	194.48	-114.01	9.92°	9.92	Madurai	2000	2000-01-18T23:30:00	2451562.25
2000	vaśiṣṭha	54.92	35.08	22.9	56.37	165.7	-159.02	9.92°	9.92	Madurai	2000	2000-01-18T23:30:00	2451562.25
2000	arundhatī 	54.98	35.02	22.92	56.55	165.88	-158.7	9.92°	9.92	Madurai	2000	2000-01-18T23:30:00	2451562.25