Epoch	City	Location	GeoLat	GetLat°	lat	lon	ra	decl	rise-hr	jd	date	year
-4000	Madurai	Madurai(9.92°)	9.92	9.92°	66.03	73.12	-8.8	83.14	-5	260048.25	-4001-12-22T23:07:07	-4001
-4000	Ujjain	Ujjain(23.18°)	23.18	23.18°	66.03	73.12	-8.8	83.14	-5	260048.25	-4001-12-22T23:07:07	-4001
-4000	Kurukshetra	Kurukshetra(29.97°)	29.97	29.97°	66.03	73.12	-8.8	83.14	-5	260048.25	-4001-12-22T23:07:07	-4001
-4000	Srinagar	Srinagar(34.09°)	34.09	34.09°	66.03	73.12	-8.8	83.14	-5	260048.25	-4001-12-22T23:07:07	-4001
-3950	Madurai	Madurai(9.92°)	9.92	9.92°	66.04	73.81	-8.56	83.42	-5	278310.25	-3951-12-21T22:59:14	-3951
-3950	Ujjain	Ujjain(23.18°)	23.18	23.18°	66.04	73.81	-8.56	83.42	-5	278310.25	-3951-12-21T22:59:14	-3951
-3950	Kurukshetra	Kurukshetra(29.97°)	29.97	29.97°	66.04	73.81	-8.56	83.42	-5	278310.25	-3951-12-21T22:59:14	-3951
-3950	Srinagar	Srinagar(34.09°)	34.09	34.09°	66.04	73.81	-8.56	83.42	-5	278310.25	-3951-12-21T22:59:14	-3951
-3900	Madurai	Madurai(9.92°)	9.92	9.92°	66.04	74.5	-8.27	83.7	-5	296573.25	-3901-12-22T22:59:14	-3901
-3900	Ujjain	Ujjain(23.18°)	23.18	23.18°	66.04	74.5	-8.27	83.7	-5	296573.25	-3901-12-22T22:59:14	-3901
-3900	Kurukshetra	Kurukshetra(29.97°)	29.97	29.97°	66.04	74.5	-8.27	83.7	-5	296573.25	-3901-12-22T22:59:14	-3901
-3900	Srinagar	Srinagar(34.09°)	34.09	34.09°	66.04	74.5	-8.27	83.7	-5	296573.25	-3901-12-22T22:59:14	-3901
-3850	Madurai	Madurai(9.92°)	9.92	9.92°	66.04	75.2	-8.01	83.99	-5	314836.25	-3851-12-22T22:59:14	-3851
-3850	Ujjain	Ujjain(23.18°)	23.18	23.18°	66.04	75.2	-8.01	83.99	-5	314836.25	-3851-12-22T22:59:14	-3851
-3850	Kurukshetra	Kurukshetra(29.97°)	29.97	29.97°	66.04	75.2	-8.01	83.99	-5	314836.25	-3851-12-22T22:59:14	-3851
-3850	Srinagar	Srinagar(34.09°)	34.09	34.09°	66.04	75.2	-8.01	83.99	-5	314836.25	-3851-12-22T22:59:14	-3851
-3800	Madurai	Madurai(9.92°)	9.92	9.92°	66.05	75.89	-7.8	84.27	-5	333098.25	-3801-12-22T22:59:14	-3801
-3800	Ujjain	Ujjain(23.18°)	23.18	23.18°	66.05	75.89	-7.8	84.27	-5	333098.25	-3801-12-22T22:59:14	-3801
-3800	Kurukshetra	Kurukshetra(29.97°)	29.97	29.97°	66.05	75.89	-7.8	84.27	-5	333098.25	-3801-12-22T22:59:14	-3801
-3800	Srinagar	Srinagar(34.09°)	34.09	34.09°	66.05	75.89	-7.8	84.27	-5	333098.25	-3801-12-22T22:59:14	-3801
-3750	Madurai	Madurai(9.92°)	9.92	9.92°	66.05	76.58	-7.53	84.55	-5	351361.25	-3751-12-22T22:59:14	-3751
-3750	Ujjain	Ujjain(23.18°)	23.18	23.18°	66.05	76.58	-7.53	84.55	-5	351361.25	-3751-12-22T22:59:14	-3751
-3750	Kurukshetra	Kurukshetra(29.97°)	29.97	29.97°	66.05	76.58	-7.53	84.55	-5	351361.25	-3751-12-22T22:59:14	-3751
-3750	Srinagar	Srinagar(34.09°)	34.09	34.09°	66.05	76.58	-7.53	84.55	-5	351361.25	-3751-12-22T22:59:14	-3751
-3700	Madurai	Madurai(9.92°)	9.92	9.92°	66.05	77.28	-7.27	84.83	-5	369623.25	-3701-12-22T22:59:14	-3701
-3700	Ujjain	Ujjain(23.18°)	23.18	23.18°	66.05	77.28	-7.27	84.83	-5	369623.25	-3701-12-22T22:59:14	-3701
-3700	Kurukshetra	Kurukshetra(29.97°)	29.97	29.97°	66.05	77.28	-7.27	84.83	-5	369623.25	-3701-12-22T22:59:14	-3701
-3700	Srinagar	Srinagar(34.09°)	34.09	34.09°	66.05	77.28	-7.27	84.83	-5	369623.25	-3701-12-22T22:59:14	-3701
-3650	Madurai	Madurai(9.92°)	9.92	9.92°	66.06	77.98	-7.09	85.11	-5	387886.25	-3651-12-22T22:59:14	-3651
-3650	Ujjain	Ujjain(23.18°)	23.18	23.18°	66.06	77.98	-7.09	85.11	-5	387886.25	-3651-12-22T22:59:14	-3651
-3650	Kurukshetra	Kurukshetra(29.97°)	29.97	29.97°	66.06	77.98	-7.09	85.11	-5	387886.25	-3651-12-22T22:59:14	-3651
-3650	Srinagar	Srinagar(34.09°)	34.09	34.09°	66.06	77.98	-7.09	85.11	-5	387886.25	-3651-12-22T22:59:14	-3651
-3600	Madurai	Madurai(9.92°)	9.92	9.92°	66.06	78.66	-6.86	85.39	-5	406149.25	-3601-12-23T22:59:14	-3601
-3600	Ujjain	Ujjain(23.18°)	23.18	23.18°	66.06	78.66	-6.86	85.39	-5	406149.25	-3601-12-23T22:59:14	-3601
-3600	Kurukshetra	Kurukshetra(29.97°)	29.97	29.97°	66.06	78.66	-6.86	85.39	-5	406149.25	-3601-12-23T22:59:14	-3601
-3600	Srinagar	Srinagar(34.09°)	34.09	34.09°	66.06	78.66	-6.86	85.39	-5	406149.25	-3601-12-23T22:59:14	-3601
-3550	Madurai	Madurai(9.92°)	9.92	9.92°	66.06	79.37	-6.61	85.68	-5	424411.25	-3551-12-22T22:59:14	-3551
-3550	Ujjain	Ujjain(23.18°)	23.18	23.18°	66.06	79.37	-6.61	85.68	-5	424411.25	-3551-12-22T22:59:14	-3551
-3550	Kurukshetra	Kurukshetra(29.97°)	29.97	29.97°	66.06	79.37	-6.61	85.68	-5	424411.25	-3551-12-22T22:59:14	-3551
-3550	Srinagar	Srinagar(34.09°)	34.09	34.09°	66.06	79.37	-6.61	85.68	-5	424411.25	-3551-12-22T22:59:14	-3551
-3500	Madurai	Madurai(9.92°)	9.92	9.92°	66.07	80.06	-6.47	85.96	-5	442674.25	-3501-12-23T22:59:14	-3501
-3500	Ujjain	Ujjain(23.18°)	23.18	23.18°	66.07	80.06	-6.47	85.96	-5	442674.25	-3501-12-23T22:59:14	-3501
-3500	Kurukshetra	Kurukshetra(29.97°)	29.97	29.97°	66.07	80.06	-6.47	85.96	-5	442674.25	-3501-12-23T22:59:14	-3501
-3500	Srinagar	Srinagar(34.09°)	34.09	34.09°	66.07	80.06	-6.47	85.96	-5	442674.25	-3501-12-23T22:59:14	-3501
-3450	Madurai	Madurai(9.92°)	9.92	9.92°	66.08	80.75	-6.3	86.24	-5	460937.25	-3451-12-23T22:59:14	-3451
-3450	Ujjain	Ujjain(23.18°)	23.18	23.18°	66.08	80.75	-6.3	86.24	-5	460937.25	-3451-12-23T22:59:14	-3451
-3450	Kurukshetra	Kurukshetra(29.97°)	29.97	29.97°	66.08	80.75	-6.3	86.24	-5	460937.25	-3451-12-23T22:59:14	-3451
-3450	Srinagar	Srinagar(34.09°)	34.09	34.09°	66.08	80.75	-6.3	86.24	-5	460937.25	-3451-12-23T22:59:14	-3451
-3400	Madurai	Madurai(9.92°)	9.92	9.92°	66.08	81.45	-6.09	86.52	-5	479199.25	-3401-12-23T22:59:14	-3401
-3400	Ujjain	Ujjain(23.18°)	23.18	23.18°	66.08	81.45	-6.09	86.52	-5	479199.25	-3401-12-23T22:59:14	-3401
-3400	Kurukshetra	Kurukshetra(29.97°)	29.97	29.97°	66.08	81.45	-6.09	86.52	-5	479199.25	-3401-12-23T22:59:14	-3401
-3400	Srinagar	Srinagar(34.09°)	34.09	34.09°	66.08	81.45	-6.09	86.52	-5	479199.25	-3401-12-23T22:59:14	-3401
-3350	Madurai	Madurai(9.92°)	9.92	9.92°	66.08	82.15	-6.01	86.81	-5	497462.25	-3351-12-23T22:59:14	-3351
-3350	Ujjain	Ujjain(23.18°)	23.18	23.18°	66.08	82.15	-6.01	86.81	-5	497462.25	-3351-12-23T22:59:14	-3351
-3350	Kurukshetra	Kurukshetra(29.97°)	29.97	29.97°	66.08	82.15	-6.01	86.81	-5	497462.25	-3351-12-23T22:59:14	-3351
-3350	Srinagar	Srinagar(34.09°)	34.09	34.09°	66.08	82.15	-6.01	86.81	-5	497462.25	-3351-12-23T22:59:14	-3351
-3300	Madurai	Madurai(9.92°)	9.92	9.92°	66.09	82.84	-5.96	87.09	-5	515724.25	-3301-12-23T22:59:14	-3301
-3300	Ujjain	Ujjain(23.18°)	23.18	23.18°	66.09	82.84	-5.96	87.09	-5	515724.25	-3301-12-23T22:59:14	-3301
-3300	Kurukshetra	Kurukshetra(29.97°)	29.97	29.97°	66.09	82.84	-5.96	87.09	-5	515724.25	-3301-12-23T22:59:14	-3301
-3300	Srinagar	Srinagar(34.09°)	34.09	34.09°	66.09	82.84	-5.96	87.09	-5	515724.25	-3301-12-23T22:59:14	-3301
-3250	Madurai	Madurai(9.92°)	9.92	9.92°	66.09	83.53	-5.83	87.37	-5	533987.25	-3251-12-23T22:59:14	-3251
-3250	Ujjain	Ujjain(23.18°)	23.18	23.18°	66.09	83.53	-5.83	87.37	-5	533987.25	-3251-12-23T22:59:14	-3251
-3250	Kurukshetra	Kurukshetra(29.97°)	29.97	29.97°	66.09	83.53	-5.83	87.37	-5	533987.25	-3251-12-23T22:59:14	-3251
-3250	Srinagar	Srinagar(34.09°)	34.09	34.09°	66.09	83.53	-5.83	87.37	-5	533987.25	-3251-12-23T22:59:14	-3251
-3200	Madurai	Madurai(9.92°)	9.92	9.92°	66.09	84.24	-5.9	87.66	-5	552250.25	-3201-12-24T22:59:14	-3201
-3200	Ujjain	Ujjain(23.18°)	23.18	23.18°	66.09	84.24	-5.9	87.66	-5	552250.25	-3201-12-24T22:59:14	-3201
-3200	Kurukshetra	Kurukshetra(29.97°)	29.97	29.97°	66.09	84.24	-5.9	87.66	-5	552250.25	-3201-12-24T22:59:14	-3201
-3200	Srinagar	Srinagar(34.09°)	34.09	34.09°	66.09	84.24	-5.9	87.66	-5	552250.25	-3201-12-24T22:59:14	-3201
-3150	Madurai	Madurai(9.92°)	9.92	9.92°	66.1	84.93	-6.09	87.93	-5	570512.25	-3151-12-23T22:59:14	-3151
-3150	Ujjain	Ujjain(23.18°)	23.18	23.18°	66.1	84.93	-6.09	87.93	-5	570512.25	-3151-12-23T22:59:14	-3151
-3150	Kurukshetra	Kurukshetra(29.97°)	29.97	29.97°	66.1	84.93	-6.09	87.93	-5	570512.25	-3151-12-23T22:59:14	-3151
-3150	Srinagar	Srinagar(34.09°)	34.09	34.09°	66.1	84.93	-6.09	87.93	-5	570512.25	-3151-12-23T22:59:14	-3151
-3100	Madurai	Madurai(9.92°)	9.92	9.92°	66.1	85.62	-6.23	88.22	-5	588775.25	-3101-12-24T22:59:14	-3101
-3100	Ujjain	Ujjain(23.18°)	23.18	23.18°	66.1	85.62	-6.23	88.22	-5	588775.25	-3101-12-24T22:59:14	-3101
-3100	Kurukshetra	Kurukshetra(29.97°)	29.97	29.97°	66.1	85.62	-6.23	88.22	-5	588775.25	-3101-12-24T22:59:14	-3101
-3100	Srinagar	Srinagar(34.09°)	34.09	34.09°	66.1	85.62	-6.23	88.22	-5	588775.25	-3101-12-24T22:59:14	-3101
-3050	Madurai	Madurai(9.92°)	9.92	9.92°	66.11	86.32	-6.7	88.5	-5	607037.25	-3051-12-23T22:59:14	-3051
-3050	Ujjain	Ujjain(23.18°)	23.18	23.18°	66.11	86.32	-6.7	88.5	-5	607037.25	-3051-12-23T22:59:14	-3051
-3050	Kurukshetra	Kurukshetra(29.97°)	29.97	29.97°	66.11	86.32	-6.7	88.5	-5	607037.25	-3051-12-23T22:59:14	-3051
-3050	Srinagar	Srinagar(34.09°)	34.09	34.09°	66.11	86.32	-6.7	88.5	-5	607037.25	-3051-12-23T22:59:14	-3051
-3000	Madurai	Madurai(9.92°)	9.92	9.92°	66.11	87.02	-7.7	88.78	-5	625300.25	-3001-12-24T22:59:14	-3001
-3000	Ujjain	Ujjain(23.18°)	23.18	23.18°	66.11	87.02	-7.7	88.78	-5	625300.25	-3001-12-24T22:59:14	-3001
-3000	Kurukshetra	Kurukshetra(29.97°)	29.97	29.97°	66.11	87.02	-7.7	88.78	-5	625300.25	-3001-12-24T22:59:14	-3001
-3000	Srinagar	Srinagar(34.09°)	34.09	34.09°	66.11	87.02	-7.7	88.78	-5	625300.25	-3001-12-24T22:59:14	-3001
-2950	Madurai	Madurai(9.92°)	9.92	9.92°	66.11	87.71	-9.05	89.06	-5	643563.25	-2951-12-24T22:59:14	-2951
-2950	Ujjain	Ujjain(23.18°)	23.18	23.18°	66.11	87.71	-9.05	89.06	-5	643563.25	-2951-12-24T22:59:14	-2951
-2950	Kurukshetra	Kurukshetra(29.97°)	29.97	29.97°	66.11	87.71	-9.05	89.06	-5	643563.25	-2951-12-24T22:59:14	-2951
-2950	Srinagar	Srinagar(34.09°)	34.09	34.09°	66.11	87.71	-9.05	89.06	-5	643563.25	-2951-12-24T22:59:14	-2951
-2900	Madurai	Madurai(9.92°)	9.92	9.92°	66.12	88.41	-12.01	89.34	-5	661825.25	-2901-12-24T22:59:14	-2901
-2900	Ujjain	Ujjain(23.18°)	23.18	23.18°	66.12	88.41	-12.01	89.34	-5	661825.25	-2901-12-24T22:59:14	-2901
-2900	Kurukshetra	Kurukshetra(29.97°)	29.97	29.97°	66.12	88.41	-12.01	89.34	-5	661825.25	-2901-12-24T22:59:14	-2901
-2900	Srinagar	Srinagar(34.09°)	34.09	34.09°	66.12	88.41	-12.01	89.34	-5	661825.25	-2901-12-24T22:59:14	-2901
-2850	Madurai	Madurai(9.92°)	9.92	9.92°	66.12	88.41	-11.94	89.34	-5	680088.25	-2851-12-24T22:59:14	-2851
-2850	Ujjain	Ujjain(23.18°)	23.18	23.18°	66.12	88.41	-11.94	89.34	-5	680088.25	-2851-12-24T22:59:14	-2851
-2850	Kurukshetra	Kurukshetra(29.97°)	29.97	29.97°	66.12	88.41	-11.94	89.34	-5	680088.25	-2851-12-24T22:59:14	-2851
-2850	Srinagar	Srinagar(34.09°)	34.09	34.09°	66.12	88.41	-11.94	89.34	-5	680088.25	-2851-12-24T22:59:14	-2851
-2800	Madurai	Madurai(9.92°)	9.92	9.92°	66.12	88.41	-11.86	89.34	-5	698351.25	-2801-12-25T22:59:14	-2801
-2800	Ujjain	Ujjain(23.18°)	23.18	23.18°	66.12	88.41	-11.86	89.34	-5	698351.25	-2801-12-25T22:59:14	-2801
-2800	Kurukshetra	Kurukshetra(29.97°)	29.97	29.97°	66.12	88.41	-11.86	89.34	-5	698351.25	-2801-12-25T22:59:14	-2801
-2800	Srinagar	Srinagar(34.09°)	34.09	34.09°	66.12	88.41	-11.86	89.34	-5	698351.25	-2801-12-25T22:59:14	-2801
-2750	Madurai	Madurai(9.92°)	9.92	9.92°	66.13	88.41	-11.79	89.34	-5	716613.25	-2751-12-24T22:59:14	-2751
-2750	Ujjain	Ujjain(23.18°)	23.18	23.18°	66.13	88.41	-11.79	89.34	-5	716613.25	-2751-12-24T22:59:14	-2751
-2750	Kurukshetra	Kurukshetra(29.97°)	29.97	29.97°	66.13	88.41	-11.79	89.34	-5	716613.25	-2751-12-24T22:59:14	-2751
-2750	Srinagar	Srinagar(34.09°)	34.09	34.09°	66.13	88.41	-11.79	89.34	-5	716613.25	-2751-12-24T22:59:14	-2751
-2700	Madurai	Madurai(9.92°)	9.92	9.92°	66.13	88.41	-11.71	89.34	-5	734876.25	-2701-12-25T22:59:14	-2701
-2700	Ujjain	Ujjain(23.18°)	23.18	23.18°	66.13	88.41	-11.71	89.34	-5	734876.25	-2701-12-25T22:59:14	-2701
-2700	Kurukshetra	Kurukshetra(29.97°)	29.97	29.97°	66.13	88.41	-11.71	89.34	-5	734876.25	-2701-12-25T22:59:14	-2701
-2700	Srinagar	Srinagar(34.09°)	34.09	34.09°	66.13	88.41	-11.71	89.34	-5	734876.25	-2701-12-25T22:59:14	-2701
-2650	Madurai	Madurai(9.92°)	9.92	9.92°	66.14	88.41	-11.64	89.34	-5	753138.25	-2651-12-24T22:59:14	-2651
-2650	Ujjain	Ujjain(23.18°)	23.18	23.18°	66.14	88.41	-11.64	89.34	-5	753138.25	-2651-12-24T22:59:14	-2651
-2650	Kurukshetra	Kurukshetra(29.97°)	29.97	29.97°	66.14	88.41	-11.64	89.34	-5	753138.25	-2651-12-24T22:59:14	-2651
-2650	Srinagar	Srinagar(34.09°)	34.09	34.09°	66.14	88.41	-11.64	89.34	-5	753138.25	-2651-12-24T22:59:14	-2651
-2600	Madurai	Madurai(9.92°)	9.92	9.92°	66.14	88.41	-11.57	89.34	-5	771401.25	-2601-12-25T22:59:14	-2601
-2600	Ujjain	Ujjain(23.18°)	23.18	23.18°	66.14	88.41	-11.57	89.34	-5	771401.25	-2601-12-25T22:59:14	-2601
-2600	Kurukshetra	Kurukshetra(29.97°)	29.97	29.97°	66.14	88.41	-11.57	89.34	-5	771401.25	-2601-12-25T22:59:14	-2601
-2600	Srinagar	Srinagar(34.09°)	34.09	34.09°	66.14	88.41	-11.57	89.34	-5	771401.25	-2601-12-25T22:59:14	-2601
-2550	Madurai	Madurai(9.92°)	9.92	9.92°	66.14	88.41	-11.49	89.34	-5	789664.25	-2551-12-25T22:59:14	-2551
-2550	Ujjain	Ujjain(23.18°)	23.18	23.18°	66.14	88.41	-11.49	89.34	-5	789664.25	-2551-12-25T22:59:14	-2551
-2550	Kurukshetra	Kurukshetra(29.97°)	29.97	29.97°	66.14	88.41	-11.49	89.34	-5	789664.25	-2551-12-25T22:59:14	-2551
-2550	Srinagar	Srinagar(34.09°)	34.09	34.09°	66.14	88.41	-11.49	89.34	-5	789664.25	-2551-12-25T22:59:14	-2551
-2500	Madurai	Madurai(9.92°)	9.92	9.92°	66.15	88.41	-11.42	89.34	-5	807926.25	-2501-12-25T22:59:14	-2501
-2500	Ujjain	Ujjain(23.18°)	23.18	23.18°	66.15	88.41	-11.42	89.34	-5	807926.25	-2501-12-25T22:59:14	-2501
-2500	Kurukshetra	Kurukshetra(29.97°)	29.97	29.97°	66.15	88.41	-11.42	89.34	-5	807926.25	-2501-12-25T22:59:14	-2501
-2500	Srinagar	Srinagar(34.09°)	34.09	34.09°	66.15	88.41	-11.42	89.34	-5	807926.25	-2501-12-25T22:59:14	-2501
-2450	Madurai	Madurai(9.92°)	9.92	9.92°	66.15	88.41	-11.34	89.35	-5	826189.25	-2451-12-25T22:59:14	-2451
-2450	Ujjain	Ujjain(23.18°)	23.18	23.18°	66.15	88.41	-11.34	89.35	-5	826189.25	-2451-12-25T22:59:14	-2451
-2450	Kurukshetra	Kurukshetra(29.97°)	29.97	29.97°	66.15	88.41	-11.34	89.35	-5	826189.25	-2451-12-25T22:59:14	-2451
-2450	Srinagar	Srinagar(34.09°)	34.09	34.09°	66.15	88.41	-11.34	89.35	-5	826189.25	-2451-12-25T22:59:14	-2451
-2400	Madurai	Madurai(9.92°)	9.92	9.92°	66.15	88.41	-11.27	89.35	-5	844452.25	-2401-12-26T22:59:14	-2401
-2400	Ujjain	Ujjain(23.18°)	23.18	23.18°	66.15	88.41	-11.27	89.35	-5	844452.25	-2401-12-26T22:59:14	-2401
-2400	Kurukshetra	Kurukshetra(29.97°)	29.97	29.97°	66.15	88.41	-11.27	89.35	-5	844452.25	-2401-12-26T22:59:14	-2401
-2400	Srinagar	Srinagar(34.09°)	34.09	34.09°	66.15	88.41	-11.27	89.35	-5	844452.25	-2401-12-26T22:59:14	-2401
-2350	Madurai	Madurai(9.92°)	9.92	9.92°	66.16	88.41	-11.2	89.35	-5	862714.25	-2351-12-25T22:59:14	-2351
-2350	Ujjain	Ujjain(23.18°)	23.18	23.18°	66.16	88.41	-11.2	89.35	-5	862714.25	-2351-12-25T22:59:14	-2351
-2350	Kurukshetra	Kurukshetra(29.97°)	29.97	29.97°	66.16	88.41	-11.2	89.35	-5	862714.25	-2351-12-25T22:59:14	-2351
-2350	Srinagar	Srinagar(34.09°)	34.09	34.09°	66.16	88.41	-11.2	89.35	-5	862714.25	-2351-12-25T22:59:14	-2351
-2300	Madurai	Madurai(9.92°)	9.92	9.92°	66.16	88.41	-11.12	89.35	-5	880977.25	-2301-12-26T22:59:14	-2301
-2300	Ujjain	Ujjain(23.18°)	23.18	23.18°	66.16	88.41	-11.12	89.35	-5	880977.25	-2301-12-26T22:59:14	-2301
-2300	Kurukshetra	Kurukshetra(29.97°)	29.97	29.97°	66.16	88.41	-11.12	89.35	-5	880977.25	-2301-12-26T22:59:14	-2301
-2300	Srinagar	Srinagar(34.09°)	34.09	34.09°	66.16	88.41	-11.12	89.35	-5	880977.25	-2301-12-26T22:59:14	-2301
-2250	Madurai	Madurai(9.92°)	9.92	9.92°	66.17	88.41	-11.05	89.35	-5	899239.25	-2251-12-25T22:59:14	-2251
-2250	Ujjain	Ujjain(23.18°)	23.18	23.18°	66.17	88.41	-11.05	89.35	-5	899239.25	-2251-12-25T22:59:14	-2251
-2250	Kurukshetra	Kurukshetra(29.97°)	29.97	29.97°	66.17	88.41	-11.05	89.35	-5	899239.25	-2251-12-25T22:59:14	-2251
-2250	Srinagar	Srinagar(34.09°)	34.09	34.09°	66.17	88.41	-11.05	89.35	-5	899239.25	-2251-12-25T22:59:14	-2251
-2200	Madurai	Madurai(9.92°)	9.92	9.92°	66.17	88.41	-10.97	89.35	-5	917502.25	-2201-12-26T22:59:14	-2201
-2200	Ujjain	Ujjain(23.18°)	23.18	23.18°	66.17	88.41	-10.97	89.35	-5	917502.25	-2201-12-26T22:59:14	-2201
-2200	Kurukshetra	Kurukshetra(29.97°)	29.97	29.97°	66.17	88.41	-10.97	89.35	-5	917502.25	-2201-12-26T22:59:14	-2201
-2200	Srinagar	Srinagar(34.09°)	34.09	34.09°	66.17	88.41	-10.97	89.35	-5	917502.25	-2201-12-26T22:59:14	-2201
-2150	Madurai	Madurai(9.92°)	9.92	9.92°	66.18	88.41	-10.9	89.35	-5	935765.25	-2151-12-26T22:59:14	-2151
-2150	Ujjain	Ujjain(23.18°)	23.18	23.18°	66.18	88.41	-10.9	89.35	-5	935765.25	-2151-12-26T22:59:14	-2151
-2150	Kurukshetra	Kurukshetra(29.97°)	29.97	29.97°	66.18	88.41	-10.9	89.35	-5	935765.25	-2151-12-26T22:59:14	-2151
-2150	Srinagar	Srinagar(34.09°)	34.09	34.09°	66.18	88.41	-10.9	89.35	-5	935765.25	-2151-12-26T22:59:14	-2151
-2100	Madurai	Madurai(9.92°)	9.92	9.92°	66.18	88.41	-10.82	89.35	-5	954027.25	-2101-12-26T22:59:14	-2101
-2100	Ujjain	Ujjain(23.18°)	23.18	23.18°	66.18	88.41	-10.82	89.35	-5	954027.25	-2101-12-26T22:59:14	-2101
-2100	Kurukshetra	Kurukshetra(29.97°)	29.97	29.97°	66.18	88.41	-10.82	89.35	-5	954027.25	-2101-12-26T22:59:14	-2101
-2100	Srinagar	Srinagar(34.09°)	34.09	34.09°	66.18	88.41	-10.82	89.35	-5	954027.25	-2101-12-26T22:59:14	-2101
-2050	Madurai	Madurai(9.92°)	9.92	9.92°	66.18	88.41	-10.75	89.35	-5	972290.25	-2051-12-26T22:59:14	-2051
-2050	Ujjain	Ujjain(23.18°)	23.18	23.18°	66.18	88.41	-10.75	89.35	-5	972290.25	-2051-12-26T22:59:14	-2051
-2050	Kurukshetra	Kurukshetra(29.97°)	29.97	29.97°	66.18	88.41	-10.75	89.35	-5	972290.25	-2051-12-26T22:59:14	-2051
-2050	Srinagar	Srinagar(34.09°)	34.09	34.09°	66.18	88.41	-10.75	89.35	-5	972290.25	-2051-12-26T22:59:14	-2051
-2000	Madurai	Madurai(9.92°)	9.92	9.92°	66.19	88.41	-10.67	89.35	-5	990552.25	-2001-12-26T22:59:14	-2001
-2000	Ujjain	Ujjain(23.18°)	23.18	23.18°	66.19	88.41	-10.67	89.35	-5	990552.25	-2001-12-26T22:59:14	-2001
-2000	Kurukshetra	Kurukshetra(29.97°)	29.97	29.97°	66.19	88.41	-10.67	89.35	-5	990552.25	-2001-12-26T22:59:14	-2001
-2000	Srinagar	Srinagar(34.09°)	34.09	34.09°	66.19	88.41	-10.67	89.35	-5	990552.25	-2001-12-26T22:59:14	-2001
-1950	Madurai	Madurai(9.92°)	9.92	9.92°	66.19	88.41	-10.6	89.35	-5	1008815.25	-1951-12-26T22:59:14	-1951
-1950	Ujjain	Ujjain(23.18°)	23.18	23.18°	66.19	88.41	-10.6	89.35	-5	1008815.25	-1951-12-26T22:59:14	-1951
-1950	Kurukshetra	Kurukshetra(29.97°)	29.97	29.97°	66.19	88.41	-10.6	89.35	-5	1008815.25	-1951-12-26T22:59:14	-1951
-1950	Srinagar	Srinagar(34.09°)	34.09	34.09°	66.19	88.41	-10.6	89.35	-5	1008815.25	-1951-12-26T22:59:14	-1951
-1900	Madurai	Madurai(9.92°)	9.92	9.92°	66.2	88.41	-10.52	89.35	-5	1027078.25	-1901-12-27T22:59:14	-1901
-1900	Ujjain	Ujjain(23.18°)	23.18	23.18°	66.2	88.41	-10.52	89.35	-5	1027078.25	-1901-12-27T22:59:14	-1901
-1900	Kurukshetra	Kurukshetra(29.97°)	29.97	29.97°	66.2	88.41	-10.52	89.35	-5	1027078.25	-1901-12-27T22:59:14	-1901
-1900	Srinagar	Srinagar(34.09°)	34.09	34.09°	66.2	88.41	-10.52	89.35	-5	1027078.25	-1901-12-27T22:59:14	-1901
-1850	Madurai	Madurai(9.92°)	9.92	9.92°	66.2	88.41	-10.45	89.35	-5	1045340.25	-1851-12-26T22:59:14	-1851
-1850	Ujjain	Ujjain(23.18°)	23.18	23.18°	66.2	88.41	-10.45	89.35	-5	1045340.25	-1851-12-26T22:59:14	-1851
-1850	Kurukshetra	Kurukshetra(29.97°)	29.97	29.97°	66.2	88.41	-10.45	89.35	-5	1045340.25	-1851-12-26T22:59:14	-1851
-1850	Srinagar	Srinagar(34.09°)	34.09	34.09°	66.2	88.41	-10.45	89.35	-5	1045340.25	-1851-12-26T22:59:14	-1851
-1800	Madurai	Madurai(9.92°)	9.92	9.92°	66.21	88.41	-10.37	89.35	-5	1063603.25	-1801-12-27T22:59:14	-1801
-1800	Ujjain	Ujjain(23.18°)	23.18	23.18°	66.21	88.41	-10.37	89.35	-5	1063603.25	-1801-12-27T22:59:14	-1801
-1800	Kurukshetra	Kurukshetra(29.97°)	29.97	29.97°	66.21	88.41	-10.37	89.35	-5	1063603.25	-1801-12-27T22:59:14	-1801
-1800	Srinagar	Srinagar(34.09°)	34.09	34.09°	66.21	88.41	-10.37	89.35	-5	1063603.25	-1801-12-27T22:59:14	-1801
-1750	Madurai	Madurai(9.92°)	9.92	9.92°	66.21	88.41	-10.3	89.35	-5	1081866.25	-1751-12-27T22:59:14	-1751
-1750	Ujjain	Ujjain(23.18°)	23.18	23.18°	66.21	88.41	-10.3	89.35	-5	1081866.25	-1751-12-27T22:59:14	-1751
-1750	Kurukshetra	Kurukshetra(29.97°)	29.97	29.97°	66.21	88.41	-10.3	89.35	-5	1081866.25	-1751-12-27T22:59:14	-1751
-1750	Srinagar	Srinagar(34.09°)	34.09	34.09°	66.21	88.41	-10.3	89.35	-5	1081866.25	-1751-12-27T22:59:14	-1751
-1700	Madurai	Madurai(9.92°)	9.92	9.92°	66.21	88.41	-10.22	89.35	-5	1100128.25	-1701-12-27T22:59:14	-1701
-1700	Ujjain	Ujjain(23.18°)	23.18	23.18°	66.21	88.41	-10.22	89.35	-5	1100128.25	-1701-12-27T22:59:14	-1701
-1700	Kurukshetra	Kurukshetra(29.97°)	29.97	29.97°	66.21	88.41	-10.22	89.35	-5	1100128.25	-1701-12-27T22:59:14	-1701
-1700	Srinagar	Srinagar(34.09°)	34.09	34.09°	66.21	88.41	-10.22	89.35	-5	1100128.25	-1701-12-27T22:59:14	-1701
-1650	Madurai	Madurai(9.92°)	9.92	9.92°	66.22	88.41	-10.15	89.35	-5	1118391.25	-1651-12-27T22:59:14	-1651
-1650	Ujjain	Ujjain(23.18°)	23.18	23.18°	66.22	88.41	-10.15	89.35	-5	1118391.25	-1651-12-27T22:59:14	-1651
-1650	Kurukshetra	Kurukshetra(29.97°)	29.97	29.97°	66.22	88.41	-10.15	89.35	-5	1118391.25	-1651-12-27T22:59:14	-1651
-1650	Srinagar	Srinagar(34.09°)	34.09	34.09°	66.22	88.41	-10.15	89.35	-5	1118391.25	-1651-12-27T22:59:14	-1651
-1600	Madurai	Madurai(9.92°)	9.92	9.92°	66.22	88.41	-10.07	89.35	-5	1136653.25	-1601-12-27T22:59:14	-1601
-1600	Ujjain	Ujjain(23.18°)	23.18	23.18°	66.22	88.41	-10.07	89.35	-5	1136653.25	-1601-12-27T22:59:14	-1601
-1600	Kurukshetra	Kurukshetra(29.97°)	29.97	29.97°	66.22	88.41	-10.07	89.35	-5	1136653.25	-1601-12-27T22:59:14	-1601
-1600	Srinagar	Srinagar(34.09°)	34.09	34.09°	66.22	88.41	-10.07	89.35	-5	1136653.25	-1601-12-27T22:59:14	-1601
-1550	Madurai	Madurai(9.92°)	9.92	9.92°	66.23	88.41	-10	89.35	-5	1154916.25	-1551-12-27T22:59:14	-1551
-1550	Ujjain	Ujjain(23.18°)	23.18	23.18°	66.23	88.41	-10	89.35	-5	1154916.25	-1551-12-27T22:59:14	-1551
-1550	Kurukshetra	Kurukshetra(29.97°)	29.97	29.97°	66.23	88.41	-10	89.35	-5	1154916.25	-1551-12-27T22:59:14	-1551
-1550	Srinagar	Srinagar(34.09°)	34.09	34.09°	66.23	88.41	-10	89.35	-5	1154916.25	-1551-12-27T22:59:14	-1551
-1500	Madurai	Madurai(9.92°)	9.92	9.92°	66.23	88.41	-9.92	89.35	-5	1173179.25	-1501-12-28T22:59:14	-1501
-1500	Ujjain	Ujjain(23.18°)	23.18	23.18°	66.23	88.41	-9.92	89.35	-5	1173179.25	-1501-12-28T22:59:14	-1501
-1500	Kurukshetra	Kurukshetra(29.97°)	29.97	29.97°	66.23	88.41	-9.92	89.35	-5	1173179.25	-1501-12-28T22:59:14	-1501
-1500	Srinagar	Srinagar(34.09°)	34.09	34.09°	66.23	88.41	-9.92	89.35	-5	1173179.25	-1501-12-28T22:59:14	-1501
-1450	Madurai	Madurai(9.92°)	9.92	9.92°	66.24	88.41	-9.85	89.35	-5	1191441.25	-1451-12-27T22:59:14	-1451
-1450	Ujjain	Ujjain(23.18°)	23.18	23.18°	66.24	88.41	-9.85	89.35	-5	1191441.25	-1451-12-27T22:59:14	-1451
-1450	Kurukshetra	Kurukshetra(29.97°)	29.97	29.97°	66.24	88.41	-9.85	89.35	-5	1191441.25	-1451-12-27T22:59:14	-1451
-1450	Srinagar	Srinagar(34.09°)	34.09	34.09°	66.24	88.41	-9.85	89.35	-5	1191441.25	-1451-12-27T22:59:14	-1451
-1400	Madurai	Madurai(9.92°)	9.92	9.92°	66.24	88.41	-9.77	89.35	-5	1209704.25	-1401-12-28T22:59:14	-1401
-1400	Ujjain	Ujjain(23.18°)	23.18	23.18°	66.24	88.41	-9.77	89.35	-5	1209704.25	-1401-12-28T22:59:14	-1401
-1400	Kurukshetra	Kurukshetra(29.97°)	29.97	29.97°	66.24	88.41	-9.77	89.35	-5	1209704.25	-1401-12-28T22:59:14	-1401
-1400	Srinagar	Srinagar(34.09°)	34.09	34.09°	66.24	88.41	-9.77	89.35	-5	1209704.25	-1401-12-28T22:59:14	-1401
-1350	Madurai	Madurai(9.92°)	9.92	9.92°	66.25	88.41	-9.7	89.35	-5	1227967.25	-1351-12-28T22:59:14	-1351
-1350	Ujjain	Ujjain(23.18°)	23.18	23.18°	66.25	88.41	-9.7	89.35	-5	1227967.25	-1351-12-28T22:59:14	-1351
-1350	Kurukshetra	Kurukshetra(29.97°)	29.97	29.97°	66.25	88.41	-9.7	89.35	-5	1227967.25	-1351-12-28T22:59:14	-1351
-1350	Srinagar	Srinagar(34.09°)	34.09	34.09°	66.25	88.41	-9.7	89.35	-5	1227967.25	-1351-12-28T22:59:14	-1351
-1300	Madurai	Madurai(9.92°)	9.92	9.92°	66.25	88.41	-9.62	89.35	-5	1246229.25	-1301-12-28T22:59:14	-1301
-1300	Ujjain	Ujjain(23.18°)	23.18	23.18°	66.25	88.41	-9.62	89.35	-5	1246229.25	-1301-12-28T22:59:14	-1301
-1300	Kurukshetra	Kurukshetra(29.97°)	29.97	29.97°	66.25	88.41	-9.62	89.35	-5	1246229.25	-1301-12-28T22:59:14	-1301
-1300	Srinagar	Srinagar(34.09°)	34.09	34.09°	66.25	88.41	-9.62	89.35	-5	1246229.25	-1301-12-28T22:59:14	-1301
-1250	Madurai	Madurai(9.92°)	9.92	9.92°	66.26	88.41	-9.55	89.35	-5	1264492.25	-1251-12-28T22:59:14	-1251
-1250	Ujjain	Ujjain(23.18°)	23.18	23.18°	66.26	88.41	-9.55	89.35	-5	1264492.25	-1251-12-28T22:59:14	-1251
-1250	Kurukshetra	Kurukshetra(29.97°)	29.97	29.97°	66.26	88.41	-9.55	89.35	-5	1264492.25	-1251-12-28T22:59:14	-1251
-1250	Srinagar	Srinagar(34.09°)	34.09	34.09°	66.26	88.41	-9.55	89.35	-5	1264492.25	-1251-12-28T22:59:14	-1251
-1200	Madurai	Madurai(9.92°)	9.92	9.92°	66.26	88.41	-9.47	89.35	-5	1282754.25	-1201-12-28T22:59:14	-1201
-1200	Ujjain	Ujjain(23.18°)	23.18	23.18°	66.26	88.41	-9.47	89.35	-5	1282754.25	-1201-12-28T22:59:14	-1201
-1200	Kurukshetra	Kurukshetra(29.97°)	29.97	29.97°	66.26	88.41	-9.47	89.35	-5	1282754.25	-1201-12-28T22:59:14	-1201
-1200	Srinagar	Srinagar(34.09°)	34.09	34.09°	66.26	88.41	-9.47	89.35	-5	1282754.25	-1201-12-28T22:59:14	-1201
-1150	Madurai	Madurai(9.92°)	9.92	9.92°	66.27	88.41	-9.39	89.35	-5	1301017.25	-1151-12-28T22:59:14	-1151
-1150	Ujjain	Ujjain(23.18°)	23.18	23.18°	66.27	88.41	-9.39	89.35	-5	1301017.25	-1151-12-28T22:59:14	-1151
-1150	Kurukshetra	Kurukshetra(29.97°)	29.97	29.97°	66.27	88.41	-9.39	89.35	-5	1301017.25	-1151-12-28T22:59:14	-1151
-1150	Srinagar	Srinagar(34.09°)	34.09	34.09°	66.27	88.41	-9.39	89.35	-5	1301017.25	-1151-12-28T22:59:14	-1151
-1100	Madurai	Madurai(9.92°)	9.92	9.92°	66.27	88.41	-9.32	89.35	-5	1319280.25	-1101-12-29T22:59:14	-1101
-1100	Ujjain	Ujjain(23.18°)	23.18	23.18°	66.27	88.41	-9.32	89.35	-5	1319280.25	-1101-12-29T22:59:14	-1101
-1100	Kurukshetra	Kurukshetra(29.97°)	29.97	29.97°	66.27	88.41	-9.32	89.35	-5	1319280.25	-1101-12-29T22:59:14	-1101
-1100	Srinagar	Srinagar(34.09°)	34.09	34.09°	66.27	88.41	-9.32	89.35	-5	1319280.25	-1101-12-29T22:59:14	-1101
-1050	Madurai	Madurai(9.92°)	9.92	9.92°	66.28	88.41	-9.24	89.35	-5	1337542.25	-1051-12-28T22:59:14	-1051
-1050	Ujjain	Ujjain(23.18°)	23.18	23.18°	66.28	88.41	-9.24	89.35	-5	1337542.25	-1051-12-28T22:59:14	-1051
-1050	Kurukshetra	Kurukshetra(29.97°)	29.97	29.97°	66.28	88.41	-9.24	89.35	-5	1337542.25	-1051-12-28T22:59:14	-1051
-1050	Srinagar	Srinagar(34.09°)	34.09	34.09°	66.28	88.41	-9.24	89.35	-5	1337542.25	-1051-12-28T22:59:14	-1051
-1000	Madurai	Madurai(9.92°)	9.92	9.92°	66.28	88.41	-9.17	89.35	-5	1355805.25	-1001-12-29T22:59:14	-1001
-1000	Ujjain	Ujjain(23.18°)	23.18	23.18°	66.28	88.41	-9.17	89.35	-5	1355805.25	-1001-12-29T22:59:14	-1001
-1000	Kurukshetra	Kurukshetra(29.97°)	29.97	29.97°	66.28	88.41	-9.17	89.35	-5	1355805.25	-1001-12-29T22:59:14	-1001
-1000	Srinagar	Srinagar(34.09°)	34.09	34.09°	66.28	88.41	-9.17	89.35	-5	1355805.25	-1001-12-29T22:59:14	-1001
-950	Madurai	Madurai(9.92°)	9.92	9.92°	66.29	88.41	-9.09	89.35	-5	1374068.25	-0951-12-29T22:59:14	-951
-950	Ujjain	Ujjain(23.18°)	23.18	23.18°	66.29	88.41	-9.09	89.35	-5	1374068.25	-0951-12-29T22:59:14	-951
-950	Kurukshetra	Kurukshetra(29.97°)	29.97	29.97°	66.29	88.41	-9.09	89.35	-5	1374068.25	-0951-12-29T22:59:14	-951
-950	Srinagar	Srinagar(34.09°)	34.09	34.09°	66.29	88.41	-9.09	89.35	-5	1374068.25	-0951-12-29T22:59:14	-951
-900	Madurai	Madurai(9.92°)	9.92	9.92°	66.29	88.41	-9.02	89.35	-5	1392330.25	-0901-12-29T22:59:14	-901
-900	Ujjain	Ujjain(23.18°)	23.18	23.18°	66.29	88.41	-9.02	89.35	-5	1392330.25	-0901-12-29T22:59:14	-901
-900	Kurukshetra	Kurukshetra(29.97°)	29.97	29.97°	66.29	88.41	-9.02	89.35	-5	1392330.25	-0901-12-29T22:59:14	-901
-900	Srinagar	Srinagar(34.09°)	34.09	34.09°	66.29	88.41	-9.02	89.35	-5	1392330.25	-0901-12-29T22:59:14	-901
-850	Madurai	Madurai(9.92°)	9.92	9.92°	66.3	88.41	-8.94	89.35	-5	1410593.25	-0851-12-29T22:59:14	-851
-850	Ujjain	Ujjain(23.18°)	23.18	23.18°	66.3	88.41	-8.94	89.35	-5	1410593.25	-0851-12-29T22:59:14	-851
-850	Kurukshetra	Kurukshetra(29.97°)	29.97	29.97°	66.3	88.41	-8.94	89.35	-5	1410593.25	-0851-12-29T22:59:14	-851
-850	Srinagar	Srinagar(34.09°)	34.09	34.09°	66.3	88.41	-8.94	89.35	-5	1410593.25	-0851-12-29T22:59:14	-851
-800	Madurai	Madurai(9.92°)	9.92	9.92°	66.3	88.41	-8.86	89.35	-5	1428855.25	-0801-12-29T22:59:14	-801
-800	Ujjain	Ujjain(23.18°)	23.18	23.18°	66.3	88.41	-8.86	89.35	-5	1428855.25	-0801-12-29T22:59:14	-801
-800	Kurukshetra	Kurukshetra(29.97°)	29.97	29.97°	66.3	88.41	-8.86	89.35	-5	1428855.25	-0801-12-29T22:59:14	-801
-800	Srinagar	Srinagar(34.09°)	34.09	34.09°	66.3	88.41	-8.86	89.35	-5	1428855.25	-0801-12-29T22:59:14	-801
-750	Madurai	Madurai(9.92°)	9.92	9.92°	66.31	88.41	-8.79	89.35	-5	1447118.25	-0751-12-29T22:59:14	-751
-750	Ujjain	Ujjain(23.18°)	23.18	23.18°	66.31	88.41	-8.79	89.35	-5	1447118.25	-0751-12-29T22:59:14	-751
-750	Kurukshetra	Kurukshetra(29.97°)	29.97	29.97°	66.31	88.41	-8.79	89.35	-5	1447118.25	-0751-12-29T22:59:14	-751
-750	Srinagar	Srinagar(34.09°)	34.09	34.09°	66.31	88.41	-8.79	89.35	-5	1447118.25	-0751-12-29T22:59:14	-751
-700	Madurai	Madurai(9.92°)	9.92	9.92°	66.31	88.41	-8.71	89.35	-5	1465381.25	-0701-12-30T22:59:14	-701
-700	Ujjain	Ujjain(23.18°)	23.18	23.18°	66.31	88.41	-8.71	89.35	-5	1465381.25	-0701-12-30T22:59:14	-701
-700	Kurukshetra	Kurukshetra(29.97°)	29.97	29.97°	66.31	88.41	-8.71	89.35	-5	1465381.25	-0701-12-30T22:59:14	-701
-700	Srinagar	Srinagar(34.09°)	34.09	34.09°	66.31	88.41	-8.71	89.35	-5	1465381.25	-0701-12-30T22:59:14	-701
-650	Madurai	Madurai(9.92°)	9.92	9.92°	66.32	88.41	-8.63	89.35	-5	1483643.25	-0651-12-29T22:59:14	-651
-650	Ujjain	Ujjain(23.18°)	23.18	23.18°	66.32	88.41	-8.63	89.35	-5	1483643.25	-0651-12-29T22:59:14	-651
-650	Kurukshetra	Kurukshetra(29.97°)	29.97	29.97°	66.32	88.41	-8.63	89.35	-5	1483643.25	-0651-12-29T22:59:14	-651
-650	Srinagar	Srinagar(34.09°)	34.09	34.09°	66.32	88.41	-8.63	89.35	-5	1483643.25	-0651-12-29T22:59:14	-651
-600	Madurai	Madurai(9.92°)	9.92	9.92°	66.32	88.41	-8.56	89.35	-5	1501906.25	-0601-12-30T22:59:14	-601
-600	Ujjain	Ujjain(23.18°)	23.18	23.18°	66.32	88.41	-8.56	89.35	-5	1501906.25	-0601-12-30T22:59:14	-601
-600	Kurukshetra	Kurukshetra(29.97°)	29.97	29.97°	66.32	88.41	-8.56	89.35	-5	1501906.25	-0601-12-30T22:59:14	-601
-600	Srinagar	Srinagar(34.09°)	34.09	34.09°	66.32	88.41	-8.56	89.35	-5	1501906.25	-0601-12-30T22:59:14	-601
-550	Madurai	Madurai(9.92°)	9.92	9.92°	66.27	121.32	-165.48	77.52	21.38	1520168.25	-0551-12-29T22:59:14	-551
-550	Ujjain	Ujjain(23.18°)	23.18	23.18°	66.27	121.32	-165.48	77.52	-5	1520168.25	-0551-12-29T22:59:14	-551
-550	Kurukshetra	Kurukshetra(29.97°)	29.97	29.97°	66.27	121.32	-165.48	77.52	-5	1520168.25	-0551-12-29T22:59:14	-551
-550	Srinagar	Srinagar(34.09°)	34.09	34.09°	66.27	121.32	-165.48	77.52	-5	1520168.25	-0551-12-29T22:59:14	-551
-500	Madurai	Madurai(9.92°)	9.92	9.92°	66.27	122.04	-165.17	77.24	21.45	1538431.25	-0501-12-30T22:59:14	-501
-500	Ujjain	Ujjain(23.18°)	23.18	23.18°	66.27	122.04	-165.17	77.24	-5	1538431.25	-0501-12-30T22:59:14	-501
-500	Kurukshetra	Kurukshetra(29.97°)	29.97	29.97°	66.27	122.04	-165.17	77.24	-5	1538431.25	-0501-12-30T22:59:14	-501
-500	Srinagar	Srinagar(34.09°)	34.09	34.09°	66.27	122.04	-165.17	77.24	-5	1538431.25	-0501-12-30T22:59:14	-501
-450	Madurai	Madurai(9.92°)	9.92	9.92°	66.27	122.04	-165.17	77.24	21.4	1556694.25	-0451-12-30T22:59:14	-451
-450	Ujjain	Ujjain(23.18°)	23.18	23.18°	66.27	122.04	-165.17	77.24	-5	1556694.25	-0451-12-30T22:59:14	-451
-450	Kurukshetra	Kurukshetra(29.97°)	29.97	29.97°	66.27	122.04	-165.17	77.24	-5	1556694.25	-0451-12-30T22:59:14	-451
-450	Srinagar	Srinagar(34.09°)	34.09	34.09°	66.27	122.04	-165.17	77.24	-5	1556694.25	-0451-12-30T22:59:14	-451
-400	Madurai	Madurai(9.92°)	9.92	9.92°	66.27	123.44	-164.55	76.7	21.63	1574956.25	-0401-12-30T22:59:14	-401
-400	Ujjain	Ujjain(23.18°)	23.18	23.18°	66.27	123.44	-164.55	76.7	-5	1574956.25	-0401-12-30T22:59:14	-401
-400	Kurukshetra	Kurukshetra(29.97°)	29.97	29.97°	66.27	123.44	-164.55	76.7	-5	1574956.25	-0401-12-30T22:59:14	-401
-400	Srinagar	Srinagar(34.09°)	34.09	34.09°	66.27	123.44	-164.55	76.7	-5	1574956.25	-0401-12-30T22:59:14	-401
-350	Madurai	Madurai(9.92°)	9.92	9.92°	66.28	124.15	-164.24	76.43	21.68	1593219.25	-0351-12-30T22:59:14	-351
-350	Ujjain	Ujjain(23.18°)	23.18	23.18°	66.28	124.15	-164.24	76.43	-5	1593219.25	-0351-12-30T22:59:14	-351
-350	Kurukshetra	Kurukshetra(29.97°)	29.97	29.97°	66.28	124.15	-164.24	76.43	-5	1593219.25	-0351-12-30T22:59:14	-351
-350	Srinagar	Srinagar(34.09°)	34.09	34.09°	66.28	124.15	-164.24	76.43	-5	1593219.25	-0351-12-30T22:59:14	-351
-300	Madurai	Madurai(9.92°)	9.92	9.92°	66.28	124.86	-163.91	76.16	21.73	1611482.25	-0301-12-31T22:59:14	-301
-300	Ujjain	Ujjain(23.18°)	23.18	23.18°	66.28	124.86	-163.91	76.16	-5	1611482.25	-0301-12-31T22:59:14	-301
-300	Kurukshetra	Kurukshetra(29.97°)	29.97	29.97°	66.28	124.86	-163.91	76.16	-5	1611482.25	-0301-12-31T22:59:14	-301
-300	Srinagar	Srinagar(34.09°)	34.09	34.09°	66.28	124.86	-163.91	76.16	-5	1611482.25	-0301-12-31T22:59:14	-301
-250	Madurai	Madurai(9.92°)	9.92	9.92°	66.28	125.56	-163.61	75.89	21.83	1629744.25	-0251-12-30T22:59:14	-251
-250	Ujjain	Ujjain(23.18°)	23.18	23.18°	66.28	125.56	-163.61	75.89	-5	1629744.25	-0251-12-30T22:59:14	-251
-250	Kurukshetra	Kurukshetra(29.97°)	29.97	29.97°	66.28	125.56	-163.61	75.89	-5	1629744.25	-0251-12-30T22:59:14	-251
-250	Srinagar	Srinagar(34.09°)	34.09	34.09°	66.28	125.56	-163.61	75.89	-5	1629744.25	-0251-12-30T22:59:14	-251
-200	Madurai	Madurai(9.92°)	9.92	9.92°	66.28	126.26	-163.3	75.62	21.86	1648007.25	-0201-12-31T22:59:14	-201
-200	Ujjain	Ujjain(23.18°)	23.18	23.18°	66.28	126.26	-163.3	75.62	-5	1648007.25	-0201-12-31T22:59:14	-201
-200	Kurukshetra	Kurukshetra(29.97°)	29.97	29.97°	66.28	126.26	-163.3	75.62	-5	1648007.25	-0201-12-31T22:59:14	-201
-200	Srinagar	Srinagar(34.09°)	34.09	34.09°	66.28	126.26	-163.3	75.62	-5	1648007.25	-0201-12-31T22:59:14	-201
-150	Madurai	Madurai(9.92°)	9.92	9.92°	66.29	126.98	-162.97	75.35	21.96	1666269.25	-0151-12-30T22:59:14	-151
-150	Ujjain	Ujjain(23.18°)	23.18	23.18°	66.29	126.98	-162.97	75.35	-5	1666269.25	-0151-12-30T22:59:14	-151
-150	Kurukshetra	Kurukshetra(29.97°)	29.97	29.97°	66.29	126.98	-162.97	75.35	-5	1666269.25	-0151-12-30T22:59:14	-151
-150	Srinagar	Srinagar(34.09°)	34.09	34.09°	66.29	126.98	-162.97	75.35	-5	1666269.25	-0151-12-30T22:59:14	-151
-100	Madurai	Madurai(9.92°)	9.92	9.92°	66.29	127.67	-162.66	75.08	21.99	1684532.25	-0101-12-31T22:59:14	-101
-100	Ujjain	Ujjain(23.18°)	23.18	23.18°	66.29	127.67	-162.66	75.08	-5	1684532.25	-0101-12-31T22:59:14	-101
-100	Kurukshetra	Kurukshetra(29.97°)	29.97	29.97°	66.29	127.67	-162.66	75.08	-5	1684532.25	-0101-12-31T22:59:14	-101
-100	Srinagar	Srinagar(34.09°)	34.09	34.09°	66.29	127.67	-162.66	75.08	-5	1684532.25	-0101-12-31T22:59:14	-101
-50	Madurai	Madurai(9.92°)	9.92	9.92°	66.29	128.38	-162.36	74.81	22.01	1702795.25	-0051-12-31T22:59:14	-51
-50	Ujjain	Ujjain(23.18°)	23.18	23.18°	66.29	128.38	-162.36	74.81	-5	1702795.25	-0051-12-31T22:59:14	-51
-50	Kurukshetra	Kurukshetra(29.97°)	29.97	29.97°	66.29	128.38	-162.36	74.81	-5	1702795.25	-0051-12-31T22:59:14	-51
-50	Srinagar	Srinagar(34.09°)	34.09	34.09°	66.29	128.38	-162.36	74.81	-5	1702795.25	-0051-12-31T22:59:14	-51
0	Madurai	Madurai(9.92°)	9.92	9.92°	66.29	129.09	-162.03	74.54	22.1	1721057.25	-0001-12-31T22:59:14	-1
0	Ujjain	Ujjain(23.18°)	23.18	23.18°	66.29	129.09	-162.03	74.54	-5	1721057.25	-0001-12-31T22:59:14	-1
0	Kurukshetra	Kurukshetra(29.97°)	29.97	29.97°	66.29	129.09	-162.03	74.54	-5	1721057.25	-0001-12-31T22:59:14	-1
0	Srinagar	Srinagar(34.09°)	34.09	34.09°	66.29	129.09	-162.03	74.54	-5	1721057.25	-0001-12-31T22:59:14	-1
50	Madurai	Madurai(9.92°)	9.92	9.92°	66.3	129.79	-161.71	74.28	22.12	1739320.25	1949-12-31 22:59:14	49
50	Ujjain	Ujjain(23.18°)	23.18	23.18°	66.3	129.79	-161.71	74.28	-5	1739320.25	1949-12-31 22:59:14	49
50	Kurukshetra	Kurukshetra(29.97°)	29.97	29.97°	66.3	129.79	-161.71	74.28	-5	1739320.25	1949-12-31 22:59:14	49
50	Srinagar	Srinagar(34.09°)	34.09	34.09°	66.3	129.79	-161.71	74.28	-5	1739320.25	1949-12-31 22:59:14	49
100	Madurai	Madurai(9.92°)	9.92	9.92°	66.3	130.5	-161.41	74.01	22.13	1757583.25	0100-01-01 22:59:14	100
100	Ujjain	Ujjain(23.18°)	23.18	23.18°	66.3	130.5	-161.41	74.01	-5	1757583.25	0100-01-01 22:59:14	100
100	Kurukshetra	Kurukshetra(29.97°)	29.97	29.97°	66.3	130.5	-161.41	74.01	-5	1757583.25	0100-01-01 22:59:14	100
100	Srinagar	Srinagar(34.09°)	34.09	34.09°	66.3	130.5	-161.41	74.01	-5	1757583.25	0100-01-01 22:59:14	100
150	Madurai	Madurai(9.92°)	9.92	9.92°	66.3	131.21	-161.08	73.74	22.21	1775845.25	0149-12-31 22:59:14	149
150	Ujjain	Ujjain(23.18°)	23.18	23.18°	66.3	131.21	-161.08	73.74	-5	1775845.25	0149-12-31 22:59:14	149
150	Kurukshetra	Kurukshetra(29.97°)	29.97	29.97°	66.3	131.21	-161.08	73.74	-5	1775845.25	0149-12-31 22:59:14	149
150	Srinagar	Srinagar(34.09°)	34.09	34.09°	66.3	131.21	-161.08	73.74	-5	1775845.25	0149-12-31 22:59:14	149
200	Madurai	Madurai(9.92°)	9.92	9.92°	66.3	131.92	-160.76	73.48	22.22	1794108.25	0200-01-01 22:59:14	200
200	Ujjain	Ujjain(23.18°)	23.18	23.18°	66.3	131.92	-160.76	73.48	-5	1794108.25	0200-01-01 22:59:14	200
200	Kurukshetra	Kurukshetra(29.97°)	29.97	29.97°	66.3	131.92	-160.76	73.48	-5	1794108.25	0200-01-01 22:59:14	200
200	Srinagar	Srinagar(34.09°)	34.09	34.09°	66.3	131.92	-160.76	73.48	-5	1794108.25	0200-01-01 22:59:14	200
250	Madurai	Madurai(9.92°)	9.92	9.92°	66.3	132.61	-160.45	73.22	22.3	1812370.25	0249-12-31 22:59:14	249
250	Ujjain	Ujjain(23.18°)	23.18	23.18°	66.3	132.61	-160.45	73.22	-5	1812370.25	0249-12-31 22:59:14	249
250	Kurukshetra	Kurukshetra(29.97°)	29.97	29.97°	66.3	132.61	-160.45	73.22	-5	1812370.25	0249-12-31 22:59:14	249
250	Srinagar	Srinagar(34.09°)	34.09	34.09°	66.3	132.61	-160.45	73.22	-5	1812370.25	0249-12-31 22:59:14	249
300	Madurai	Madurai(9.92°)	9.92	9.92°	66.31	133.33	-160.12	72.95	22.31	1830633.25	0300-01-01 22:59:14	300
300	Ujjain	Ujjain(23.18°)	23.18	23.18°	66.31	133.33	-160.12	72.95	-5	1830633.25	0300-01-01 22:59:14	300
300	Kurukshetra	Kurukshetra(29.97°)	29.97	29.97°	66.31	133.33	-160.12	72.95	-5	1830633.25	0300-01-01 22:59:14	300
300	Srinagar	Srinagar(34.09°)	34.09	34.09°	66.31	133.33	-160.12	72.95	-5	1830633.25	0300-01-01 22:59:14	300
350	Madurai	Madurai(9.92°)	9.92	9.92°	66.31	134.04	-159.79	72.69	22.31	1848896.25	0350-01-01 22:59:14	350
350	Ujjain	Ujjain(23.18°)	23.18	23.18°	66.31	134.04	-159.79	72.69	-5	1848896.25	0350-01-01 22:59:14	350
350	Kurukshetra	Kurukshetra(29.97°)	29.97	29.97°	66.31	134.04	-159.79	72.69	-5	1848896.25	0350-01-01 22:59:14	350
350	Srinagar	Srinagar(34.09°)	34.09	34.09°	66.31	134.04	-159.79	72.69	-5	1848896.25	0350-01-01 22:59:14	350
400	Madurai	Madurai(9.92°)	9.92	9.92°	66.31	134.74	-159.49	72.43	22.38	1867158.25	0400-01-01 22:59:14	400
400	Ujjain	Ujjain(23.18°)	23.18	23.18°	66.31	134.74	-159.49	72.43	-5	1867158.25	0400-01-01 22:59:14	400
400	Kurukshetra	Kurukshetra(29.97°)	29.97	29.97°	66.31	134.74	-159.49	72.43	-5	1867158.25	0400-01-01 22:59:14	400
400	Srinagar	Srinagar(34.09°)	34.09	34.09°	66.31	134.74	-159.49	72.43	-5	1867158.25	0400-01-01 22:59:14	400
450	Madurai	Madurai(9.92°)	9.92	9.92°	66.31	135.45	-159.16	72.16	22.39	1885421.25	0450-01-01 22:59:14	450
450	Ujjain	Ujjain(23.18°)	23.18	23.18°	66.31	135.45	-159.16	72.16	-5	1885421.25	0450-01-01 22:59:14	450
450	Kurukshetra	Kurukshetra(29.97°)	29.97	29.97°	66.31	135.45	-159.16	72.16	-5	1885421.25	0450-01-01 22:59:14	450
450	Srinagar	Srinagar(34.09°)	34.09	34.09°	66.31	135.45	-159.16	72.16	-5	1885421.25	0450-01-01 22:59:14	450
500	Madurai	Madurai(9.92°)	9.92	9.92°	66.32	136.16	-158.83	71.9	22.45	1903683.25	0500-01-01 22:59:14	500
500	Ujjain	Ujjain(23.18°)	23.18	23.18°	66.32	136.16	-158.83	71.9	-5	1903683.25	0500-01-01 22:59:14	500
500	Kurukshetra	Kurukshetra(29.97°)	29.97	29.97°	66.32	136.16	-158.83	71.9	-5	1903683.25	0500-01-01 22:59:14	500
500	Srinagar	Srinagar(34.09°)	34.09	34.09°	66.32	136.16	-158.83	71.9	-5	1903683.25	0500-01-01 22:59:14	500
550	Madurai	Madurai(9.92°)	9.92	9.92°	66.32	136.86	-158.52	71.64	22.45	1921946.25	0550-01-01 22:59:14	550
550	Ujjain	Ujjain(23.18°)	23.18	23.18°	66.32	136.86	-158.52	71.64	-5	1921946.25	0550-01-01 22:59:14	550
550	Kurukshetra	Kurukshetra(29.97°)	29.97	29.97°	66.32	136.86	-158.52	71.64	-5	1921946.25	0550-01-01 22:59:14	550
550	Srinagar	Srinagar(34.09°)	34.09	34.09°	66.32	136.86	-158.52	71.64	-5	1921946.25	0550-01-01 22:59:14	550
600	Madurai	Madurai(9.92°)	9.92	9.92°	66.32	137.57	-158.2	71.38	22.45	1940209.25	0600-01-02 22:59:14	600
600	Ujjain	Ujjain(23.18°)	23.18	23.18°	66.32	137.57	-158.2	71.38	-5	1940209.25	0600-01-02 22:59:14	600
600	Kurukshetra	Kurukshetra(29.97°)	29.97	29.97°	66.32	137.57	-158.2	71.38	-5	1940209.25	0600-01-02 22:59:14	600
600	Srinagar	Srinagar(34.09°)	34.09	34.09°	66.32	137.57	-158.2	71.38	-5	1940209.25	0600-01-02 22:59:14	600
650	Madurai	Madurai(9.92°)	9.92	9.92°	66.32	138.29	-157.86	71.11	22.52	1958471.25	0650-01-01 22:59:14	650
650	Ujjain	Ujjain(23.18°)	23.18	23.18°	66.32	138.29	-157.86	71.11	-5	1958471.25	0650-01-01 22:59:14	650
650	Kurukshetra	Kurukshetra(29.97°)	29.97	29.97°	66.32	138.29	-157.86	71.11	-5	1958471.25	0650-01-01 22:59:14	650
650	Srinagar	Srinagar(34.09°)	34.09	34.09°	66.32	138.29	-157.86	71.11	-5	1958471.25	0650-01-01 22:59:14	650
700	Madurai	Madurai(9.92°)	9.92	9.92°	66.32	138.99	-157.54	70.86	22.51	1976734.25	0700-01-02 22:59:14	700
700	Ujjain	Ujjain(23.18°)	23.18	23.18°	66.32	138.99	-157.54	70.86	-5	1976734.25	0700-01-02 22:59:14	700
700	Kurukshetra	Kurukshetra(29.97°)	29.97	29.97°	66.32	138.99	-157.54	70.86	-5	1976734.25	0700-01-02 22:59:14	700
700	Srinagar	Srinagar(34.09°)	34.09	34.09°	66.32	138.99	-157.54	70.86	-5	1976734.25	0700-01-02 22:59:14	700
750	Madurai	Madurai(9.92°)	9.92	9.92°	66.32	139.69	-157.22	70.6	22.51	1994997.25	0750-01-02 22:59:14	750
750	Ujjain	Ujjain(23.18°)	23.18	23.18°	66.32	139.69	-157.22	70.6	-5	1994997.25	0750-01-02 22:59:14	750
750	Kurukshetra	Kurukshetra(29.97°)	29.97	29.97°	66.32	139.69	-157.22	70.6	-5	1994997.25	0750-01-02 22:59:14	750
750	Srinagar	Srinagar(34.09°)	34.09	34.09°	66.32	139.69	-157.22	70.6	-5	1994997.25	0750-01-02 22:59:14	750
800	Madurai	Madurai(9.92°)	9.92	9.92°	66.33	140.41	-156.88	70.34	22.57	2013259.25	0800-01-02 22:59:14	800
800	Ujjain	Ujjain(23.18°)	23.18	23.18°	66.33	140.41	-156.88	70.34	-5	2013259.25	0800-01-02 22:59:14	800
800	Kurukshetra	Kurukshetra(29.97°)	29.97	29.97°	66.33	140.41	-156.88	70.34	-5	2013259.25	0800-01-02 22:59:14	800
800	Srinagar	Srinagar(34.09°)	34.09	34.09°	66.33	140.41	-156.88	70.34	-5	2013259.25	0800-01-02 22:59:14	800
850	Madurai	Madurai(9.92°)	9.92	9.92°	66.33	141.12	-156.56	70.08	22.56	2031522.25	0850-01-02 22:59:14	850
850	Ujjain	Ujjain(23.18°)	23.18	23.18°	66.33	141.12	-156.56	70.08	-5	2031522.25	0850-01-02 22:59:14	850
850	Kurukshetra	Kurukshetra(29.97°)	29.97	29.97°	66.33	141.12	-156.56	70.08	-5	2031522.25	0850-01-02 22:59:14	850
850	Srinagar	Srinagar(34.09°)	34.09	34.09°	66.33	141.12	-156.56	70.08	-5	2031522.25	0850-01-02 22:59:14	850
900	Madurai	Madurai(9.92°)	9.92	9.92°	66.33	141.82	-156.24	69.83	22.62	2049784.25	0900-01-02 22:59:14	900
900	Ujjain	Ujjain(23.18°)	23.18	23.18°	66.33	141.82	-156.24	69.83	-5	2049784.25	0900-01-02 22:59:14	900
900	Kurukshetra	Kurukshetra(29.97°)	29.97	29.97°	66.33	141.82	-156.24	69.83	-5	2049784.25	0900-01-02 22:59:14	900
900	Srinagar	Srinagar(34.09°)	34.09	34.09°	66.33	141.82	-156.24	69.83	-5	2049784.25	0900-01-02 22:59:14	900
950	Madurai	Madurai(9.92°)	9.92	9.92°	66.33	142.54	-155.91	69.57	22.61	2068047.25	0950-01-02 22:59:14	950
950	Ujjain	Ujjain(23.18°)	23.18	23.18°	66.33	142.54	-155.91	69.57	-5	2068047.25	0950-01-02 22:59:14	950
950	Kurukshetra	Kurukshetra(29.97°)	29.97	29.97°	66.33	142.54	-155.91	69.57	-5	2068047.25	0950-01-02 22:59:14	950
950	Srinagar	Srinagar(34.09°)	34.09	34.09°	66.33	142.54	-155.91	69.57	-5	2068047.25	0950-01-02 22:59:14	950
1000	Madurai	Madurai(9.92°)	9.92	9.92°	66.33	143.25	-155.58	69.31	22.6	2086310.25	1000-01-03 22:59:14	1000
1000	Ujjain	Ujjain(23.18°)	23.18	23.18°	66.33	143.25	-155.58	69.31	-5	2086310.25	1000-01-03 22:59:14	1000
1000	Kurukshetra	Kurukshetra(29.97°)	29.97	29.97°	66.33	143.25	-155.58	69.31	-5	2086310.25	1000-01-03 22:59:14	1000
1000	Srinagar	Srinagar(34.09°)	34.09	34.09°	66.33	143.25	-155.58	69.31	-5	2086310.25	1000-01-03 22:59:14	1000
1050	Madurai	Madurai(9.92°)	9.92	9.92°	66.33	143.95	-155.26	69.06	22.66	2104572.25	1050-01-02 22:59:14	1050
1050	Ujjain	Ujjain(23.18°)	23.18	23.18°	66.33	143.95	-155.26	69.06	-5	2104572.25	1050-01-02 22:59:14	1050
1050	Kurukshetra	Kurukshetra(29.97°)	29.97	29.97°	66.33	143.95	-155.26	69.06	-5	2104572.25	1050-01-02 22:59:14	1050
1050	Srinagar	Srinagar(34.09°)	34.09	34.09°	66.33	143.95	-155.26	69.06	-5	2104572.25	1050-01-02 22:59:14	1050
1100	Madurai	Madurai(9.92°)	9.92	9.92°	66.33	144.67	-154.92	68.8	22.65	2122835.25	1100-01-03 22:59:14	1100
1100	Ujjain	Ujjain(23.18°)	23.18	23.18°	66.33	144.67	-154.92	68.8	-5	2122835.25	1100-01-03 22:59:14	1100
1100	Kurukshetra	Kurukshetra(29.97°)	29.97	29.97°	66.33	144.67	-154.92	68.8	-5	2122835.25	1100-01-03 22:59:14	1100
1100	Srinagar	Srinagar(34.09°)	34.09	34.09°	66.33	144.67	-154.92	68.8	-5	2122835.25	1100-01-03 22:59:14	1100
1150	Madurai	Madurai(9.92°)	9.92	9.92°	66.34	145.38	-154.59	68.55	22.64	2141098.25	1150-01-03 22:59:14	1150
1150	Ujjain	Ujjain(23.18°)	23.18	23.18°	66.34	145.38	-154.59	68.55	-5	2141098.25	1150-01-03 22:59:14	1150
1150	Kurukshetra	Kurukshetra(29.97°)	29.97	29.97°	66.34	145.38	-154.59	68.55	-5	2141098.25	1150-01-03 22:59:14	1150
1150	Srinagar	Srinagar(34.09°)	34.09	34.09°	66.34	145.38	-154.59	68.55	-5	2141098.25	1150-01-03 22:59:14	1150
1200	Madurai	Madurai(9.92°)	9.92	9.92°	66.34	146.08	-154.27	68.3	22.69	2159360.25	1200-01-03 22:59:14	1200
1200	Ujjain	Ujjain(23.18°)	23.18	23.18°	66.34	146.08	-154.27	68.3	-5	2159360.25	1200-01-03 22:59:14	1200
1200	Kurukshetra	Kurukshetra(29.97°)	29.97	29.97°	66.34	146.08	-154.27	68.3	-5	2159360.25	1200-01-03 22:59:14	1200
1200	Srinagar	Srinagar(34.09°)	34.09	34.09°	66.34	146.08	-154.27	68.3	-5	2159360.25	1200-01-03 22:59:14	1200
1250	Madurai	Madurai(9.92°)	9.92	9.92°	66.34	146.8	-153.93	68.05	22.68	2177623.25	1250-01-03 22:59:14	1250
1250	Ujjain	Ujjain(23.18°)	23.18	23.18°	66.34	146.8	-153.93	68.05	-5	2177623.25	1250-01-03 22:59:14	1250
1250	Kurukshetra	Kurukshetra(29.97°)	29.97	29.97°	66.34	146.8	-153.93	68.05	-5	2177623.25	1250-01-03 22:59:14	1250
1250	Srinagar	Srinagar(34.09°)	34.09	34.09°	66.34	146.8	-153.93	68.05	-5	2177623.25	1250-01-03 22:59:14	1250
1300	Madurai	Madurai(9.92°)	9.92	9.92°	66.34	147.51	-153.59	67.8	22.73	2195885.25	1300-01-03 22:59:14	1300
1300	Ujjain	Ujjain(23.18°)	23.18	23.18°	66.34	147.51	-153.59	67.8	-5	2195885.25	1300-01-03 22:59:14	1300
1300	Kurukshetra	Kurukshetra(29.97°)	29.97	29.97°	66.34	147.51	-153.59	67.8	-5	2195885.25	1300-01-03 22:59:14	1300
1300	Srinagar	Srinagar(34.09°)	34.09	34.09°	66.34	147.51	-153.59	67.8	-5	2195885.25	1300-01-03 22:59:14	1300
1350	Madurai	Madurai(9.92°)	9.92	9.92°	66.34	148.21	-153.27	67.55	22.71	2214148.25	1350-01-03 22:59:14	1350
1350	Ujjain	Ujjain(23.18°)	23.18	23.18°	66.34	148.21	-153.27	67.55	-5	2214148.25	1350-01-03 22:59:14	1350
1350	Kurukshetra	Kurukshetra(29.97°)	29.97	29.97°	66.34	148.21	-153.27	67.55	-5	2214148.25	1350-01-03 22:59:14	1350
1350	Srinagar	Srinagar(34.09°)	34.09	34.09°	66.34	148.21	-153.27	67.55	-5	2214148.25	1350-01-03 22:59:14	1350
1400	Madurai	Madurai(9.92°)	9.92	9.92°	66.34	148.92	-152.94	67.3	22.7	2232411.25	1400-01-04 22:59:14	1400
1400	Ujjain	Ujjain(23.18°)	23.18	23.18°	66.34	148.92	-152.94	67.3	-5	2232411.25	1400-01-04 22:59:14	1400
1400	Kurukshetra	Kurukshetra(29.97°)	29.97	29.97°	66.34	148.92	-152.94	67.3	-5	2232411.25	1400-01-04 22:59:14	1400
1400	Srinagar	Srinagar(34.09°)	34.09	34.09°	66.34	148.92	-152.94	67.3	-5	2232411.25	1400-01-04 22:59:14	1400
1450	Madurai	Madurai(9.92°)	9.92	9.92°	66.35	149.64	-152.6	67.05	22.75	2250673.25	1450-01-03 22:59:14	1450
1450	Ujjain	Ujjain(23.18°)	23.18	23.18°	66.35	149.64	-152.6	67.05	-5	2250673.25	1450-01-03 22:59:14	1450
1450	Kurukshetra	Kurukshetra(29.97°)	29.97	29.97°	66.35	149.64	-152.6	67.05	-5	2250673.25	1450-01-03 22:59:14	1450
1450	Srinagar	Srinagar(34.09°)	34.09	34.09°	66.35	149.64	-152.6	67.05	-5	2250673.25	1450-01-03 22:59:14	1450
1500	Madurai	Madurai(9.92°)	9.92	9.92°	66.35	150.35	-152.27	66.8	22.74	2268936.25	1500-01-04 22:59:14	1500
1500	Ujjain	Ujjain(23.18°)	23.18	23.18°	66.35	150.35	-152.27	66.8	18.51	2268936.25	1500-01-04 22:59:14	1500
1500	Kurukshetra	Kurukshetra(29.97°)	29.97	29.97°	66.35	150.35	-152.27	66.8	-5	2268936.25	1500-01-04 22:59:14	1500
1500	Srinagar	Srinagar(34.09°)	34.09	34.09°	66.35	150.35	-152.27	66.8	-5	2268936.25	1500-01-04 22:59:14	1500
1550	Madurai	Madurai(9.92°)	9.92	9.92°	66.35	151.06	-151.94	66.56	22.72	2287199.25	1550-01-04 22:59:14	1550
1550	Ujjain	Ujjain(23.18°)	23.18	23.18°	66.35	151.06	-151.94	66.56	18.92	2287199.25	1550-01-04 22:59:14	1550
1550	Kurukshetra	Kurukshetra(29.97°)	29.97	29.97°	66.35	151.06	-151.94	66.56	-5	2287199.25	1550-01-04 22:59:14	1550
1550	Srinagar	Srinagar(34.09°)	34.09	34.09°	66.35	151.06	-151.94	66.56	-5	2287199.25	1550-01-04 22:59:14	1550
1600	Madurai	Madurai(9.92°)	9.92	9.92°	66.35	151.78	-151.6	66.31	22.77	2305461.25	1600-01-14 22:59:14	1600
1600	Ujjain	Ujjain(23.18°)	23.18	23.18°	66.35	151.78	-151.6	66.31	19.19	2305461.25	1600-01-14 22:59:14	1600
1600	Kurukshetra	Kurukshetra(29.97°)	29.97	29.97°	66.35	151.78	-151.6	66.31	-5	2305461.25	1600-01-14 22:59:14	1600
1600	Srinagar	Srinagar(34.09°)	34.09	34.09°	66.35	151.78	-151.6	66.31	-5	2305461.25	1600-01-14 22:59:14	1600
1650	Madurai	Madurai(9.92°)	9.92	9.92°	66.35	152.48	-151.26	66.06	22.75	2323724.25	1650-01-14 22:59:14	1650
1650	Ujjain	Ujjain(23.18°)	23.18	23.18°	66.35	152.48	-151.26	66.06	19.33	2323724.25	1650-01-14 22:59:14	1650
1650	Kurukshetra	Kurukshetra(29.97°)	29.97	29.97°	66.35	152.48	-151.26	66.06	-5	2323724.25	1650-01-14 22:59:14	1650
1650	Srinagar	Srinagar(34.09°)	34.09	34.09°	66.35	152.48	-151.26	66.06	-5	2323724.25	1650-01-14 22:59:14	1650
1700	Madurai	Madurai(9.92°)	9.92	9.92°	66.35	153.19	-150.93	65.82	22.8	2341986.25	1700-01-14 22:59:14	1700
1700	Ujjain	Ujjain(23.18°)	23.18	23.18°	66.35	153.19	-150.93	65.82	19.5	2341986.25	1700-01-14 22:59:14	1700
1700	Kurukshetra	Kurukshetra(29.97°)	29.97	29.97°	66.35	153.19	-150.93	65.82	-5	2341986.25	1700-01-14 22:59:14	1700
1700	Srinagar	Srinagar(34.09°)	34.09	34.09°	66.35	153.19	-150.93	65.82	-5	2341986.25	1700-01-14 22:59:14	1700
1750	Madurai	Madurai(9.92°)	9.92	9.92°	66.35	153.91	-150.59	65.57	22.78	2360249.25	1750-01-15 22:59:14	1750
1750	Ujjain	Ujjain(23.18°)	23.18	23.18°	66.35	153.91	-150.59	65.57	19.6	2360249.25	1750-01-15 22:59:14	1750
1750	Kurukshetra	Kurukshetra(29.97°)	29.97	29.97°	66.35	153.91	-150.59	65.57	-5	2360249.25	1750-01-15 22:59:14	1750
1750	Srinagar	Srinagar(34.09°)	34.09	34.09°	66.35	153.91	-150.59	65.57	-5	2360249.25	1750-01-15 22:59:14	1750
1800	Madurai	Madurai(9.92°)	9.92	9.92°	66.36	154.62	-150.25	65.33	22.76	2378512.25	1800-01-16 22:59:14	1800
1800	Ujjain	Ujjain(23.18°)	23.18	23.18°	66.36	154.62	-150.25	65.33	19.68	2378512.25	1800-01-16 22:59:14	1800
1800	Kurukshetra	Kurukshetra(29.97°)	29.97	29.97°	66.36	154.62	-150.25	65.33	-5	2378512.25	1800-01-16 22:59:14	1800
1800	Srinagar	Srinagar(34.09°)	34.09	34.09°	66.36	154.62	-150.25	65.33	-5	2378512.25	1800-01-16 22:59:14	1800
1850	Madurai	Madurai(9.92°)	9.92	9.92°	66.35	155.32	-149.92	65.09	22.95	2396774.25	1850-01-16 23:21:10	1850
1850	Ujjain	Ujjain(23.18°)	23.18	23.18°	66.35	155.32	-149.92	65.09	20.11	2396774.25	1850-01-16 23:21:10	1850
1850	Kurukshetra	Kurukshetra(29.97°)	29.97	29.97°	66.35	155.32	-149.92	65.09	-5	2396774.25	1850-01-16 23:21:10	1850
1850	Srinagar	Srinagar(34.09°)	34.09	34.09°	66.35	155.32	-149.92	65.09	-5	2396774.25	1850-01-16 23:21:10	1850
1900	Madurai	Madurai(9.92°)	9.92	9.92°	66.36	156.05	-149.58	64.85	22.94	2415037.25	1900-01-17 23:21:10	1900
1900	Ujjain	Ujjain(23.18°)	23.18	23.18°	66.36	156.05	-149.58	64.85	20.17	2415037.25	1900-01-17 23:21:10	1900
1900	Kurukshetra	Kurukshetra(29.97°)	29.97	29.97°	66.36	156.05	-149.58	64.85	-5	2415037.25	1900-01-17 23:21:10	1900
1900	Srinagar	Srinagar(34.09°)	34.09	34.09°	66.36	156.05	-149.58	64.85	-5	2415037.25	1900-01-17 23:21:10	1900
1950	Madurai	Madurai(9.92°)	9.92	9.92°	66.36	156.76	-149.24	64.61	23.13	2433299.25	1950-01-17 23:30:00	1950
1950	Ujjain	Ujjain(23.18°)	23.18	23.18°	66.36	156.76	-149.24	64.61	20.44	2433299.25	1950-01-17 23:30:00	1950
1950	Kurukshetra	Kurukshetra(29.97°)	29.97	29.97°	66.36	156.76	-149.24	64.61	-5	2433299.25	1950-01-17 23:30:00	1950
1950	Srinagar	Srinagar(34.09°)	34.09	34.09°	66.36	156.76	-149.24	64.61	-5	2433299.25	1950-01-17 23:30:00	1950
2000	Madurai	Madurai(9.92°)	9.92	9.92°	66.36	157.46	-148.91	64.37	23.11	2451562.25	2000-01-18 23:30:00	2000
2000	Ujjain	Ujjain(23.18°)	23.18	23.18°	66.36	157.46	-148.91	64.37	20.49	2451562.25	2000-01-18 23:30:00	2000
2000	Kurukshetra	Kurukshetra(29.97°)	29.97	29.97°	66.36	157.46	-148.91	64.37	-5	2451562.25	2000-01-18 23:30:00	2000
2000	Srinagar	Srinagar(34.09°)	34.09	34.09°	66.36	157.46	-148.91	64.37	-5	2451562.25	2000-01-18 23:30:00	2000