kavya,m_a,m_ai,m_au,m_e,m_i,m_o,m_u,m_ā,m_ī,m_ū,m_ṛ,m_ṝ,ṃ_b,ṃ_bh,ṃ_c,ṃ_ch,ṃ_d,ṃ_dh,ṃ_g,ṃ_gh,ṃ_h,ṃ_j,ṃ_jh,ṃ_k,ṃ_kh,ṃ_l,ṃ_m,ṃ_n,ṃ_p,ṃ_ph,ṃ_r,ṃ_s,ṃ_t,ṃ_th,ṃ_v,ṃ_y,ṃ_ñ,ṃ_ś,ṃ_ḍ,ṃ_ḍh,ṃ_ḥ,ṃ_ṃ,ṃ_ṅ,ṃ_ṇ,ṃ_ṣ,ṃ_ṭ,ṃ_ṭh
108-buddhist-stotras,10,1,1,1,0,1,6,9,1,0,0,0,2,2,3,0,1,0,1,0,3,1,0,2,1,0,3,8,5,1,1,7,2,0,3,1,0,2,0,0,0,0,0,0,0,0,0
AGgirasasmRti,62,0,2,12,2,0,4,15,0,0,0,0,95,74,146,0,91,20,47,4,27,30,0,146,1,13,66,115,261,4,16,230,293,0,174,87,0,76,0,0,0,0,0,0,9,0,0
AdizeSa-paramArthasAra,18,1,0,8,12,0,6,5,0,0,0,0,4,2,0,0,2,0,1,0,0,3,0,3,0,0,1,5,7,0,0,4,2,0,6,4,0,3,0,0,0,0,0,0,0,0,0
AdyanAtha-anuttaraprakAzapaJcAzikA,7,0,0,4,6,0,2,2,2,1,0,0,3,2,1,0,0,0,1,0,0,1,0,0,0,1,2,1,2,0,1,3,1,0,1,1,0,1,0,0,0,0,0,0,0,0,0
AlambanaparIkSA,0,0,0,0,0,0,0,0,0,0,0,0,2,1,0,0,0,0,0,0,0,0,0,0,0,0,1,0,1,0,0,1,1,0,1,0,0,1,0,0,0,0,0,0,0,0,0
AnandabhaTTa-vallAlacarita,1,0,0,0,1,0,1,0,0,0,0,0,1,1,0,0,0,0,0,0,1,0,0,0,0,0,0,0,1,0,0,1,0,0,0,0,0,0,0,0,0,0,0,0,0,0,0
Anandakanda,216,2,2,61,62,6,66,107,8,1,2,0,728,553,1347,29,886,201,460,66,345,279,0,1215,125,255,701,515,1403,37,487,1454,1452,0,996,233,0,537,9,6,0,0,0,0,46,29,0
Anandavardhana-dhvanyAloka-comm,65,0,2,35,35,0,11,10,0,1,0,0,48,35,52,2,51,21,36,6,27,25,0,50,4,30,31,62,66,6,33,59,64,0,68,56,0,37,0,0,0,0,0,0,1,0,0
Anandavardhana-dhvanyAloka,269,1,10,144,98,1,85,69,1,1,0,0,31,16,74,3,39,20,21,5,22,8,0,58,1,10,23,71,114,0,31,93,105,0,102,55,0,43,0,0,0,0,0,0,0,0,0
ApastambadharmasUtra,46,1,0,24,32,0,16,25,0,0,2,0,21,13,39,0,18,7,11,0,10,7,0,16,1,10,17,19,34,3,7,30,28,0,36,16,0,22,0,0,0,0,0,0,0,0,0
ApastambagRhyasUtra-comm,6,0,0,1,3,0,0,0,0,0,0,0,1,1,2,0,2,1,0,0,1,1,0,1,0,0,2,0,3,0,0,2,1,0,1,0,0,0,0,0,0,0,0,0,0,0,0
ApastambazulbasUtra,28,0,0,9,11,0,21,16,0,1,0,0,9,7,17,1,10,0,1,0,0,4,0,16,0,4,4,9,25,0,5,10,13,0,10,4,0,5,0,0,0,0,0,0,3,0,0
AryAnityatAsUtra,0,0,0,0,0,0,0,0,0,0,0,0,2,2,0,0,0,0,0,0,5,1,0,1,0,0,6,7,6,0,0,3,1,0,2,0,0,0,0,0,0,0,0,0,0,0,0
AryabhaTa-AryabhaTIya-comm,409,0,1,210,210,0,145,197,1,11,17,0,0,0,0,0,0,0,0,0,0,0,0,0,0,0,0,0,0,0,0,0,1,0,0,0,0,0,0,0,0,0,0,0,0,0,0
AryabhaTa-AryabhaTIya,22,0,0,2,5,0,6,1,0,1,2,0,0,0,0,0,0,0,0,0,0,0,0,0,0,0,0,0,0,0,0,0,0,0,0,0,0,0,0,0,0,0,0,0,0,0,0
Aryadeva-caryAmelAvaNapradIpa,1,0,0,0,0,0,0,0,0,0,0,0,0,0,1,0,1,0,0,0,1,0,0,1,0,0,0,0,1,0,0,1,0,0,0,0,0,0,0,0,0,0,0,0,0,0,0
AryazUra-jAtakamAlA-1-15,419,3,2,99,166,3,136,136,13,9,1,0,50,20,63,0,89,19,19,0,24,18,0,66,1,11,63,86,110,2,27,122,76,0,82,35,0,41,0,0,0,0,0,0,0,0,0
AryazUra-jAtakamAlA,1,1,0,0,0,0,0,0,0,0,0,0,0,0,1,0,1,0,1,0,0,0,0,0,0,1,1,1,1,0,0,1,0,0,0,0,0,0,0,0,0,0,0,0,0,0,0
AryazUra-pAramitAsamAsa,27,0,0,7,2,0,4,12,2,0,0,0,1,1,3,0,4,2,1,0,2,0,0,4,0,0,2,5,3,0,0,2,1,0,3,1,0,1,0,0,0,0,0,0,0,0,0
AyuHparyantasUtra,13,0,0,14,4,0,4,18,2,2,0,0,9,9,17,0,15,2,15,2,5,2,0,13,4,0,6,9,13,1,15,17,11,0,16,4,0,10,0,0,0,0,0,0,6,0,0
AzvalAyanagRhyasUtra,1,0,0,0,0,0,0,0,0,0,0,0,0,0,0,0,0,0,0,0,0,0,0,0,0,0,0,0,0,0,0,0,0,0,0,0,0,0,0,0,0,0,0,0,0,0,0
AzvalAyanazrautasUtra,1,0,0,0,0,0,0,0,0,0,0,0,0,0,0,0,0,0,0,0,0,0,0,0,0,0,0,0,0,0,0,0,0,0,0,0,0,0,0,0,0,0,0,0,0,0,0
DhuNDhukanAtha-rasendracintAmaNi,72,1,2,8,9,1,15,24,6,2,0,0,10,7,9,0,4,0,10,3,2,4,0,12,1,1,5,5,15,0,4,9,19,0,13,3,0,7,0,0,0,0,0,0,0,1,0
IzvarakRSNa-sAMkhyakArikA-alt,18,0,0,2,10,0,4,10,1,1,0,0,2,0,4,0,1,0,2,0,0,0,0,3,0,2,3,3,5,0,0,1,5,0,2,0,0,1,0,0,0,0,0,0,0,0,0
IzvarakRSNa-sAMkhyakArikA-comm,112,8,0,60,93,1,59,74,3,3,0,0,45,30,67,1,42,5,48,6,18,26,0,62,1,14,42,56,94,1,12,76,67,0,60,34,0,26,0,0,0,0,0,0,7,0,0
IzvarakRSNa-sAMkhyakArikA-comm2,0,0,0,0,1,0,0,0,0,0,0,0,0,0,0,0,0,0,0,0,0,0,0,0,0,0,0,0,0,0,0,0,0,0,0,0,0,0,0,0,0,0,0,0,0,0,0
IzvarakRSNa-sAMkhyakArikA,17,0,0,2,10,0,4,10,0,1,0,0,0,0,4,0,0,0,1,0,0,0,0,3,0,2,0,3,4,0,0,1,5,0,2,0,0,1,0,0,0,0,0,0,0,0,0
Rgveda-edAufrecht,3523,17,10,265,1182,87,843,934,193,173,97,0,0,0,0,0,0,0,0,0,0,0,0,0,0,0,0,0,0,0,0,0,0,0,0,0,0,0,0,0,0,0,0,0,0,0,0
RgvedasaMhitApadapATha,4,0,0,1,31,0,1,2,0,0,0,0,0,0,0,0,0,0,0,0,0,0,0,0,0,0,0,0,0,0,1,0,0,0,0,0,0,0,0,0,0,0,0,0,0,0,0
SimAnanda-sAMkhyatattvavivecana,4,0,0,1,0,0,1,3,0,0,0,0,2,2,8,0,2,1,0,0,0,2,0,3,0,1,4,2,3,0,0,5,4,0,6,2,0,2,0,0,0,0,0,0,0,0,0
aSTAdazasAhasrikA-prajJApAramitA55-82,182,2,1,123,48,0,109,84,1,2,6,0,132,103,125,1,106,73,26,2,14,28,0,104,47,17,99,84,145,7,33,168,62,0,120,66,0,59,0,0,0,0,0,0,6,0,0
aSTAvakragItA,97,0,2,62,53,0,10,57,0,0,0,0,26,15,26,0,20,3,11,1,6,18,0,83,0,2,28,70,40,1,7,56,51,0,73,20,0,6,0,0,0,0,0,0,0,0,0
aSTasAhasrikA-prajJApAramitA,139,0,0,69,0,0,0,2,0,0,1,0,135,111,108,7,91,40,61,3,33,18,0,104,8,42,91,83,148,0,19,164,78,0,114,42,0,82,0,0,0,0,0,0,3,0,0
abhayAkaragupta-niSpaNNayogAvali,11,0,0,3,1,0,6,2,0,0,0,0,1,1,5,0,3,1,0,0,0,2,0,2,0,2,2,4,6,0,3,7,5,0,6,1,0,5,0,0,0,0,0,0,0,1,0
abhidharmasamuccayabhASya,2,0,0,0,2,0,0,1,0,0,0,0,0,0,3,0,2,1,0,0,0,1,0,2,0,1,1,3,2,0,0,4,3,0,2,3,0,0,0,0,0,0,0,0,0,0,0
abhinanda-kAdambarIkathAsAra,311,6,2,56,111,0,72,134,11,3,0,0,20,13,35,0,20,1,15,0,4,6,0,37,1,3,26,22,44,1,13,48,42,0,33,7,0,19,0,0,0,0,0,0,0,0,0
abhinanda-rAmacaritamahAkAvye,146,0,2,19,46,2,39,52,3,2,0,0,6,2,6,0,13,4,3,1,0,4,0,15,3,2,17,14,18,0,4,9,24,0,14,6,0,1,0,0,0,0,0,0,0,0,0
abhinavagupta-anuttarASTikA,4,0,0,0,0,0,0,0,0,0,0,0,0,0,1,0,0,0,0,0,0,0,0,0,0,0,0,3,1,0,0,0,0,0,0,1,0,0,0,0,0,0,0,0,0,0,0
abhinavagupta-bhairavastava,5,0,0,6,4,0,0,2,0,0,0,0,1,1,1,0,1,0,0,0,0,0,0,1,0,0,0,0,2,0,0,0,1,0,2,0,0,0,0,0,0,0,0,0,0,0,0
abhinavagupta-bodhapaJcadazikA,7,1,0,1,1,0,0,0,0,1,0,0,1,0,0,0,0,0,0,0,0,0,0,0,0,0,0,0,0,0,0,0,1,0,1,0,0,0,0,0,0,0,0,0,0,0,0
abhinavagupta-kramastotra,17,0,0,1,7,0,2,1,0,0,0,0,9,9,4,0,2,0,2,0,3,1,0,5,0,0,3,2,4,0,2,3,3,0,1,3,0,1,0,0,0,0,0,0,0,0,0
abhinavagupta-mAlinIzlokavArttika,206,0,2,125,117,1,51,67,18,3,0,0,25,21,22,0,7,1,4,0,15,11,0,32,1,3,16,29,48,2,1,46,44,0,47,19,0,8,0,0,0,0,0,0,0,0,0
abhinavagupta-paramArthasAra-comm,27,0,0,1,32,0,4,10,0,0,0,0,27,22,19,0,9,0,9,5,3,16,0,27,0,4,15,18,31,0,8,37,34,0,34,27,0,13,0,0,0,0,0,0,2,0,0
abhinavagupta-paramArthasAra,31,0,0,14,14,0,3,8,2,0,0,0,5,2,3,0,3,3,3,1,1,1,1,3,0,1,2,4,5,0,0,10,3,0,6,3,0,4,0,0,0,0,0,0,0,0,0
abhinavagupta-paryantapaJcAzikA,9,0,0,5,6,0,2,4,1,0,0,0,0,0,0,0,0,0,0,0,0,1,0,0,0,0,0,0,2,0,0,4,2,0,3,2,0,0,0,0,0,0,0,0,1,0,0
abhinavagupta-tantrAloka,1,0,0,0,0,0,0,0,0,0,0,0,2,0,0,0,0,0,1,0,0,0,0,2,0,0,0,0,3,0,0,1,2,0,1,0,0,3,0,0,0,0,0,0,0,0,0
abhinavagupta-tantrasAra,36,2,1,26,23,1,18,29,2,3,2,0,19,13,20,0,18,10,12,2,10,15,1,25,2,8,18,21,28,3,12,26,25,0,25,18,0,20,0,0,0,0,0,0,6,0,0
abhisamAcArikadharma,32,0,0,13,9,0,22,33,0,0,0,0,58,58,37,2,51,19,38,9,13,23,1,64,15,14,38,47,60,4,12,47,44,10,57,35,0,44,1,1,0,0,0,0,2,0,0
abhisamayAlaMkAra,1,0,0,0,0,0,1,0,0,0,0,0,15,8,31,0,19,7,7,0,2,5,0,17,1,6,13,11,31,0,2,46,25,0,18,7,0,11,0,0,0,0,0,0,2,0,0
abhisamayAlaMkAravRttiH-sphuTArthA,6,0,0,2,1,0,2,3,0,0,0,0,7,3,1,0,4,3,2,0,0,5,0,3,0,1,2,4,8,1,0,9,6,0,6,2,0,1,0,0,0,0,0,0,0,0,0
abhisamayAlaMkAravivaraNa,75,0,0,4,0,1,5,4,0,0,0,0,4,4,6,0,3,2,2,0,1,5,0,8,0,12,7,4,13,0,0,33,1,0,7,2,0,0,0,0,0,0,0,0,2,0,0
adbhutadharmaparyAya,5,0,0,9,4,0,4,9,0,0,0,0,3,3,8,0,9,9,0,0,0,0,0,8,0,0,2,0,8,0,0,9,3,0,9,8,0,0,0,0,0,0,0,0,0,0,0
adhikaraNavastu,89,0,0,40,56,0,42,58,0,0,0,0,71,68,66,4,76,38,30,2,25,36,0,63,2,4,36,45,58,0,7,70,55,0,67,40,0,31,0,0,19,0,0,0,0,0,0
agnipurANa,20,2,0,4,2,0,10,5,0,2,2,0,648,428,438,31,780,200,449,64,631,364,0,858,77,206,629,816,1187,151,342,1414,778,1,1079,480,0,641,10,3,0,0,3,3,57,12,7
agniveza-carakasaMhitA-parts-comm,205,2,9,71,135,2,103,123,1,7,5,0,88,68,108,2,78,14,53,5,49,52,0,102,6,32,78,72,130,11,55,133,126,0,129,68,0,63,0,0,0,0,0,0,13,1,0
ahorAtravratacaityasevAnuzaMsAvadAna,54,0,1,11,19,0,18,47,2,0,0,0,6,4,8,0,2,1,2,0,0,1,0,16,1,1,6,7,13,1,0,16,18,0,5,5,0,2,0,0,0,0,0,0,0,0,0
ahoratravratakathA-prose,16,0,0,12,8,0,6,6,0,0,0,0,9,7,5,0,11,3,3,0,0,0,0,14,0,2,15,7,10,1,1,16,11,0,14,3,0,8,0,0,0,0,0,0,0,0,0
ahoratravratakathA,16,0,0,5,4,0,10,12,0,0,0,0,5,5,5,0,2,1,2,1,1,1,0,3,0,0,1,1,5,1,0,4,5,0,6,1,0,0,0,0,0,0,0,0,0,0,0
aitareyopaniSad-comm,16,1,0,5,6,0,3,8,0,0,1,0,5,1,1,0,2,0,1,0,0,4,0,1,0,1,4,4,5,0,0,3,1,0,5,1,0,1,0,0,0,0,0,0,0,0,0
ajitasenavyAkaraNa-alt,1,0,0,0,3,0,0,1,1,0,0,0,0,0,0,0,0,0,0,0,0,0,0,0,0,0,0,0,1,0,0,1,1,0,1,0,0,0,0,0,0,0,0,0,0,0,0
ajitasenavyAkaraNa,20,0,0,20,4,0,10,19,2,0,0,0,15,14,11,0,12,4,15,0,0,5,0,16,1,2,12,14,14,0,9,18,10,0,8,8,0,9,0,0,0,0,0,0,0,0,0
amRtAkara-catuHstavasamAsArtha,10,0,1,5,4,0,5,3,0,0,0,0,6,5,4,0,2,1,2,0,1,3,0,2,0,1,0,5,7,0,0,6,5,0,3,3,0,2,0,0,0,0,0,0,0,0,0
amarasiMha-nAmaliGgAnuzAsana,1,0,0,0,1,2,0,0,0,0,0,0,0,0,0,0,0,0,1,1,0,0,0,1,0,0,1,1,0,0,0,1,2,0,1,0,0,0,0,0,0,0,0,0,0,0,0
amaru-amaruzataka,8,0,0,0,0,0,0,0,0,0,0,0,35,14,42,4,54,22,26,0,16,14,0,53,4,20,56,61,88,6,25,82,53,0,84,16,0,34,0,0,0,0,0,0,0,0,0
amoghapAzahRdayasUtra-alt,2,0,0,0,0,0,0,0,0,0,0,0,1,1,1,0,0,0,1,0,1,1,0,1,0,1,1,0,2,0,0,1,1,0,1,1,0,2,0,0,0,0,0,0,0,0,0
amoghapAzahRdayasUtra-mz,7,0,0,6,4,0,3,3,0,0,0,0,7,3,2,0,2,0,2,0,1,3,0,5,0,2,6,5,6,0,1,3,2,0,4,2,0,3,0,0,0,0,0,0,0,0,0
amoghapAzahRdayasUtra,9,0,0,6,4,0,2,3,0,0,0,0,7,4,5,0,4,0,4,0,2,2,0,6,0,2,6,4,5,1,1,4,3,0,4,4,0,4,0,0,0,0,0,0,0,0,0
anityatAsUtra,24,0,0,2,2,0,1,4,0,0,0,0,4,4,0,0,2,0,0,0,15,3,0,3,0,0,17,21,9,0,0,8,1,0,5,0,0,3,0,0,0,0,0,0,0,0,0
annaMbhaTTa-tarkasaMgraha-comm,113,0,0,13,97,0,29,19,3,0,0,0,32,21,85,1,46,7,28,12,20,34,0,59,0,31,29,91,113,1,18,111,89,0,102,40,0,32,0,0,0,0,0,0,1,0,0
annaMbhatta-tarkasaMgraha,18,0,0,5,7,0,4,7,1,0,0,0,1,1,9,0,4,1,3,1,0,4,0,4,0,1,1,7,16,0,3,15,5,0,6,3,0,5,0,0,0,0,0,0,0,0,0
antarvyAptisamarthana,0,0,0,0,1,0,0,0,0,0,0,0,1,1,0,0,0,0,0,0,0,0,0,0,0,0,0,0,1,0,0,1,1,0,1,0,0,0,0,0,0,0,0,0,0,0,0
aparimitAyuHsUtra,50,0,0,18,3,0,2,4,0,0,0,0,22,20,2,0,7,2,5,0,2,0,0,9,0,24,6,0,3,0,1,7,5,0,2,2,0,7,0,0,0,0,0,0,0,0,0
apohasiddhi,0,0,0,0,0,0,0,0,0,0,0,0,4,2,2,0,4,1,5,0,4,3,0,5,1,0,2,5,11,0,1,9,5,0,13,3,0,3,0,0,0,0,0,0,0,0,0
appayadIkSita-vairAgyazatakam,1,0,0,0,0,0,0,0,0,0,0,0,0,0,0,0,0,0,0,0,0,0,0,0,0,0,0,0,0,0,0,0,0,0,0,0,0,0,0,0,0,0,0,0,0,0,0
arcaTa-hetubinduTIkA-edsanghavi,119,2,2,81,92,0,66,61,3,0,0,0,68,57,59,0,56,20,15,5,39,29,0,74,2,14,24,70,81,2,18,87,86,0,68,47,0,18,0,0,0,0,0,1,0,2,0
arcaTa-hetubinduTIkA,10,0,0,1,18,0,3,2,0,0,0,0,8,6,11,0,8,4,3,1,10,4,0,10,0,3,1,14,13,0,0,20,21,0,11,5,0,4,0,0,0,0,0,0,0,0,0
asaGga-abhidharmasamuccaya,17,0,2,1,3,1,2,6,1,0,0,0,8,3,18,0,10,3,3,0,1,7,0,14,0,1,7,9,11,0,1,16,7,0,11,6,0,7,0,0,0,0,0,0,2,0,0
asaGga-mahAyAnasUtrAlaMkAra-alt,0,0,0,0,0,0,0,1,0,0,0,0,0,0,1,0,0,0,1,0,0,0,0,0,0,1,0,0,0,0,0,0,0,0,0,0,0,0,0,0,0,0,0,0,0,0,0
asaGga-mahAyAnasUtrAlaMkAra-comm,317,0,4,115,117,0,125,150,5,0,1,0,125,69,125,1,107,34,53,1,39,30,0,98,2,41,47,95,192,6,8,182,106,0,119,68,0,48,0,0,0,0,0,0,8,0,0
asaGga-mahAyAnasUtrAlaMkAra,7,0,0,0,1,0,0,0,0,0,0,0,3,2,3,0,5,2,2,0,1,1,0,1,0,1,2,0,5,1,0,2,0,0,1,2,0,1,0,0,0,0,0,0,0,0,0
asaGga-zarIrArthagAthA,21,0,0,6,5,1,5,4,0,0,0,0,5,3,6,0,3,1,1,0,1,0,0,1,0,3,2,3,2,0,0,7,7,0,2,0,0,1,0,0,0,0,0,0,0,0,0
asaGga-zrAvakabhUmi-edshukla,0,0,0,0,0,0,0,1,0,0,0,0,0,0,2,0,0,0,0,0,1,1,0,1,0,0,0,0,2,0,0,1,0,0,1,1,0,0,0,0,0,0,0,0,0,0,0
atharvaprAyazcittAni,132,3,1,25,45,4,42,61,1,1,2,0,17,8,29,1,24,0,7,2,9,21,0,12,0,1,10,22,45,0,4,30,34,0,30,14,0,10,0,0,0,0,0,0,0,0,0
atharvavedapariziSTas,467,6,4,99,211,2,198,228,8,9,13,0,102,57,151,9,118,16,63,15,45,56,0,139,9,14,70,88,210,9,40,190,135,0,191,67,0,78,0,0,0,0,0,0,3,0,0
atiza-bodhipathapradIpa,1,0,0,0,0,0,1,0,0,0,0,0,0,0,0,0,0,0,0,0,0,0,0,0,0,0,0,0,1,0,0,0,0,0,0,0,0,0,0,0,0,0,0,0,0,0,0
avadAnazataka,1421,0,0,580,668,6,623,607,6,8,22,0,958,813,731,14,690,215,352,18,83,279,0,960,32,123,643,500,1156,6,238,1228,508,0,877,199,0,549,0,0,0,0,0,0,30,0,0
avadhUtasiddha-bhagavadbhaktistotra,39,1,0,13,16,0,6,12,2,2,0,0,4,3,0,0,1,0,2,0,1,2,0,3,0,1,1,5,6,2,0,5,9,0,10,6,0,1,0,0,0,0,0,0,0,0,0
azokAvadAna,30,0,0,10,2,4,22,12,2,0,2,0,110,77,126,3,126,17,74,4,38,21,0,172,6,13,119,124,249,7,39,205,125,0,131,71,0,74,0,0,0,0,0,0,2,0,0
azvaghoSa-buddhacarita-alt,1,0,0,1,0,0,0,0,0,0,0,0,0,0,0,0,0,0,0,0,0,0,0,1,1,0,0,0,0,0,0,0,0,0,0,0,0,0,0,0,0,0,0,0,0,0,0
azvaghoSa-buddhacarita,243,0,1,85,142,3,72,123,15,4,4,0,34,21,72,3,31,14,17,1,22,29,0,41,1,2,38,60,81,3,10,57,62,0,63,22,0,24,0,0,0,0,0,0,0,0,0
azvaghoSa-saundarAnanda-edmatsunami,355,3,1,55,128,0,88,113,7,1,5,0,35,15,51,0,41,12,25,1,26,17,0,41,3,6,38,58,73,4,14,74,60,0,43,30,0,30,0,0,0,0,0,0,0,0,0
azvaghoSa-saundarAnanda,1,0,0,0,0,0,0,0,0,0,0,0,0,0,0,0,0,0,0,0,0,0,0,0,0,0,0,0,0,0,0,0,0,0,0,0,0,0,0,0,0,0,0,0,0,0,0
bANa-harSacarita,433,10,8,190,307,6,291,312,30,13,6,0,179,127,217,2,221,55,128,10,92,112,0,254,13,66,227,175,295,2,126,254,142,0,244,76,0,143,0,0,0,0,0,0,4,2,0
bANa-harSacaritapariziSTa,1,0,0,0,0,0,0,0,0,0,0,0,0,0,0,0,0,0,0,0,0,0,0,0,0,0,0,0,0,0,0,0,0,0,0,0,0,0,0,0,0,0,0,0,0,0,0
"bANa-kAdambarI-1,84-122",4,0,0,0,0,0,2,1,0,0,0,0,4,2,5,0,4,1,4,0,2,5,0,5,1,2,5,5,4,1,3,3,3,0,5,3,0,3,0,0,0,0,0,0,0,0,0
bAdarAyaNa-brahmasUtra-alt,1,0,0,1,1,0,1,1,0,0,0,0,1,1,1,0,0,0,0,0,1,1,0,0,0,1,1,1,1,0,0,1,1,0,1,1,0,1,0,0,0,0,0,0,0,0,0
bAdarAyaNa-brahmasUtra-comm,170,10,1,42,70,0,47,45,2,0,2,0,50,27,33,1,37,1,11,0,17,14,0,29,0,6,18,40,78,5,5,61,52,0,54,22,0,32,0,0,0,0,0,0,0,0,0
bAdarAyaNa-brahmasUtra-subcomm,33,0,0,4,5,0,4,4,0,0,0,0,3,1,2,0,1,0,0,0,1,3,0,1,0,1,0,1,3,1,0,4,3,0,1,1,0,1,0,0,0,0,0,0,1,0,0
bAdarAyaNa-brahmasUtra-subcomm2,33,0,0,4,11,0,5,6,0,0,0,0,10,7,9,0,6,1,2,0,6,6,0,8,1,1,4,7,11,3,4,14,12,0,7,5,0,8,0,0,0,0,0,0,1,0,0
bAdarAyaNa-brahmasUtra,2,0,0,1,1,0,1,1,0,0,0,0,1,1,1,0,1,0,0,0,1,1,0,0,0,1,1,1,1,0,0,1,1,0,1,1,0,1,0,0,0,0,0,0,0,0,0
bIjanighaNTu,2,0,0,0,12,0,3,6,0,0,0,0,10,5,5,0,5,2,3,0,6,3,0,6,0,0,8,3,14,1,2,14,3,0,12,4,0,2,0,0,0,0,0,0,0,2,2
bRhaspatismRti-vyavahArakANDa,194,1,2,64,30,0,62,84,0,1,3,0,8,7,28,0,43,13,10,4,8,3,0,25,0,7,10,16,37,2,2,32,39,0,38,12,0,11,0,0,0,0,0,0,1,0,0
baudhAyanadharmasUtra,153,3,2,44,52,4,40,48,1,2,1,0,15,7,24,0,27,1,13,2,7,6,0,18,0,2,18,20,43,0,5,36,26,0,24,21,0,13,0,0,0,0,0,0,1,0,0
"bhAgavatapurANa-10,29-33",91,1,3,38,66,0,27,55,4,0,1,0,28,23,28,2,38,9,14,1,1,10,0,43,0,5,15,26,38,0,5,39,64,0,31,28,0,8,0,0,0,0,0,0,0,0,0
bhAmaha-kAvyAlaMkAra,31,0,0,6,7,0,6,7,0,0,0,0,1,1,7,0,2,2,3,1,1,1,0,8,0,0,0,4,3,0,0,5,5,0,10,4,0,1,0,0,0,0,0,0,1,0,0
bhAravi-kirAtArjunIya,452,3,3,53,223,8,178,156,21,9,6,0,45,30,24,3,63,20,38,4,19,27,0,49,2,10,63,93,102,2,19,70,55,0,112,17,0,29,0,0,0,0,0,0,0,0,0
bhAsa-dUtavAkya,0,0,0,0,0,0,0,0,0,0,0,0,18,13,7,1,11,1,8,0,4,2,0,29,3,1,13,11,25,1,4,28,10,0,13,6,0,5,0,0,0,0,0,0,0,0,0
bhAsa-svapnavAsavadatta,98,0,0,31,46,0,26,46,1,0,0,0,28,25,12,0,32,2,13,2,8,7,0,29,3,1,19,28,44,0,6,26,22,0,47,3,0,12,0,0,0,0,0,14,1,1,1
bhAsarvajJa-gaNakArikA-1-comm,27,1,0,17,21,1,15,19,1,1,0,0,15,11,18,1,15,9,11,1,5,8,0,20,0,6,8,19,22,0,4,18,20,0,21,13,0,11,0,0,0,0,0,0,1,0,0
bhAskara-bIjagaNita,28,0,0,15,8,0,2,10,2,0,1,0,0,0,0,0,0,0,0,0,0,0,0,0,0,0,0,0,0,0,0,0,0,0,0,0,0,0,0,0,0,0,0,0,0,0,0
bhAskara-bhagavadAzayAnusaraNabhAsya,424,3,5,162,254,1,155,193,24,1,4,0,91,57,94,1,58,10,45,1,30,55,0,147,1,15,64,101,185,8,12,182,130,0,137,76,0,45,0,0,0,0,0,0,3,0,0
bhAskara-lIlAvatI,59,5,0,19,38,1,19,14,0,1,0,0,0,0,0,0,0,0,0,0,0,0,0,0,0,0,0,0,0,0,0,0,0,0,0,0,0,0,0,0,0,0,0,0,0,0,0
bhAskarakaNTha-mokSopAyaTIkA,1343,5,3,782,936,1,453,773,24,7,8,0,209,170,246,1,197,20,89,6,49,217,0,427,6,32,94,300,250,10,68,483,294,0,351,247,0,198,0,0,0,0,0,0,1,0,0
bhAvAgaNeza-tattvayAthArthyadIpana,4,0,0,0,1,0,0,1,0,0,0,0,2,1,2,0,1,0,0,0,0,1,0,0,0,0,0,1,1,0,0,1,2,0,2,0,0,1,0,0,0,0,0,0,0,0,0
bhAvamizra-bhAvaprakAza,12,1,0,1,3,0,7,4,1,2,0,0,1,1,6,0,2,1,0,0,0,0,0,3,0,2,0,0,7,0,3,2,3,0,4,2,0,2,0,0,0,0,0,0,0,0,0
bhRgusaMhitA,11,0,0,0,2,0,2,2,1,0,0,0,488,292,1270,8,587,104,194,23,250,153,1,774,20,77,325,393,1231,41,128,1184,1176,0,1012,272,0,312,0,0,1,0,0,0,24,0,0
bhUtirAja-svabodhasiddhi,3,0,0,2,2,0,2,1,0,0,0,0,0,0,1,0,1,0,0,0,0,0,0,1,0,0,0,0,0,0,0,0,0,0,0,0,0,0,0,0,0,0,0,0,0,0,0
bhaTTanArAyaNa-stavacintAmaNi,24,2,1,8,5,0,7,5,6,1,0,0,2,2,1,0,2,2,0,0,2,3,0,6,0,0,1,1,4,0,1,5,5,0,3,5,0,0,0,0,0,0,0,0,0,0,0
bhaTTanArAyaNa-veNIsaMhAra,0,0,0,0,0,0,1,0,0,0,0,0,0,0,0,0,0,0,0,0,0,0,0,0,0,0,0,0,0,0,0,0,0,0,0,0,0,0,0,0,0,0,0,0,0,0,0
bhaTTi-rAvaNavadha,1,0,0,1,0,0,0,2,0,0,0,0,6,3,1,1,10,1,3,0,4,3,0,4,0,1,1,2,15,0,5,12,4,0,7,0,0,1,0,0,0,0,0,0,0,0,0
bhagavadgItA-4comm,2318,40,16,1179,1576,17,796,1329,125,14,22,0,920,598,930,13,695,139,306,24,216,582,1,1048,23,162,877,920,1403,105,221,1443,1287,0,1185,699,0,568,0,0,0,0,0,0,13,0,0
bhagavadgItA-comm,711,13,3,265,346,8,232,313,57,1,9,0,208,123,247,3,175,33,95,8,61,115,0,300,1,35,185,205,368,23,45,350,307,0,286,224,0,119,0,0,0,0,0,0,0,0,0
bhaiSajyaguruvaidUryaprabharAjasUtra,14,0,0,11,1,0,9,6,1,0,0,0,15,11,11,0,11,8,6,0,1,2,0,14,1,3,13,9,14,0,5,9,12,0,13,6,0,9,0,0,1,0,0,0,0,0,0
bhaiSajyavastu,666,2,3,288,397,3,333,439,10,2,36,0,479,410,381,26,380,125,245,16,61,112,0,503,46,55,336,309,552,10,112,498,299,0,427,185,0,230,0,0,0,0,0,0,5,0,0
bhaktivinoda-harinAmacintAmaNi,2,0,0,0,0,0,1,0,0,0,0,0,0,0,0,0,0,0,0,0,0,0,0,1,0,0,0,1,0,0,0,0,0,0,1,1,0,0,0,0,0,0,0,0,0,0,0
bhallaTa-bhallaTazataka,60,0,0,15,20,0,15,10,1,2,0,0,4,2,7,0,13,5,8,0,4,7,1,14,0,0,7,6,16,2,1,12,12,0,18,9,0,4,0,0,0,0,0,0,0,0,0
bharata-nATyazAstra-1-1618-303335-37,3,0,0,0,0,0,1,1,0,0,0,0,1,1,3,0,2,0,1,0,0,0,0,1,0,0,1,2,2,0,0,1,0,0,1,0,0,0,0,0,0,0,0,0,0,0,0
bhartRhari-vAkyapadIya,390,0,4,110,135,0,114,118,1,1,3,0,22,18,34,1,16,3,10,1,1,12,0,26,0,4,7,28,69,1,5,70,81,0,49,24,0,23,0,0,0,0,0,0,0,0,0
"bhartRhari-vAkyapadIya1-3,7",161,0,3,46,63,0,45,60,0,2,2,0,12,7,22,2,10,2,7,0,0,4,0,19,0,5,7,12,42,0,1,29,32,0,26,22,0,11,0,0,0,0,0,0,1,0,0
bhatRhari-zatakatraya,170,0,1,38,42,1,37,42,4,1,0,0,21,15,16,1,13,4,8,0,5,10,0,26,1,0,15,12,34,1,7,111,16,0,29,12,0,7,0,0,0,0,0,0,0,0,0
bhikSuNIkarmavAcanA,60,0,1,61,22,1,22,40,0,0,0,0,39,35,8,0,21,5,29,0,0,2,0,29,0,1,12,13,43,1,5,39,12,0,23,14,0,34,0,0,0,0,0,0,0,0,0
bhikSuNIvinaya,526,0,0,282,198,12,398,547,3,4,0,0,506,482,267,25,358,92,320,0,38,96,0,457,39,58,171,230,713,7,54,586,297,12,401,283,0,159,0,0,0,0,0,0,9,0,0
bhikSukarmavAkya,0,0,0,0,0,0,0,0,0,0,0,0,10,9,10,0,10,5,5,0,1,2,0,13,0,1,9,10,15,1,2,13,10,0,9,9,0,6,0,0,0,0,0,0,0,0,0
bilhaNa-caurapaJcAzikA,11,0,0,1,10,0,8,6,1,0,0,0,0,0,1,0,0,0,2,0,0,3,0,7,0,2,6,7,6,0,4,15,6,0,7,3,0,2,0,0,0,0,0,0,0,0,0
bodhisattvabhUmi,36,0,0,10,16,0,4,14,2,0,0,0,320,166,177,4,288,143,78,2,68,67,0,299,6,53,96,201,419,22,36,421,213,0,354,173,0,119,0,0,0,0,0,0,10,0,0
bodhisattvaprAtimokSasUtra,0,0,0,0,0,0,0,0,0,0,0,0,1,1,1,0,0,0,1,0,0,0,0,1,0,0,1,0,1,0,0,1,1,0,0,0,0,1,0,0,0,0,0,0,0,0,0
bower-manuscript,90,2,8,72,56,0,58,60,2,4,16,0,73,57,102,12,83,23,66,28,60,50,0,85,18,40,86,74,98,6,46,96,93,0,91,78,0,68,0,0,0,0,0,0,22,0,0
brahmANDapurANa,1,0,0,0,0,0,1,0,0,0,0,0,859,514,1542,13,1167,237,472,39,319,433,0,1047,30,171,1032,980,2035,24,359,1976,2069,0,1579,577,0,673,0,0,0,0,0,0,18,0,0
brahmabindUpaniSad,8,0,0,3,4,0,0,2,0,0,0,0,2,2,4,0,1,1,0,0,0,0,0,1,0,1,0,2,1,0,0,1,1,0,0,0,0,3,0,0,0,0,0,0,0,0,0
brahmagupta-brAhmasphuTasiddhAnta,41,2,4,2,15,0,6,7,0,5,2,0,0,0,0,0,0,0,0,0,0,0,0,0,0,0,0,0,0,0,0,0,0,0,0,0,0,0,0,0,0,0,0,0,0,0,0
brahmapurANa-1-246,2457,19,7,658,665,14,727,1453,100,48,30,0,306,179,429,10,459,79,215,7,90,160,0,412,7,69,388,319,615,24,104,622,672,0,561,239,0,278,0,0,0,0,0,0,4,0,0
brahmasaMhitA-5-comm,110,0,0,50,67,0,34,71,2,2,3,0,65,51,31,0,28,5,32,2,12,12,0,27,1,14,21,26,41,0,6,55,80,0,33,23,0,23,0,0,0,0,0,0,0,0,0
buddhaghoSa-siddhArthacaritrakAvya,9,0,0,0,0,0,2,3,0,0,0,0,0,0,0,0,0,0,0,0,0,0,0,1,0,1,0,0,1,0,0,1,1,0,0,0,0,1,0,0,0,0,0,0,0,0,0
buddhasvAmin-bRhatkathAzlokasaMgraha,1586,21,3,324,911,2,422,796,51,7,6,0,96,68,206,2,188,25,102,5,36,29,0,220,3,27,212,186,251,3,36,227,259,0,171,124,0,62,0,0,0,0,0,0,0,0,0
buddhist-stotras,112,0,0,9,39,0,31,20,2,0,4,0,17,9,22,0,16,7,4,0,7,20,0,27,1,7,32,32,37,0,1,132,37,0,18,20,0,15,0,0,0,0,0,0,0,0,0
buddhist-yoga-manual,62,0,0,12,31,0,42,58,1,2,1,0,43,25,55,4,43,9,19,1,9,21,0,34,1,24,23,36,71,3,10,77,34,0,28,18,0,18,0,0,0,0,0,0,3,0,0
cAmuNDa-rasasaMketakalikA,8,0,0,4,3,0,0,1,0,0,0,0,0,0,2,0,2,0,2,0,0,1,0,1,0,0,0,1,5,0,0,0,1,0,2,0,0,2,0,0,0,0,0,0,0,0,0
cIvaravastu,208,0,0,114,138,2,108,147,0,4,2,0,184,178,122,6,157,53,110,23,16,48,0,167,10,44,117,125,176,2,46,125,86,0,125,64,0,72,0,0,0,0,0,0,4,0,0
cakrapANinAtha-bhAvopahArastotra,51,0,0,16,9,1,14,16,3,0,0,0,10,7,4,0,5,3,3,0,2,2,0,7,0,3,9,3,10,0,1,19,16,0,12,4,0,4,0,0,0,0,0,0,0,0,0
candrakIrti-prasannapada,4,0,0,1,8,0,2,0,0,0,0,0,2,2,1,0,0,0,0,0,1,1,0,4,0,1,1,7,9,0,1,6,6,0,4,4,0,2,0,0,0,0,0,0,0,0,0
candrasUtra,2,0,0,2,0,0,6,4,0,0,0,0,5,3,6,0,2,0,7,0,0,0,0,0,0,1,3,5,0,0,1,3,4,0,7,0,0,4,0,0,0,0,0,0,0,0,0
carmavastu,77,0,2,54,46,0,60,61,4,0,0,0,76,76,50,0,39,19,39,0,4,16,0,67,2,12,29,38,86,0,6,51,48,0,47,27,0,24,0,0,0,0,0,0,0,0,0
chAndogyopaniSad-comm,207,0,0,152,100,3,101,95,3,2,8,0,78,56,65,1,56,4,14,0,54,20,0,36,3,12,31,35,89,0,23,102,64,0,124,24,0,17,0,0,0,0,0,0,0,0,0
chandoviciti,9,0,0,2,3,0,6,6,1,0,0,0,0,0,2,0,3,2,0,0,1,3,0,4,0,4,2,1,5,0,0,4,4,0,10,0,0,3,0,0,0,0,0,0,0,0,0
dAmodaragupta-kuTTanImata,0,0,0,0,1,0,0,0,0,0,0,0,0,0,0,0,0,0,0,0,0,0,0,0,0,0,0,0,0,0,0,1,0,0,0,0,0,0,0,0,0,0,0,0,0,0,0
dIpaMkara-satyadvayAvatAranAma,1,0,0,0,0,0,0,1,0,0,0,0,0,0,0,0,0,0,0,0,0,0,0,0,0,0,0,1,0,0,0,0,0,0,0,0,0,0,0,0,0,0,0,0,0,0,0
dIpaMkarazrIjJAna-ApattidezanAvidhi,1,0,0,0,1,0,0,0,0,0,0,0,0,0,0,0,0,0,0,0,0,0,0,0,0,0,0,0,0,0,0,0,0,0,0,0,0,0,0,0,0,0,0,0,0,0,0
dIpaMkarazrIjJAna-gurukriyAkrama,1,0,0,0,0,0,1,0,0,0,0,0,0,0,1,0,0,0,0,0,0,1,0,1,0,1,0,0,2,0,0,1,1,0,2,0,0,1,0,0,0,0,0,0,0,0,0
dIpaMkarazrIjJAna-zaraNagamanadezanA,0,0,0,0,0,0,0,1,0,0,0,0,0,0,0,0,0,0,0,0,0,0,0,0,0,0,0,0,0,0,0,0,1,0,0,0,0,0,0,0,0,0,0,0,0,0,0
daNDin-dazakumAracarita,4,0,0,0,7,0,1,1,0,0,0,0,3,3,3,1,3,2,3,1,3,4,1,5,0,3,5,3,5,0,3,4,4,0,6,3,0,3,0,0,0,0,0,0,0,0,0
daNDin-dazakumAracarita3--5-6,18,3,0,17,17,1,18,18,4,5,1,0,13,11,17,0,16,4,11,3,5,9,0,16,1,6,13,13,17,0,8,18,16,0,15,8,0,9,0,0,0,0,0,0,0,0,0
daNDin-kAvyAdarza-1-2,129,0,0,23,65,1,31,31,9,3,0,0,14,11,17,0,11,4,7,1,3,5,0,20,0,6,22,24,28,0,5,21,41,0,30,8,0,7,0,0,0,0,0,0,0,0,0
daNDin-kAvyAdarza-3,62,0,0,15,12,0,12,20,5,0,0,0,3,3,1,0,4,2,2,0,1,1,0,8,0,1,4,4,4,0,2,5,9,0,7,2,0,0,0,0,0,0,0,0,0,0,0
dantyoSThavidhi,8,0,4,4,2,0,2,0,0,0,1,0,14,0,2,0,3,0,0,0,0,0,0,6,0,1,0,0,0,0,0,2,5,0,1,2,0,0,0,0,0,0,0,0,0,0,0
dazabalasUtra-1-4,17,0,0,6,10,0,2,24,0,0,0,0,9,5,25,0,11,4,0,0,2,8,0,10,0,4,9,28,38,0,0,30,37,0,23,28,0,5,0,0,0,0,0,0,4,0,0
dazabhUmikasUtra,19,0,0,5,4,0,4,3,0,0,0,0,136,82,120,2,77,33,24,1,11,64,0,77,5,17,42,62,138,1,10,163,65,0,105,52,0,49,0,0,0,0,0,0,1,0,0
devIgItA,38,0,0,21,8,2,5,22,3,0,0,0,40,24,67,0,42,7,11,2,19,31,0,46,0,5,80,60,73,0,23,124,119,0,66,42,0,28,1,0,0,0,0,0,4,0,0
devIkAlottarAgama,2,0,0,0,0,0,0,0,0,0,0,0,7,3,25,0,11,6,2,0,0,9,0,9,0,1,11,23,12,1,0,21,15,0,18,6,0,9,0,0,0,0,0,0,0,0,0
devatAsUtra-and-alpadevatAsUtra,2,0,0,2,1,0,0,1,0,0,0,0,1,1,2,1,1,0,2,0,0,2,0,1,0,1,2,1,1,0,2,2,2,0,2,2,0,1,0,0,0,0,0,0,0,0,0
dhanaMjaya-dazarUpaka-1-4,0,0,0,0,0,0,0,1,0,0,0,0,0,0,1,0,0,0,0,0,0,1,0,1,0,0,0,0,1,0,0,0,0,0,2,0,0,0,0,0,0,0,0,0,0,0,0
dharmakIrti-hetubindu-edsteinkellner,2,0,0,1,1,0,1,2,1,0,0,0,1,1,1,0,1,1,1,0,1,1,0,1,0,1,1,1,1,0,1,2,1,0,1,1,0,1,0,0,0,0,0,0,0,0,0
dharmakIrti-hetubindu,8,0,0,1,6,0,0,0,0,0,0,0,3,3,4,0,4,0,0,0,3,2,0,4,0,0,2,6,3,0,0,6,3,0,3,2,0,1,0,0,0,0,0,0,0,0,0
dharmakIrti-nyAyabindu,2,0,0,1,1,0,1,1,0,0,0,0,1,1,1,0,1,0,1,0,1,1,0,1,0,0,0,1,1,0,1,1,1,0,1,1,0,1,0,0,0,0,0,0,0,0,0
dharmakIrti-nyAyabinduprakaraNa-comm,32,0,0,1,48,0,3,3,0,0,0,0,15,14,18,0,15,0,2,0,8,6,0,13,0,1,9,16,28,0,2,33,28,0,24,9,0,8,0,0,0,0,0,0,1,0,0
dharmakIrti-pramANavArttikakArikA,2,1,0,1,1,0,1,1,1,0,0,0,1,1,1,1,1,1,1,1,1,1,0,1,0,1,1,1,1,1,1,1,1,0,1,1,0,1,0,0,0,0,0,0,1,0,0
dharmakIrti-pramANavArttisvavRtti,252,1,0,146,139,2,55,70,2,1,0,0,64,44,73,1,39,11,23,4,37,39,0,101,6,6,17,102,118,5,10,125,120,0,124,34,0,38,1,0,0,0,0,0,2,0,0
dharmakIrti-pramANavinizcaya-fragment,1,0,0,0,2,0,0,1,0,0,0,0,0,0,0,0,0,0,0,0,0,0,0,0,0,0,0,2,1,0,0,0,0,0,0,0,0,0,0,0,0,0,0,0,0,0,0
dharmakIrti-saMtAnAntarasiddhi,0,0,0,1,1,0,0,0,0,0,0,0,0,0,1,0,0,0,0,0,0,1,0,0,0,0,0,1,2,0,0,1,1,0,0,0,0,0,0,0,0,0,0,0,0,0,0
dharmakIrti-subandhaparIkSA-1-25,2,0,0,1,0,0,0,0,0,0,0,0,1,1,1,0,1,0,0,0,1,0,0,1,0,0,0,1,0,0,0,1,1,0,0,1,0,1,0,0,0,0,0,0,0,0,0
dharmakIrti-vAdanyAya-alt,8,0,0,1,6,0,3,0,0,0,0,0,2,0,3,0,2,0,1,0,0,0,0,3,0,1,0,6,7,0,0,3,3,0,9,0,0,1,0,0,0,0,0,0,0,0,0
dharmakIrti-vAdanyAya,5,1,0,2,4,0,2,3,0,0,0,0,2,2,2,0,3,1,2,2,2,2,0,2,0,2,2,2,2,1,1,2,2,0,2,2,0,2,0,0,0,0,0,0,0,0,0
dharmasamuccaya,5,0,0,0,0,0,7,2,0,0,0,0,203,152,226,7,305,75,87,12,105,107,0,302,2,40,233,396,501,37,42,522,300,0,305,232,0,132,0,0,0,0,0,0,0,0,0
dharmaskandha,191,0,6,44,105,0,220,125,2,2,0,0,179,166,119,0,84,29,26,3,14,28,0,125,1,6,97,77,218,6,46,144,57,0,129,50,0,50,0,0,0,0,0,0,11,0,0
dhoyI-pavanadUta,0,0,0,0,0,2,0,0,0,0,0,0,0,0,0,0,0,0,0,0,0,0,0,0,0,0,0,0,0,0,0,0,0,0,0,0,0,0,0,0,0,0,0,0,0,0,0
dhvajAgrakeyUrAdhAriNI-alt,3,0,0,1,1,0,0,1,0,0,0,0,2,2,0,0,1,0,0,0,2,1,0,1,0,1,2,0,2,1,1,1,2,0,2,1,0,0,0,0,0,0,0,0,0,0,0
dhvajAgrasUtra,2,0,0,2,2,0,2,0,0,0,0,0,2,2,0,0,2,2,0,0,0,0,0,2,2,0,2,0,0,0,0,2,2,0,2,2,0,2,0,0,0,0,0,0,0,0,0
dignAga-prajJApAramitApiNDArtha,0,0,0,0,1,0,0,0,0,0,0,0,0,0,0,0,0,0,0,0,0,0,0,0,0,0,0,0,0,0,0,1,0,0,0,0,0,0,0,0,0,0,0,0,0,0,0
divyAvadAna,26,0,2,14,20,0,24,4,0,0,27,0,757,633,831,44,657,153,457,30,171,259,0,742,51,106,611,624,986,27,243,817,697,0,801,5,0,455,0,0,0,1,0,0,27,0,0
dramatic-fragments-buddhist,30,0,0,5,11,0,10,9,1,0,2,0,2,2,0,0,1,0,2,0,3,3,0,1,0,1,4,1,1,0,0,4,3,0,4,3,0,3,0,0,0,0,0,0,0,0,0
durvekamizra-dharmottarapradIpa,904,1,2,465,732,0,347,411,17,2,1,0,223,188,224,0,263,34,76,10,92,99,1,258,3,53,68,357,472,6,56,497,485,0,411,181,0,93,1,0,0,0,0,0,1,1,0
durvekamizra-hetubinduTIkAloka,374,0,1,234,346,0,198,162,6,2,0,0,133,96,78,0,149,21,28,6,57,38,0,148,8,22,47,169,210,3,25,185,228,0,184,107,0,43,0,0,0,0,0,0,3,3,0
dvAviMzatyavadAnakathA,276,0,1,122,123,1,105,167,8,8,1,0,105,95,90,2,105,27,46,1,10,29,0,131,3,11,84,87,152,6,28,156,97,0,91,23,0,60,0,0,0,0,0,0,1,0,0
ekAdazamukha,0,0,0,2,0,0,2,0,0,0,0,0,4,4,4,0,0,0,2,0,4,0,0,5,0,4,5,4,5,0,0,5,2,0,2,0,0,2,0,0,0,0,0,0,0,0,0
ekAdazamukhahRdaya,2,0,0,3,0,0,2,1,0,0,0,0,2,2,1,0,1,0,2,0,1,0,0,2,0,2,2,1,2,0,0,2,2,0,1,1,0,0,0,0,0,0,0,0,0,0,0
ekottarAgamafragments,65,0,0,45,13,0,23,26,0,0,0,0,23,23,32,0,25,5,8,0,11,10,0,11,0,4,34,23,39,1,1,35,18,0,28,30,0,22,0,0,0,0,0,0,0,0,0
fragments-of-prajJApAramitA-texts,49,0,0,40,14,0,27,26,0,0,2,0,23,16,29,1,25,14,12,4,6,7,0,23,8,4,20,24,39,1,12,41,21,0,29,23,0,26,0,0,0,0,0,0,1,0,0
gAGgeza-tattvacintAmaNizabdakhANDa,1,0,0,0,0,0,0,0,0,0,0,0,0,0,0,0,0,0,0,0,0,0,0,0,0,0,0,0,0,0,0,0,0,0,0,0,0,0,0,0,0,0,0,0,0,0,0
gaNDavyUhasUtra,47,0,0,11,0,0,6,3,0,0,2,0,424,151,396,12,388,156,189,10,51,242,0,374,31,103,277,325,530,3,132,601,295,1,426,116,0,266,2,0,0,0,0,0,4,0,0
gaNapatihRdaydhAraNI,2,0,0,1,0,0,1,4,0,0,0,0,0,0,0,0,0,0,2,0,0,0,0,2,0,1,3,1,1,0,1,2,1,0,1,0,0,1,0,0,0,0,0,0,0,0,0
garbhasaMgrahaH,1,0,0,0,0,0,0,0,0,0,0,0,3,1,2,1,0,0,3,0,1,1,0,1,0,0,0,0,1,0,1,4,4,0,0,0,0,0,0,0,0,0,0,0,0,0,0
garbhopaniSad,8,0,0,0,6,2,2,4,0,0,0,0,2,2,5,0,3,0,1,0,0,2,0,5,0,0,6,2,8,3,0,10,7,0,3,2,0,5,0,0,0,0,0,0,1,0,0
garuDapurANa,6,0,0,0,6,4,0,6,0,0,0,0,1045,617,1745,46,1336,235,738,71,754,543,0,1657,102,239,1080,1407,2330,60,336,2220,2002,0,1917,701,1,905,10,3,0,0,2,2,30,8,5
gauDapAda-AgamazAstra,51,0,0,12,20,1,14,11,2,0,0,0,5,2,5,0,7,2,4,0,2,2,0,6,1,3,3,16,11,0,0,14,17,0,11,4,0,2,0,0,0,0,0,0,0,0,0
gautama-dharmasUtra,86,1,1,17,18,1,19,37,4,2,0,0,5,3,11,0,6,1,4,2,2,4,0,5,0,1,2,6,12,0,2,6,6,0,4,3,0,2,0,0,0,0,0,0,1,0,0
gautama-dharmasUtra1-3-comm,1,0,0,0,0,0,0,0,0,0,0,0,0,0,0,0,0,0,0,0,0,0,0,0,0,0,0,0,0,0,0,0,0,0,0,0,0,0,0,0,0,0,0,0,0,0,0
gautama-nyAyasUtra-comm-alt,110,5,2,19,21,1,14,17,1,1,0,0,33,25,49,1,37,7,24,6,12,13,0,32,7,4,20,46,68,0,8,61,44,0,42,17,0,15,0,0,0,0,0,0,1,0,0
gautama-nyAyasUtra-comm,564,9,1,135,440,2,217,159,5,3,10,0,121,88,183,4,129,22,81,12,63,66,0,121,20,26,54,206,300,3,22,229,169,0,180,50,0,70,0,0,0,0,0,0,1,0,0
gautama-nyAyasUtra-comm2,118,2,0,22,50,0,32,35,0,1,0,0,87,74,90,0,74,12,39,12,44,33,0,78,6,27,34,89,129,3,23,115,114,0,115,45,0,41,0,0,0,0,0,0,0,0,0
gautama-nyAyasUtra,27,0,0,3,7,0,6,19,0,0,0,0,0,0,3,0,1,0,0,0,2,0,0,1,0,0,0,1,10,0,1,3,6,0,2,1,0,2,0,0,0,0,0,0,0,0,0
"gautama-nyAyasUtra5,1-comm",34,1,0,2,20,0,17,10,0,0,0,0,4,3,7,0,8,1,1,1,0,0,0,12,1,2,2,13,17,0,0,17,5,0,8,3,0,7,0,0,0,0,0,0,1,0,0
ghaTakarparakAvya-comm,24,0,0,20,21,0,19,14,0,0,0,0,8,6,6,0,12,3,8,2,6,9,1,18,2,3,17,15,22,0,5,21,18,0,14,13,0,9,0,0,0,0,0,0,0,0,0
gheraNDasaMhitA,79,0,0,11,29,0,32,56,0,0,2,0,46,24,92,0,66,37,34,10,15,28,1,87,3,6,55,70,99,2,23,118,91,0,72,46,0,46,1,0,0,0,0,0,4,0,0
gopAlabhaTTa-haribhaktivilAsa-1-11,667,7,2,183,125,0,192,314,16,15,2,0,78,51,126,1,81,16,40,3,27,32,0,77,0,34,87,78,158,10,10,194,126,0,127,65,0,55,1,0,0,0,1,0,1,1,0
gopadatta-jAtakamAlA,510,2,0,121,187,0,149,167,10,5,2,0,58,29,67,0,61,15,19,2,17,31,0,119,5,9,74,84,131,9,27,211,112,0,123,30,0,40,0,0,0,0,0,0,0,0,0
"gopathabrAhmaNa-1,1,1-1,3,6",49,3,1,34,38,10,22,34,2,3,12,0,35,22,28,10,28,6,9,3,19,17,0,16,0,7,19,24,28,0,9,36,27,0,38,24,0,15,0,0,0,0,0,0,0,0,0
gopathabrAhmaNa,582,25,6,365,242,33,201,260,15,17,49,0,277,173,210,44,207,33,89,6,149,93,0,134,2,61,138,205,372,2,78,383,229,0,413,195,0,86,0,0,0,0,0,0,15,0,0
gorakSanAtha-AmaraughazAsana-comm,4,0,0,1,3,0,2,4,0,0,0,0,2,1,4,0,4,1,2,1,2,1,0,4,0,2,4,2,4,0,3,5,4,0,4,3,0,3,0,0,0,0,0,0,2,0,0
gorakSanAtha-gorakSazataka,7,0,0,8,2,0,4,20,0,1,0,0,3,1,2,0,4,1,1,0,2,1,0,2,0,0,2,5,8,0,2,5,6,0,5,3,0,0,0,0,0,0,0,0,0,0,0
gorakSazataka-alt,20,0,0,10,14,0,10,14,0,3,0,0,19,10,19,0,12,3,6,2,7,18,0,11,0,1,16,19,28,0,2,19,23,0,23,14,0,11,0,0,0,0,0,0,2,0,0
govardhana-AryAsaptazatI,284,0,0,40,103,2,53,72,11,2,0,0,16,10,15,0,27,2,20,1,7,5,0,31,1,3,25,23,31,0,7,38,32,0,40,5,0,9,0,0,0,0,0,0,0,0,0
govindkaul-pradezasaMgraha,45,0,0,35,31,0,15,27,4,0,0,0,33,26,23,2,27,5,15,0,8,19,0,31,2,12,22,33,36,3,9,44,32,0,25,25,0,23,0,0,0,0,0,0,1,0,0
grahamAtRkAdhAraNI,9,0,0,4,1,0,3,3,0,0,0,0,2,1,1,0,6,0,0,0,0,1,0,3,0,0,6,6,5,0,1,4,2,0,3,1,0,2,0,0,0,0,0,0,0,0,0
guNakAraNDavyUhasUtra,0,0,0,0,0,0,0,0,0,0,0,0,1,0,0,0,0,0,1,0,0,0,0,0,0,0,0,0,3,0,0,0,1,0,2,0,0,1,0,0,0,0,0,0,0,0,0
harSadeva-priyadarzikA,130,0,0,71,43,0,34,33,3,0,0,0,21,15,10,0,39,4,21,0,7,13,0,43,3,4,29,34,41,0,7,55,28,0,54,5,0,10,0,0,0,0,0,16,0,0,0
harSadeva-ratnAvalInATikA,14,1,0,5,9,0,14,10,1,0,1,0,8,7,10,0,10,3,7,0,5,8,1,12,4,3,11,11,13,0,8,16,11,0,11,5,0,3,0,0,0,0,0,6,0,0,0
haribhadrasUri-nyAyapravezapravRtti,5,0,0,0,5,0,1,0,0,0,0,0,0,0,4,0,3,2,1,1,3,2,0,3,0,0,0,4,6,1,0,6,5,0,4,1,0,1,0,0,0,0,0,0,0,0,0
haribhadrasUri-zAstravArttAsamuccaya,125,0,1,63,50,0,15,21,2,0,0,0,10,7,15,0,6,3,3,1,6,7,0,16,0,3,3,21,14,0,0,24,43,0,11,15,0,2,0,0,0,0,0,0,0,0,0
harivaMza-app1,19,8,2,27,15,6,14,23,8,6,10,0,23,20,16,8,14,10,14,6,16,14,2,17,10,12,16,14,19,14,14,24,22,0,15,14,0,14,2,0,0,0,0,0,6,0,0
harivaMza,2135,25,9,562,775,19,775,1323,73,49,41,0,925,541,1220,19,1100,159,556,65,364,414,1,1113,32,158,945,765,1486,10,447,1611,1472,0,1567,662,0,650,0,0,0,0,0,0,6,0,0
harivarman-satyasiddhizAstram,25,0,0,1,93,0,3,5,0,0,0,0,55,47,27,1,49,16,17,0,24,25,0,64,4,17,40,58,82,1,23,92,34,0,67,22,0,26,0,0,0,0,0,0,3,0,0
hayagrIvavidyA,2,0,0,2,0,0,2,0,0,0,0,0,2,2,2,0,1,0,2,2,3,2,0,2,0,2,3,1,3,2,2,1,2,0,2,1,0,2,0,0,0,0,0,0,0,0,0
hetvAbhAsadazaka,8,0,0,2,9,0,5,0,0,0,0,0,4,3,0,0,3,0,1,0,4,0,0,9,2,0,7,5,6,0,6,9,7,0,8,4,0,2,0,0,0,0,0,0,0,0,0
jIvagosvAmin-rAdhAkRSNArcanadIpikA,44,2,0,27,31,0,16,36,3,1,1,0,23,15,17,0,12,2,8,1,5,7,0,11,0,7,15,11,33,1,6,23,31,0,10,7,0,16,0,0,0,0,0,0,1,0,0
jIvagosvAmin-saMkalpakalpadruma,436,3,0,54,129,0,70,125,19,8,2,0,38,19,19,2,38,7,11,3,14,8,0,42,2,3,30,53,67,0,13,86,46,0,84,11,0,9,0,0,0,0,0,0,0,0,0
jJAnAlokAlaMkArasUtra,56,0,0,33,29,0,26,24,1,0,0,0,33,16,28,0,28,13,4,0,4,3,0,20,0,3,24,29,37,0,4,35,26,0,24,7,0,21,0,0,0,0,0,0,0,0,0
jJAnAmRtasArasaMhitA,94,0,1,21,20,0,67,30,46,3,0,0,20,13,55,0,17,2,7,1,1,3,0,29,0,4,17,12,40,1,8,35,21,0,27,9,0,17,0,0,0,0,0,0,0,0,0
jJAnayazas-jAtakastava,8,0,0,0,2,1,6,12,0,0,0,0,1,0,0,0,2,1,3,0,0,3,0,2,1,2,2,2,1,0,2,3,6,0,0,2,0,3,0,0,0,0,0,0,0,0,0
jJAnazambhu-zivapUjAstava,1,0,0,0,0,0,1,0,0,0,0,0,0,0,0,0,0,0,0,0,0,0,0,0,0,0,0,0,0,0,0,1,0,0,1,0,0,0,0,0,0,0,0,0,0,0,0
jJAnazrImitra-vRttamAlAstuti,84,0,0,13,31,0,25,9,8,1,1,0,6,5,6,0,5,1,2,0,2,6,0,7,0,3,2,6,12,1,0,9,19,0,16,7,0,4,0,0,0,0,0,0,0,0,0
jaiminIyagRhyasUtra,1,0,0,0,0,0,0,0,0,0,0,0,1,1,0,0,1,0,0,0,0,1,0,0,0,0,0,0,1,0,0,1,0,0,0,1,0,0,0,0,0,0,0,0,0,0,0
jaimini-mImAMsAsUtra-1-7-comm,1075,17,12,500,763,2,420,347,13,8,28,0,443,365,434,7,350,52,175,9,275,110,0,436,16,93,102,385,710,37,46,581,447,0,569,249,0,247,0,0,0,0,0,0,13,0,0
jaimini-mImAMsAsUtra,4,3,2,3,4,1,4,4,0,1,3,0,3,3,4,0,4,2,3,0,4,1,0,4,0,3,2,3,4,3,1,4,4,0,4,3,0,4,0,0,0,0,0,0,0,0,0
jalhaNa-mugdhopadeza,38,0,0,4,6,1,3,8,2,0,0,0,2,2,6,0,8,2,2,0,2,7,0,10,0,0,6,13,12,0,2,11,9,0,13,6,0,4,0,0,0,0,0,0,0,0,0
jayadeva-candrAloka,49,1,2,11,12,0,23,15,2,0,1,0,11,6,6,0,6,1,3,0,5,1,0,7,0,1,5,8,7,0,1,14,8,0,11,3,0,1,0,0,0,0,0,0,0,0,0
jayadeva-gItagovinda-alt,163,0,0,11,78,0,43,14,1,1,0,0,8,7,11,1,10,3,6,1,5,5,0,16,1,5,10,9,18,0,11,16,18,0,26,4,0,5,0,0,0,0,0,0,0,0,0
jayadeva-gItagovinda,203,0,0,18,81,0,44,10,1,2,0,0,0,0,0,0,0,0,0,0,0,0,0,0,0,0,0,0,0,0,0,0,0,0,0,0,0,0,0,0,0,0,0,0,0,0,0
jayarAzi-tattvopaplavasiMha,155,0,0,32,35,0,64,53,0,0,0,0,32,21,33,0,21,8,19,5,3,30,0,46,0,5,10,67,74,2,11,60,53,0,93,9,0,2,0,0,0,0,0,0,0,0,0
jitAri-hetutattvopadeza-alt,0,0,0,0,0,0,1,0,0,0,0,0,0,0,1,0,1,0,0,0,0,0,0,0,0,0,0,1,0,0,0,1,1,0,0,1,0,0,0,0,0,0,0,0,0,0,0
jitAri-hetutattvopadeza,22,0,0,3,15,0,6,4,0,0,0,0,2,1,9,0,9,3,0,0,1,3,0,2,0,1,0,4,11,1,2,9,10,0,3,7,0,0,0,0,0,0,0,0,0,0,0
jiva-gosvami-satsamdarbha,2527,47,10,1490,1383,4,720,1096,128,12,19,0,868,638,853,9,566,101,261,17,176,351,2,627,25,115,554,714,1149,41,170,1314,1264,1,936,503,0,588,0,0,0,0,0,0,8,3,0
jyotirIzvarakavizekhara-paJcasAyaka,2,0,0,0,2,0,2,2,0,1,0,0,0,0,1,0,0,0,0,0,1,0,0,2,0,0,0,1,0,0,1,0,1,0,1,0,0,0,0,0,0,0,0,0,0,0,0
kAlidAsa-RtusaMhAra,4,0,0,0,0,0,1,2,0,0,0,0,0,0,0,0,1,0,0,0,0,0,0,0,0,0,0,0,2,0,0,1,0,0,0,0,0,1,0,0,0,0,0,0,0,0,0
kAlidAsa-abhijJAnazakuntala,357,1,0,83,128,0,81,148,8,0,2,0,37,25,22,2,35,4,21,0,10,12,0,51,4,12,49,70,100,1,18,56,70,0,51,19,0,21,0,0,0,0,0,0,0,0,0
kAlidAsa-kumArasaMbhava,262,5,0,47,85,2,73,133,12,3,3,0,19,7,21,1,24,3,20,1,10,4,0,32,2,5,38,38,60,3,13,52,39,0,51,14,0,13,0,0,0,0,0,0,0,0,0
kAlidAsa-meghadUta-acc-vallabhadeva,73,1,0,11,13,0,18,27,1,0,0,0,14,7,7,0,12,2,8,0,5,4,0,17,2,3,23,16,18,1,4,17,28,0,16,11,0,7,0,0,0,0,0,0,0,0,0
kAlidAsa-meghadUta-edkale,76,1,0,10,14,0,17,25,1,0,0,0,5,4,2,1,8,2,4,0,3,2,0,10,0,2,9,4,9,1,1,8,12,0,10,4,0,3,0,0,0,0,0,0,0,0,0
kAlidAsa-meghadUta,73,1,0,12,13,0,18,27,1,0,0,0,13,6,7,0,12,2,8,0,5,3,0,17,2,3,23,14,17,1,4,18,27,0,16,11,0,7,0,0,0,0,0,0,0,0,0
kAlidAsa-raghuvaMza-kashm1-6,2,0,0,0,0,0,0,0,0,0,0,0,0,0,0,0,0,0,0,0,0,0,0,0,0,0,0,0,0,0,0,0,0,0,0,0,0,1,0,0,0,0,0,0,0,0,0
kAlidAsa-raghuvaMza,628,7,3,96,179,2,154,329,23,7,12,0,42,26,45,4,50,6,27,0,26,19,0,63,0,12,64,74,122,1,38,121,96,0,95,38,0,37,0,0,0,0,0,1,1,0,0
kAraNDavyUha,0,0,0,0,0,0,0,0,0,0,0,0,66,50,55,4,65,29,36,0,6,23,0,84,4,14,69,61,119,3,22,81,53,0,36,21,0,35,0,0,0,0,0,0,15,0,0
kAtyAyanasmRti,270,0,0,93,51,1,69,95,2,0,15,0,77,61,183,2,206,40,36,4,39,25,0,124,1,35,48,149,215,1,28,230,337,0,248,123,0,44,0,0,0,0,0,0,3,0,0
kAzyapaparivartasUtra-alt,55,0,0,27,22,0,28,22,0,0,0,0,37,33,18,0,25,7,7,0,9,8,0,29,1,4,16,18,24,1,5,32,12,0,20,8,0,10,0,0,0,0,0,0,1,0,0
kAzyapaparivartasUtra,51,0,0,76,19,0,97,29,0,0,0,0,42,37,41,0,26,7,9,0,13,14,0,34,1,4,23,29,41,1,7,68,21,0,31,13,0,16,0,0,0,0,0,0,1,0,0
kRSNadAsa-bhAvanAsArasaMgraha-1-2,292,0,0,51,58,1,69,63,11,2,0,0,11,7,12,1,11,1,10,3,7,4,0,17,0,4,20,16,25,0,5,131,24,0,32,5,0,4,0,0,1,0,0,0,0,0,0
kSaNabhaGgasiddhi,0,0,0,0,0,0,0,0,0,0,0,0,10,8,0,0,5,0,6,3,7,7,0,22,1,0,3,14,15,0,1,27,12,0,17,10,0,4,0,0,0,0,0,0,0,0,0
kSemarAja-bhairavAnukaraNastotra,16,0,0,8,2,0,1,8,2,0,0,0,1,0,2,0,2,0,2,0,1,0,0,1,0,0,1,0,3,0,0,3,4,0,4,0,0,2,0,0,0,0,0,0,0,0,0
kSemarAja-bodhavilAsa,3,0,0,2,1,0,1,4,0,0,0,0,1,0,0,0,0,0,0,0,1,1,0,0,0,0,0,0,0,0,0,0,0,0,0,0,0,1,0,0,0,0,0,0,0,0,0
kSemarAja-pratyabhijJAhRdaya,32,1,0,29,10,0,9,19,3,0,0,0,9,7,18,1,5,0,7,1,3,3,0,6,0,0,8,14,17,0,1,21,15,0,19,6,0,12,0,0,0,0,0,0,0,0,0
kSemendra-avadAnakalpalatA,2,0,0,0,3,0,0,1,0,0,0,0,0,0,0,0,0,0,0,0,0,0,0,0,0,0,0,1,0,0,2,1,3,0,2,0,0,1,0,0,0,0,0,0,0,0,0
kSemendra-bhAratamaJjarI-6-19,1,0,0,0,1,0,0,0,0,0,0,0,0,0,0,0,0,0,0,0,0,0,0,0,0,0,0,0,0,0,0,0,0,0,0,0,0,0,0,0,0,0,0,0,0,0,0
kSemendra-caturvargasaMgraha,28,0,0,10,7,0,4,7,0,0,0,0,4,3,1,0,11,8,3,0,2,3,0,9,0,0,5,13,8,2,2,6,3,0,8,3,0,5,0,0,0,0,0,0,0,0,0
kSemendra-darpadalana,22,0,0,3,1,0,4,3,0,0,0,0,4,2,0,0,4,1,1,0,0,0,0,8,0,0,4,3,9,1,4,4,6,0,9,3,0,2,0,0,0,0,0,0,0,0,0
kSemendra-garbhAvakrAntyavadAna,6,0,0,1,1,0,1,2,0,0,0,0,2,1,1,0,1,0,0,0,0,0,0,0,0,0,2,1,2,0,0,2,1,0,1,1,0,1,0,0,0,0,0,0,0,0,0
kSemendra-kalAvilAsa,9,0,1,0,4,0,1,4,1,1,0,0,1,0,3,0,0,0,1,0,1,2,0,2,0,0,4,1,3,0,4,3,0,0,6,0,0,0,0,0,0,0,0,0,0,0,0
kSemendra-pratItyasamutpAdAvadAna,3,0,0,0,0,0,1,0,0,0,0,0,0,0,0,0,0,0,0,0,0,0,0,0,0,0,0,0,1,0,0,1,0,0,0,0,0,0,0,0,0,0,0,0,1,0,0
kSemendra-sevyasevakopadeza,13,0,0,4,2,0,6,5,3,0,0,0,1,1,0,0,2,0,0,0,0,1,0,3,0,0,2,1,2,0,0,4,2,0,1,2,0,0,0,0,0,0,0,0,0,0,0
kSemendra-sudhanakinnaryavadAna,67,0,0,19,27,0,24,25,1,2,0,0,3,2,5,1,8,0,2,1,3,0,0,12,0,2,4,9,13,1,3,19,16,0,11,7,0,1,0,0,0,0,0,0,0,0,0
kUrmapurANa,1,0,0,0,0,0,0,0,0,0,0,0,667,342,620,11,759,103,282,24,208,325,0,579,6,133,468,493,1345,14,153,1450,996,0,979,360,0,441,0,0,0,0,0,0,11,2,0
kaNAda-vaizeSikasUtra-alt,1,0,0,0,0,0,0,0,0,0,0,0,0,0,0,0,0,0,0,0,0,0,0,0,0,0,0,0,0,0,0,0,0,0,0,0,0,0,0,0,0,0,0,0,0,0,0
kaNAda-vaizeSikasUtra,5,0,0,2,4,0,5,1,0,0,1,0,2,2,5,0,3,0,2,0,1,1,0,4,0,2,1,3,3,0,2,3,3,0,3,2,0,0,0,0,0,0,0,0,0,0,0
kaThinAvadAna,45,0,0,24,12,0,19,30,0,0,1,0,29,28,32,5,22,4,11,0,9,10,0,30,0,8,32,20,40,5,9,62,23,0,36,14,0,13,0,0,0,0,0,0,0,0,0
kaThinavastu,32,0,0,16,26,0,38,35,0,0,0,0,54,49,39,0,8,2,5,0,0,2,0,76,0,6,5,22,71,0,0,55,12,0,20,4,0,8,0,0,0,0,0,0,0,0,0
kaivalyopaniSad,20,0,0,9,1,0,2,8,2,0,0,0,5,2,7,0,0,0,3,0,0,1,0,4,0,0,4,7,14,0,0,10,5,0,14,9,0,5,0,0,0,0,0,0,0,0,0
kalhaNa-ardhanarIzvarastotra,11,0,0,2,4,0,2,2,0,0,0,0,2,2,1,0,4,1,2,0,0,1,0,1,0,0,1,0,5,0,0,5,3,0,3,0,0,2,0,0,0,0,0,0,0,0,0
kalpadrumAvadAnamAlA,48,0,0,17,19,0,12,28,1,1,0,0,5,1,3,0,3,0,4,1,2,4,0,6,1,3,5,6,11,0,1,8,8,0,6,6,0,3,0,0,0,0,0,0,0,0,0
kamalazIla-bhAvanAkrama,90,1,0,15,18,0,48,46,1,0,3,0,64,50,50,0,26,10,8,0,11,15,0,47,2,11,27,54,81,1,6,70,60,0,52,31,0,18,0,0,0,0,0,0,2,0,0
kamalazIla-madhyamakAloka,29,0,0,1,1,0,2,11,0,0,0,0,13,9,11,1,9,2,4,1,1,6,0,19,0,1,7,26,20,0,3,25,20,0,24,13,0,7,0,0,0,0,0,0,0,0,0
kamalazIla-vajracchedikATIkA,28,0,0,1,44,0,6,5,0,0,0,0,30,18,19,3,29,9,7,0,5,4,0,15,1,2,15,28,45,2,2,36,34,0,27,17,0,12,0,0,0,0,0,0,0,0,0
kambalapAda-navazlokI,3,0,0,0,3,0,1,1,0,0,0,0,0,0,2,0,0,0,1,0,1,0,0,0,0,0,0,1,1,0,0,2,1,0,0,0,0,0,0,0,0,0,0,0,0,0,0
kapila-sAMkhyasUtra,1,0,0,0,0,0,0,0,0,0,0,0,0,0,0,0,0,0,0,0,0,0,0,0,0,0,0,0,0,0,0,0,0,0,0,0,0,0,0,0,0,0,0,0,0,0,0
karatoyAmAhAtmya,10,0,0,10,4,0,5,4,1,0,0,0,11,9,8,0,4,1,1,0,2,2,0,25,1,5,11,10,23,0,3,22,12,0,14,6,0,10,0,0,0,0,0,0,0,0,0
karmavastu,8,0,0,6,4,4,12,8,0,0,0,0,11,11,13,2,8,2,2,0,0,2,0,12,0,0,6,2,15,0,0,14,7,0,13,6,0,1,0,0,0,0,0,0,4,0,0
karuNApuNDarIkasUtra,20,0,0,8,2,0,3,10,0,0,0,0,24,16,22,0,23,12,9,0,1,7,0,21,1,5,14,15,29,0,7,31,16,0,16,8,0,9,0,0,0,0,0,0,1,0,0
kathopaniSad,70,1,0,34,9,0,20,35,2,0,0,0,9,3,19,0,18,5,11,0,6,11,0,15,0,2,27,25,37,0,9,18,34,0,42,19,0,19,0,0,0,0,0,0,0,0,0
kauTilya-arthazAstra,1325,6,25,213,165,5,429,430,4,13,10,0,146,99,322,4,235,22,100,13,56,34,0,250,15,37,151,120,332,5,88,230,113,0,539,110,0,90,2,0,0,0,0,0,8,0,0
kauthumagRhyasUtra,1,0,0,1,0,0,1,2,0,0,0,0,1,1,1,0,1,0,2,0,1,2,0,3,0,1,2,2,4,0,0,4,3,0,2,0,0,3,0,0,0,0,0,0,0,0,0
kauzikasUtra,642,2,9,68,154,26,254,313,10,29,14,0,201,83,173,3,201,26,58,7,56,129,0,179,13,20,127,184,393,2,43,346,200,0,239,91,0,93,0,0,0,0,0,0,5,0,0
kavirAjayati-sAMkhyatattvapradIpa,2,0,0,3,0,0,1,0,0,0,0,0,3,3,4,0,2,0,2,1,2,1,0,3,0,2,2,2,3,0,3,4,3,0,3,3,0,3,0,0,0,0,0,0,0,0,0
kedArabhaTTa-vRttaratnAkara-comm,0,0,0,0,1,0,0,0,0,0,0,0,0,0,0,0,0,0,1,1,0,0,0,1,0,0,0,0,1,0,1,0,0,0,1,0,0,0,0,0,0,0,0,0,0,0,0
kezava-kauzikapaddhati,25,1,0,5,76,1,9,7,0,0,0,0,22,11,23,2,16,3,15,2,7,19,0,32,1,1,18,15,38,0,7,25,17,0,24,15,0,8,0,0,0,0,0,0,1,0,0
kezava-sAMkhyatattvapradIpikA,0,0,0,0,0,2,0,0,0,0,0,0,0,0,0,0,0,0,0,0,0,0,0,0,0,0,0,0,0,0,0,0,0,0,0,0,0,0,0,0,0,0,0,0,0,0,0
kezavakAzmIri-kramadIpikA,465,5,1,112,197,2,174,414,15,3,1,0,111,56,117,2,166,57,72,8,69,93,4,195,3,37,171,126,243,9,31,293,188,0,193,100,0,105,0,0,0,0,6,0,9,0,0
"khaNDadeva-bhATTadIpikA1-3,3",13,0,0,1,46,0,0,2,0,0,0,0,11,7,10,0,14,3,4,0,2,7,1,12,0,6,12,19,23,3,2,23,19,0,18,12,0,8,0,0,0,0,0,0,1,0,0
khasarpaNasAdhana,2,0,0,4,4,0,2,0,0,0,0,0,2,2,0,0,2,0,0,0,2,2,0,2,2,2,2,2,2,2,0,3,2,0,2,0,0,4,0,0,0,0,0,0,0,0,0
kiraNatantra1-6,10,0,0,5,0,0,3,0,0,0,0,0,81,63,66,0,46,8,20,1,29,31,0,113,2,14,66,79,151,3,4,166,162,0,89,65,0,79,0,0,0,0,0,0,1,0,0
kozAmbakavastu,49,0,0,32,18,6,26,43,0,0,0,0,42,42,18,0,22,1,6,0,0,7,0,47,0,0,25,22,43,0,5,26,15,0,50,32,0,10,0,0,0,0,0,0,0,0,0
kuDaka-samanvayadiz,12,0,0,7,1,1,3,6,0,0,0,0,3,2,1,0,0,0,3,0,0,0,0,4,0,2,0,3,4,0,0,3,0,0,1,2,0,0,0,0,0,0,0,0,0,0,0
kubjikamatatantra,297,10,2,109,91,6,141,172,12,11,0,0,44,24,66,2,88,8,15,0,26,22,0,88,8,20,64,48,130,3,16,136,139,0,76,43,0,58,1,0,0,0,0,1,11,0,0
kulazekhara-mukundamAlA,18,0,1,5,4,0,2,2,0,0,0,0,2,2,0,0,1,0,1,0,3,2,0,7,0,0,4,3,3,0,0,6,4,0,4,1,0,3,0,0,0,0,0,0,0,0,0
kumAralAta-kalpanAmaNDitikA,119,0,0,39,76,0,62,66,3,1,2,0,31,27,29,0,19,3,11,1,18,9,0,21,0,9,19,27,35,2,7,31,28,0,31,17,0,21,0,0,0,0,0,0,0,0,0
kumArila-mImAMsazlokavArttika-comm,7,0,0,0,1,0,1,0,0,0,0,0,2,1,2,0,0,0,0,0,4,2,0,1,0,2,0,2,3,0,0,6,2,0,5,0,0,1,0,0,0,0,0,0,0,0,0
"kumArila-tantravArttika-2,1,1-4",47,1,0,30,22,0,14,16,1,0,1,0,23,22,6,0,16,11,2,0,2,3,0,19,0,6,4,22,31,7,1,14,16,0,22,7,0,5,0,0,0,0,0,0,0,0,0
kuntaka-vakroktijIvita-comm,20,0,0,2,11,0,2,2,0,0,0,0,5,4,7,0,4,0,3,0,1,0,0,10,0,0,2,11,18,0,6,17,8,0,18,7,0,3,0,0,0,0,0,0,0,0,0
kuzalamizra-gUDhArthadIpikA,16,0,0,10,25,1,13,8,1,1,1,0,4,3,7,0,9,4,11,3,5,6,0,22,4,1,13,11,17,0,2,16,9,0,18,6,0,9,0,0,0,0,0,0,0,0,0
lagadha-RgvedavedAGgajyotiSa,3,0,0,0,1,0,2,3,0,0,0,0,0,0,1,0,0,0,0,0,0,0,0,1,0,1,0,1,2,0,0,0,1,0,1,0,0,0,0,0,0,0,0,0,0,0,0
lakSmINkarA-advayasiddhi,2,0,0,0,0,0,1,3,1,0,0,0,0,0,0,0,0,0,0,0,0,0,0,0,0,0,0,0,0,0,0,1,1,0,0,0,0,0,0,0,0,0,0,0,0,0,0
lalitavistara,12,0,0,2,0,0,2,0,0,0,0,0,293,160,380,24,362,108,212,11,106,119,0,329,50,80,327,304,594,3,77,590,345,0,380,147,0,223,0,0,0,0,0,0,7,0,0
larger-prajJApAramitA-edchoong,7,0,0,7,3,0,3,5,0,0,0,0,7,5,6,0,5,1,2,0,0,1,0,5,2,0,7,5,7,0,2,7,4,0,3,6,0,3,0,0,0,0,0,0,0,0,0
larger-prajJApAramitA,35,0,0,14,14,0,27,14,0,1,4,0,22,19,29,0,19,9,3,2,4,6,0,15,5,3,11,17,25,0,7,29,12,0,18,20,0,47,0,0,0,0,0,0,2,0,0
liGgapurANa1-108,566,13,8,65,76,4,116,179,45,10,13,1,590,350,1101,15,813,135,298,31,252,316,0,556,12,189,641,530,1318,16,200,1261,1164,0,1031,325,0,509,1,0,0,0,0,0,19,0,0
"liGgapurANa2,1-55",17,0,0,4,7,4,6,4,0,0,0,0,171,99,357,4,270,54,118,16,97,72,0,240,8,31,188,154,472,4,57,440,376,0,387,90,0,206,1,0,0,0,0,0,12,1,0
lolimbarAja-vaidyajIvana,43,0,4,10,16,1,18,7,0,0,0,0,11,8,7,0,6,0,7,2,2,5,0,17,3,2,7,8,17,0,7,13,7,0,14,2,0,3,0,0,0,0,0,0,1,0,0
mANDUkyopaniSad-comm,113,0,0,33,63,9,21,34,4,0,0,0,20,10,29,1,16,3,9,3,8,7,0,14,1,3,20,26,47,0,5,47,35,0,39,15,0,14,0,0,0,0,0,0,0,0,0
mANDUkyopaniSatkArikA,51,0,0,12,20,1,11,11,2,0,0,0,5,2,5,0,7,2,3,0,1,1,0,6,1,3,3,13,7,0,0,12,15,0,10,7,0,2,0,0,0,0,0,0,0,0,0
mAdhava-jaiminIyanyAyamAlAvistara,48,3,0,3,9,0,6,3,0,0,1,0,5,3,6,0,3,1,1,0,4,0,0,2,0,1,0,3,9,1,0,13,13,0,13,3,0,0,0,0,0,0,0,0,0,0,0
mAdhva-anuvyAkhyAna,0,0,0,1,0,0,0,0,0,0,0,0,0,0,1,0,0,0,0,0,0,0,0,0,0,0,0,1,0,0,0,0,0,0,0,0,0,0,0,0,0,0,0,0,0,0,0
mAdhva-kRSNAmRtamahArNava,36,0,0,9,7,0,15,21,0,2,2,0,7,7,5,0,19,5,4,0,6,1,0,7,1,0,6,12,22,0,0,15,19,0,15,15,0,3,0,0,0,0,0,0,0,0,0
mAdhva-mahAbhAratatAtparyanirNaya,1,0,0,0,0,1,1,1,0,0,0,0,1,1,1,1,1,1,1,1,1,1,0,1,1,1,1,1,1,1,1,1,1,0,1,1,0,1,0,0,0,0,0,0,1,0,0
mAgha-zizupAlavadha,11,0,0,2,6,0,4,7,1,2,0,0,0,0,0,0,1,0,0,0,0,2,0,0,0,0,1,5,1,0,0,3,1,0,0,0,0,1,0,0,0,0,0,0,0,0,0
mAlinIvijayottaratantra,23,3,1,20,19,2,18,22,8,5,2,0,19,17,23,2,22,13,15,3,15,18,0,22,1,12,21,22,23,13,14,23,23,0,23,22,0,20,0,0,0,0,0,0,10,0,0
mArIcInAmadhAraNI,3,0,0,2,0,0,0,2,0,0,0,0,4,2,3,0,0,0,1,0,2,2,0,2,0,0,5,1,4,2,0,1,0,0,4,0,0,0,0,0,0,0,0,0,0,0,0
mArkaNDeyapurANa1-93,1,0,0,0,0,0,0,0,0,0,0,0,2,1,1,0,0,0,0,0,0,1,0,0,0,0,0,2,0,0,1,0,2,0,0,0,0,0,0,0,0,0,0,0,0,0,0
mAtRceTa-zatapaJcAzatka,39,0,0,11,12,1,16,6,3,0,0,0,2,2,7,0,2,1,2,0,1,3,0,8,2,0,1,2,5,0,2,10,10,0,7,4,0,0,0,0,0,0,0,0,0,0,0
mAtRkAbhedatantra,46,0,0,19,18,0,23,59,6,0,0,0,70,38,92,1,92,12,30,3,39,42,0,109,0,40,106,95,164,4,16,134,111,0,107,50,0,53,0,0,0,0,0,0,1,0,0
mInanAtha-smaradIpikA,9,0,0,7,6,0,10,16,0,1,0,0,2,1,8,1,3,0,1,0,2,1,0,4,1,0,3,2,6,0,2,9,3,0,5,1,0,1,0,0,0,0,0,0,0,0,0
mRgendrAgama,62,0,4,5,14,0,11,14,1,0,0,0,63,45,95,0,63,13,43,3,20,54,0,121,3,20,65,67,129,4,10,141,121,0,126,55,0,51,2,0,0,0,0,0,0,0,0
"mRgendrAgama1,1-7,23",145,2,1,59,78,1,43,68,13,2,2,0,41,28,58,1,38,11,15,4,18,28,0,57,2,13,50,49,82,0,8,64,74,0,54,47,0,38,0,0,0,0,0,0,1,0,0
mRtyuvaJcanasitatArAsAdhana,1,0,0,1,0,0,0,1,0,0,0,0,0,0,0,0,1,0,0,0,0,0,0,0,0,0,0,0,0,0,0,0,0,0,0,0,0,0,0,0,0,0,0,0,0,0,0
mRtyuvaJcanatArAsAdhana,1,0,0,1,0,0,0,0,0,0,0,0,0,0,0,0,1,0,0,0,0,0,0,0,0,0,0,0,0,0,0,0,0,0,0,0,0,0,0,0,0,0,0,0,0,0,0
mRtyuvaJcanopadezatArAsAdhana,1,0,0,1,1,0,0,2,0,0,0,0,0,0,0,0,1,0,0,0,0,0,0,0,0,0,0,0,0,0,0,0,0,0,0,0,0,1,0,0,0,0,0,0,0,0,0
maJjuzrImUlakalpa,16,0,0,2,2,2,3,5,2,0,0,0,15,10,19,1,11,3,6,2,6,6,0,13,1,3,17,12,16,6,2,19,8,0,11,6,0,12,0,0,0,0,0,0,0,0,0
maJjuzrInAmasaMgIti-alt,19,0,0,4,1,0,5,6,0,0,0,0,4,2,3,0,2,2,2,0,2,0,0,2,0,1,2,7,3,0,2,13,2,0,5,1,0,2,0,0,0,0,0,0,1,0,0
maJjuzrInAmasaMgIti,9,0,0,1,0,0,3,4,0,0,0,0,1,1,0,0,0,0,1,0,0,0,0,0,0,0,1,3,2,0,0,2,0,0,0,0,0,1,0,0,0,0,0,0,1,0,0
maNDanamizra-vibhramaviveka,22,0,0,6,8,0,3,3,0,0,0,0,1,1,0,0,0,0,0,0,1,1,0,4,0,0,1,3,4,0,1,0,5,0,1,3,0,0,0,0,0,0,0,0,0,0,0
madhusUdanasarasvatI-siddhAntabindu,64,1,1,38,48,0,16,26,3,1,0,0,25,7,35,0,16,2,3,1,2,21,0,13,1,2,17,18,31,1,3,30,30,0,31,6,0,12,0,0,0,0,0,0,0,0,0
madhyamakAvatAra-1-5,30,0,0,3,6,0,11,8,0,0,0,0,17,4,11,0,16,4,4,1,3,7,0,12,2,2,8,16,19,1,2,16,19,0,17,7,0,5,0,0,0,0,0,0,0,0,0
mahAdaNDadhAraNIzItavatI,3,0,0,2,0,0,2,3,0,0,0,0,4,4,3,0,0,0,1,0,1,0,0,2,2,0,2,1,1,0,4,2,1,0,3,0,0,0,0,0,0,0,0,0,0,0,0
mahAkarmavibhaGga,117,0,0,28,37,0,34,56,2,0,0,0,96,80,96,2,79,15,46,3,10,10,0,130,0,16,50,59,115,0,19,101,49,0,87,25,0,46,0,0,0,0,0,0,0,0,0
mahAmAyUrIvidyArAjJI,30,0,0,7,5,0,7,34,0,0,0,0,6,5,37,0,29,25,10,0,3,6,0,28,0,2,14,22,35,1,10,37,6,0,30,7,0,23,0,0,0,0,0,0,0,0,0
mahAmantrAnusAriNI,7,0,0,1,1,0,0,6,2,0,0,0,3,2,2,0,3,0,1,0,0,0,0,2,0,0,1,2,4,0,1,3,1,0,1,1,0,0,0,0,0,0,0,0,0,0,0
mahAparinirvANasUtra,241,1,7,65,83,0,81,136,0,1,3,0,120,104,82,0,80,40,36,0,5,9,0,78,12,8,91,46,139,2,16,130,52,0,122,35,0,45,0,0,0,0,0,0,1,0,0
mahApratisarA-paJcarakSA,18,0,0,16,22,0,12,17,1,0,0,0,6,6,12,1,12,7,8,1,8,4,0,16,2,5,16,11,21,0,3,16,12,0,22,8,0,9,0,0,0,0,0,0,0,0,0
mahApratisarAmahAvidyArAjJI,28,0,0,19,26,0,13,17,1,0,0,0,10,7,14,1,14,7,10,1,6,4,0,21,0,4,23,13,25,0,3,21,11,0,26,7,0,11,0,0,0,0,0,0,0,0,0
mahApratisarAvidyAdhAraNI,1,0,0,0,0,0,0,0,0,0,0,0,0,0,0,0,0,0,0,0,1,0,0,0,0,0,0,0,1,1,0,0,0,0,0,0,0,0,0,0,0,0,0,0,0,0,0
mahApratisarAvidyAvidhi,1,0,0,5,0,1,0,0,0,0,0,0,3,3,0,0,2,1,0,0,3,1,0,4,0,5,3,0,4,1,2,2,3,0,3,0,0,1,1,0,0,0,0,0,0,0,0
mahAsAhasrapramardanI,51,5,2,35,8,2,29,20,0,2,1,0,18,12,20,1,12,6,15,0,5,7,0,18,1,5,11,16,31,1,12,22,11,0,21,3,0,8,0,0,0,0,0,0,0,0,0
mahAsaMnipAtaratnaketudhAraNIsUtra,143,1,0,91,71,2,46,135,1,3,4,0,84,63,76,12,74,44,34,2,12,28,0,60,4,17,76,40,109,4,18,104,62,0,78,52,0,46,0,0,0,0,0,0,3,0,0
mahAsubhASitasaMgraha-1-9979,428,1,2,57,79,0,82,174,7,3,0,0,24,16,49,0,52,13,15,2,12,11,0,59,1,10,47,53,66,3,14,60,39,0,50,21,0,21,0,0,0,0,0,0,0,0,0
mahAsudarzanAvadAna,18,0,0,8,10,0,3,6,0,0,0,0,5,5,7,0,17,8,3,0,4,1,0,10,2,1,15,5,17,1,9,10,5,0,10,4,0,1,0,0,0,0,0,0,0,0,0
mahAvadAnasUtra,247,0,0,74,42,0,140,65,4,0,2,0,81,62,68,0,66,15,24,0,20,29,0,81,4,6,64,99,148,0,38,113,53,0,91,59,0,35,0,0,0,0,0,0,6,0,0
mahAvastu-avAdana,1346,2,1,564,358,36,571,645,10,4,21,0,646,496,536,26,621,160,419,39,123,209,0,691,84,93,585,510,913,13,276,903,530,1,639,309,0,344,0,0,0,0,0,0,25,0,0
mahAzItavatI-vidyArAjJI,3,0,0,2,0,0,2,3,0,0,0,0,2,2,2,0,0,0,1,0,0,0,0,1,1,0,2,0,1,0,3,1,2,0,1,0,0,0,0,0,0,0,0,0,0,0,0
mahendravarman-i-mattavilAsaprahasana,42,0,0,29,30,0,11,18,2,0,0,0,18,12,9,0,10,1,9,0,2,3,0,22,5,3,14,9,24,0,5,18,17,0,12,4,0,5,0,0,0,0,0,3,0,0,0
maitreyanAtha-bhavasaMkrAntiTIkA,0,0,0,0,1,0,0,0,0,0,0,0,0,0,0,0,0,0,0,0,0,0,0,0,0,0,0,1,0,0,0,0,0,0,1,0,0,0,0,0,0,0,0,0,0,0,0
maitreyavyAkaraNa,48,0,0,13,9,0,37,17,0,5,4,0,45,32,56,0,29,7,12,2,7,14,0,39,0,6,25,24,87,0,8,57,25,0,30,9,0,27,0,0,0,0,0,0,0,0,0
mammaTa-kAvyaprakAza-comm,39,0,1,4,8,0,7,9,0,0,0,0,3,3,8,0,9,0,2,0,5,2,0,12,0,2,4,12,10,0,0,15,7,0,11,9,0,1,0,0,0,0,0,0,0,0,0
mammaTa-kAvyaprakAza,33,0,1,3,13,0,8,10,0,0,0,0,2,2,7,0,7,2,3,0,2,2,0,6,0,2,4,13,13,0,1,14,9,0,14,9,0,2,0,0,0,0,0,0,0,0,0
mammaTa-zabdavyApAravicAra,16,0,0,5,14,0,6,7,1,0,0,0,5,3,6,0,3,2,5,4,4,2,0,6,0,1,2,6,8,0,0,8,6,0,8,1,0,4,0,0,0,0,0,0,0,0,0
mandanamizra-brahmasiddhi,0,0,0,1,1,0,0,0,0,0,0,0,1,0,0,0,0,0,0,0,1,0,0,0,0,0,1,2,1,0,0,1,2,0,1,0,0,0,0,0,0,0,0,0,0,0,0
manusmRti,994,7,11,336,198,4,218,416,12,4,18,0,253,141,754,13,409,103,169,10,135,114,0,371,8,33,173,321,584,13,104,623,495,0,531,228,0,221,0,0,0,0,0,0,8,0,0
matsyapurANa1-176,489,6,2,67,114,1,117,155,17,10,2,0,52,33,96,1,102,23,30,1,23,23,0,63,1,5,62,68,126,3,22,128,123,0,88,24,0,50,0,0,0,0,0,0,1,0,0
mekhalAdhAraNI,4,0,0,4,0,0,2,2,0,0,0,0,4,4,4,0,6,0,0,0,2,0,0,4,0,2,8,2,6,0,2,8,0,0,6,2,0,4,0,0,0,0,0,0,0,0,0
nAdabindUpaniSad,6,0,0,2,3,0,4,0,0,0,0,0,3,0,5,0,2,0,2,0,0,0,0,0,0,0,2,1,5,0,0,9,6,0,7,6,0,1,0,0,0,0,0,0,0,0,0
nAgArjuna-acintyastava,16,0,0,0,13,0,3,5,0,1,0,0,2,1,4,0,1,1,1,0,0,1,0,1,0,0,0,2,2,0,0,4,5,0,0,0,0,2,0,0,0,0,0,0,0,0,0
nAgArjuna-dharmadhAtugarbhavivaraNa,0,0,0,0,0,0,0,1,0,0,0,0,0,0,0,0,0,0,0,0,0,0,0,0,0,0,0,0,0,0,0,0,0,0,0,0,0,0,0,0,0,0,0,0,0,0,0
nAgArjuna-lokAtItastava,7,0,0,1,0,0,1,0,0,1,0,0,0,0,1,0,1,0,0,0,0,0,0,2,1,0,1,0,1,0,0,0,0,0,0,0,0,0,0,0,0,0,0,0,0,0,0
nAgArjuna-mUlamadhyamakakArikA,80,0,0,35,33,0,44,15,1,0,0,0,8,7,21,0,7,1,4,0,5,4,0,17,0,1,1,25,14,3,1,11,11,0,4,10,0,5,0,0,0,0,0,0,0,0,0
nAgArjuna-madhyamakazAstra,0,0,0,0,0,0,0,1,0,0,0,0,0,0,0,0,0,0,0,0,0,0,0,0,0,0,0,0,1,0,0,0,0,0,0,0,0,0,0,0,0,0,0,0,0,0,0
nAgArjuna-mahAyAnaviMzikA,4,0,0,1,1,0,0,1,0,0,0,0,0,0,1,0,0,0,0,0,0,0,0,0,0,0,1,0,0,0,0,2,0,0,0,0,0,0,0,0,0,0,0,0,0,0,0
nAgArjuna-paJcakrama,9,0,0,0,0,0,1,6,0,0,0,0,1,1,0,0,1,1,0,0,0,1,0,0,0,0,0,0,1,0,0,4,2,0,2,0,0,2,0,0,0,0,0,0,0,0,0
nAgArjuna-piNDIkrama,1,0,0,0,1,0,0,1,0,0,0,0,0,0,0,0,0,0,0,0,0,0,0,0,0,0,0,1,1,0,0,0,0,0,0,0,0,0,0,0,0,0,0,0,0,0,0
"nAgArjuna-ratnAvali1,2,4",60,0,0,15,17,0,9,10,1,0,0,0,5,3,7,0,4,3,3,1,1,4,0,8,0,1,1,1,7,0,4,8,4,0,8,3,0,3,0,0,0,0,0,0,0,0,0
nAgArjuna-vigrahavyAvartanI,54,0,0,30,48,0,16,5,0,0,0,0,24,17,8,1,15,7,1,0,5,3,0,26,0,0,12,27,37,0,1,43,23,0,15,6,0,10,0,0,0,0,0,0,1,0,0
nAgArjuna-vigrahavyAvartanIkArikA,9,0,0,9,9,0,2,0,0,0,0,0,3,3,2,0,0,0,0,0,0,0,0,1,0,0,0,4,3,0,0,7,3,0,0,1,0,0,0,0,0,0,0,0,0,0,0
nAgArjuna-zAlistambakakArikA,0,0,0,0,0,0,1,0,0,0,0,0,0,0,0,0,0,0,0,0,0,0,0,0,0,0,0,0,0,0,0,0,0,0,0,0,0,0,0,0,0,0,0,0,0,0,0
nAgeza-paribhASenduzekhara,1,0,0,0,0,0,2,1,0,0,0,0,0,0,1,0,0,0,0,0,0,0,0,1,0,1,0,1,0,0,0,0,0,0,1,0,0,0,0,0,0,0,0,0,0,0,0
nArAyaNIya,337,4,1,128,111,2,144,209,37,2,25,0,149,79,184,5,176,29,51,4,104,71,0,136,5,45,134,143,328,2,37,250,210,0,233,89,0,71,0,0,0,0,0,0,0,0,0
nArAyaNa-hitopadeza,373,0,2,163,132,0,113,187,2,1,0,0,81,39,70,6,72,7,73,2,26,18,0,122,12,9,71,84,95,3,14,114,77,0,78,31,0,43,0,0,0,0,0,0,0,0,0
nArAyaNabhaTTa-nArAyaNIya,0,0,0,1,0,0,0,0,0,0,0,0,0,0,0,0,0,0,0,0,0,0,0,0,0,0,0,0,1,0,0,0,0,0,0,0,0,0,0,0,0,0,0,0,0,0,0
nAradasmRti,283,0,0,92,43,0,76,113,2,0,9,0,90,50,138,3,130,18,36,1,29,31,0,93,1,25,32,80,189,1,21,165,197,0,151,73,0,50,0,0,0,0,0,0,5,0,0
nAropa-sekoddeza,0,0,0,0,0,0,0,0,0,0,0,0,17,11,11,1,9,3,7,0,4,4,0,12,0,2,14,33,32,2,3,34,17,0,22,18,0,10,1,0,0,0,0,0,3,0,0
nIlakaNThadIkSita-kaliviDambana,23,0,0,6,3,0,6,7,1,0,0,0,3,2,4,0,4,1,0,0,0,0,0,2,0,0,2,0,1,0,0,4,1,0,6,2,0,0,0,0,0,0,0,0,0,0,0
nagaropamasUtra,34,0,0,8,9,0,15,18,0,0,0,0,29,25,9,0,25,6,19,0,0,11,0,8,1,1,15,47,39,10,19,42,31,0,33,35,0,8,0,0,0,0,0,0,4,0,0
nagnajit-citralakSaNam,5,0,0,0,0,0,5,4,0,0,0,0,4,3,4,1,2,1,0,0,3,1,0,0,0,0,5,2,6,0,0,9,13,0,3,2,0,1,0,0,0,0,0,0,2,0,0
namaskAraikaviMzatistotra,1,0,0,1,1,0,0,1,0,0,0,0,0,0,1,0,0,0,0,0,0,0,0,0,0,0,0,1,1,0,0,2,0,0,1,0,0,0,0,0,0,0,0,0,0,0,0
narahari-bodhasAra,3,0,0,1,1,0,0,0,0,0,0,0,0,0,1,0,0,0,0,0,1,0,0,0,0,1,0,2,1,0,0,2,1,0,0,0,0,1,0,0,0,0,0,0,0,0,0
narahari-rAjanighaNTu,221,1,4,54,57,2,94,54,31,6,1,0,37,16,98,1,48,11,27,4,18,21,0,88,2,13,47,26,82,8,26,81,90,0,75,15,0,41,0,0,0,0,0,0,0,0,0
narasiMhapurANa,1155,3,4,278,325,5,343,532,43,11,22,0,389,247,486,13,600,117,233,10,205,211,0,529,6,68,524,542,915,21,232,858,849,0,664,236,0,283,0,0,0,0,0,0,4,0,0
nidAnasaMyukta,240,0,0,64,115,2,132,91,0,0,0,0,117,102,49,0,73,18,40,3,7,62,0,77,2,15,59,94,202,0,16,140,64,0,109,132,0,53,0,0,0,0,0,0,7,0,0
nityakarmapUjAvidhi,1,0,0,0,0,0,0,0,0,0,0,0,0,0,0,0,1,1,0,0,0,0,0,0,0,0,0,1,1,0,0,0,0,0,0,0,0,0,0,0,0,0,0,0,0,0,0
nityanAthasiddha-rasaratnAkara,88,0,1,35,12,1,14,23,2,7,0,0,14,9,28,1,17,7,7,1,5,5,0,26,2,5,18,3,33,1,7,26,22,0,23,8,0,11,0,0,0,0,0,0,0,0,0
pAMzupradAna-avadAna,2,0,0,2,4,0,2,2,0,0,1,0,1,0,2,0,2,0,2,0,0,1,0,2,0,1,2,2,2,0,2,2,2,0,2,2,0,1,0,0,0,0,0,0,0,0,0
pANDulohitakavastu,46,0,0,22,11,5,39,45,0,0,1,0,30,29,33,2,30,6,5,0,1,2,0,46,3,3,19,20,52,0,1,35,24,0,12,32,0,14,0,0,0,0,0,0,4,0,0
pANini-aSTAdhyAyI-alt,8,1,0,5,7,0,5,7,2,0,1,0,1,0,8,6,5,3,4,2,6,5,0,8,0,5,1,5,0,0,2,7,4,1,6,4,0,7,0,0,0,0,2,3,1,1,1
pANini-aSTAdhyAyI,4,2,0,4,4,0,4,4,4,0,2,0,4,4,4,4,4,4,4,2,4,4,0,4,2,4,4,4,4,0,4,4,4,2,4,4,2,4,2,0,0,2,4,4,4,2,2
pArivAsikavastu,20,0,0,24,8,0,6,20,0,0,0,0,22,22,27,2,9,0,5,0,2,2,0,13,0,0,17,5,28,0,0,18,8,0,5,12,0,6,0,0,0,0,0,0,0,0,0
pArthasArathimizra-zAstradIpikA,5,0,0,0,11,0,1,1,0,0,0,0,1,1,3,0,2,1,0,0,1,2,0,5,0,0,0,2,4,1,0,5,3,0,2,0,0,0,0,0,0,0,0,0,0,0,0
pAzupatasUtra-comm,46,6,0,21,38,2,23,28,5,0,4,0,33,23,41,3,28,10,29,2,21,18,0,36,1,15,23,42,41,3,8,35,36,0,45,23,0,18,1,0,0,0,0,0,3,0,0
pAzupatasUtra,11,0,0,0,2,0,3,4,1,0,0,0,7,1,10,0,0,0,4,0,1,0,0,1,0,2,1,2,3,0,0,4,2,0,3,1,0,0,0,0,0,0,0,0,0,0,0
paJcaviMzabrAhmaNa,256,16,1,240,114,9,131,160,6,8,40,0,148,112,92,20,139,32,89,4,84,65,0,108,0,77,98,79,215,1,67,185,157,0,209,126,0,45,0,0,0,0,0,0,15,0,0
paJcaviMzatisAhasrikA-prajJApAramitA,2,0,0,2,1,0,2,2,1,0,0,0,2,2,0,0,1,0,1,1,1,1,0,1,0,2,2,1,2,0,1,2,0,0,1,1,0,1,0,0,0,0,0,0,0,0,0
paJcaviMzatisAhasrikA-prajJApAramitA1,228,0,1,141,86,0,151,116,5,5,9,0,136,94,148,1,133,75,49,22,69,48,0,112,6,38,74,150,169,0,42,225,73,0,145,92,0,144,0,0,0,0,0,0,9,0,0
paNDitAzoka-avayavinirAkaraNa,1,0,0,0,0,0,0,0,0,0,0,0,0,0,0,0,0,0,0,0,0,0,0,0,0,0,0,0,0,0,0,0,0,0,0,0,0,0,0,0,0,0,0,0,0,0,0
paNDitAzoka-sAmAnyadUSaNadikprasAritA,1,0,0,0,0,0,0,0,0,0,0,0,0,0,0,0,0,0,1,0,0,0,0,0,0,0,0,0,0,0,0,1,0,0,0,0,0,0,0,0,0,0,0,0,0,0,0
padmagupta-navasAhasAGkacarita,645,12,0,144,272,2,190,239,15,8,1,0,22,19,43,0,40,10,21,0,24,21,5,75,0,11,57,65,84,2,15,65,78,0,81,29,0,33,0,0,0,0,0,0,0,0,0
paippalAdasaMhitA-rev,2583,25,7,316,575,91,587,713,28,59,14,0,122,65,87,0,202,30,67,13,59,82,0,159,6,30,152,152,292,6,71,1003,176,0,308,86,0,66,0,0,0,0,0,0,2,0,0
paippalAdasaMhitA,3700,39,10,466,815,152,854,1004,40,94,56,0,734,382,625,22,1062,157,343,70,368,448,0,761,25,90,867,860,1620,18,320,5053,1061,0,1570,561,0,348,0,0,0,0,0,0,5,0,0
parAtriMzikA-comm,401,6,4,312,232,2,113,110,20,4,3,0,203,134,204,0,95,23,33,9,78,59,0,118,6,14,104,136,276,4,45,312,260,0,212,126,0,130,0,0,0,0,0,0,20,0,0
parAtriMzikA,11,0,0,3,0,0,2,7,0,0,0,0,4,1,4,0,10,3,0,0,0,3,0,4,0,1,5,5,2,1,2,3,3,0,10,6,0,1,0,0,0,0,0,0,0,0,0
parAzarasmRti-AcAra-prAyazcitta,91,0,0,35,9,0,28,36,0,1,1,0,7,5,14,0,17,2,4,1,3,5,0,13,0,0,10,5,11,0,3,17,16,0,16,4,0,6,0,0,0,0,0,0,0,0,0
parazurAmakalpasUtra,68,4,0,25,46,2,67,67,4,5,0,0,55,32,41,6,64,22,26,1,29,28,6,90,4,10,55,42,78,9,14,82,54,2,77,16,0,36,2,0,0,0,0,0,15,2,2
pataJjali-yogasUtra-alt,13,0,0,6,8,3,2,6,0,0,0,0,4,4,8,0,2,0,2,0,0,2,0,4,0,0,0,2,12,0,0,13,8,0,10,2,0,2,0,0,0,0,0,0,0,0,0
pataJjali-yogasUtra-with-bhASya,140,5,0,69,88,0,50,55,5,0,0,0,53,42,59,0,36,10,25,2,15,26,0,52,2,18,26,55,88,1,9,83,57,0,57,29,0,16,0,0,0,0,0,0,1,0,0
pataJjali-yogasUtra,2,0,0,2,2,0,2,2,0,0,0,0,2,2,4,0,2,0,2,0,0,2,0,2,0,0,0,2,2,0,0,2,2,0,2,2,0,2,0,0,0,0,0,0,0,0,0
patna-dharmapada,227,0,0,104,131,8,30,107,0,0,0,0,138,50,131,4,120,41,49,0,99,91,0,130,12,27,77,144,286,2,28,196,95,0,197,65,8,83,0,0,0,0,0,0,0,1,0
pauSkarasaMhitA-27-43,968,14,0,146,157,3,169,442,13,11,2,0,400,275,867,5,400,81,127,8,370,146,0,557,7,57,402,285,745,43,52,851,1011,0,743,405,0,255,0,0,0,0,0,0,27,0,0
poSadhasthApanavastu,18,0,0,12,2,0,4,14,0,0,0,0,4,4,10,0,9,4,0,0,0,0,0,8,0,0,1,8,50,0,0,42,2,0,0,0,0,6,0,0,0,0,0,0,0,0,0
poSadhavastu,110,0,0,79,11,0,120,98,0,2,0,0,183,142,75,0,27,4,25,0,0,8,0,199,5,0,20,80,102,0,4,154,49,0,80,49,0,15,0,0,0,0,0,0,0,0,0
prAtimokSasUtra-of-the-lokottaravAdimahAsaGghika,53,0,0,31,11,5,30,50,0,0,0,0,38,36,36,1,30,20,8,0,2,5,0,37,11,3,9,16,63,2,1,45,20,0,33,10,0,13,0,0,1,0,0,0,4,0,0
prAtimokSasUtra-of-the-mUlasarvAstivAdins,45,0,0,27,10,0,22,55,0,1,0,0,28,27,19,1,20,14,12,0,0,6,0,23,8,3,13,15,37,0,2,31,29,0,30,11,0,4,0,0,0,0,0,0,1,0,0
prAtimokSasUtra-of-the-mahAsAMghikas,0,0,0,0,0,1,0,1,0,0,0,0,0,0,1,0,0,0,0,0,0,0,0,1,0,0,0,1,1,0,0,1,1,0,1,0,0,0,0,0,0,0,0,0,0,0,0
prAtimokSasUtra-of-the-sarvAstivAdins,64,0,0,30,13,0,26,62,0,1,0,0,33,31,22,0,26,11,12,0,1,3,0,41,4,3,14,16,56,4,3,42,28,0,42,8,0,8,0,0,0,0,0,0,2,0,0
prAtimokSasUtrafragments,28,0,1,7,1,0,5,23,0,0,0,0,12,12,7,0,10,4,6,0,0,2,0,13,4,0,4,4,20,0,1,13,11,0,17,2,0,3,0,0,0,0,0,0,0,0,0
prabodhAnandasarasvatI-caitanyacandrAmRta,51,1,0,17,6,0,8,10,6,0,1,0,9,4,9,0,19,5,13,0,6,4,0,18,1,4,14,21,19,0,2,18,12,1,16,7,0,10,0,0,0,0,0,0,0,0,0
prajJAkaramati-bodhicaryAvatArapaJjikA,16,0,0,3,8,0,5,4,0,0,0,0,11,6,10,0,8,2,3,0,7,2,0,14,0,3,9,11,20,0,1,17,11,0,9,8,0,4,0,0,0,0,0,0,1,0,0
prajJApAramitAhRdayasUtra,2,0,0,1,0,0,1,1,0,0,0,0,0,0,0,0,0,0,1,0,0,0,0,0,0,0,0,0,1,0,0,2,0,0,0,0,0,1,0,0,0,0,0,0,0,0,0
prakAzasaMhitA,23,0,0,5,10,0,3,6,0,2,1,0,88,54,89,2,75,5,25,2,47,51,0,95,1,18,82,76,155,3,36,208,164,0,142,36,0,51,0,0,0,0,0,0,3,0,0
pramANavArttika,8,0,0,0,4,0,1,1,0,0,0,0,80,59,81,0,63,17,31,2,21,44,0,108,0,6,35,130,134,5,14,214,170,0,150,73,0,29,0,0,0,0,0,0,1,0,0
pratItyasamutpAdavibhaGgasUtra,8,1,0,1,7,0,7,1,0,0,0,0,1,1,2,0,0,0,1,1,0,1,0,3,0,0,3,2,2,0,0,5,1,0,3,0,0,0,0,0,0,0,0,0,2,0,0
pratisarAkalpadhAraNI,0,0,0,0,0,0,0,0,0,0,0,0,1,1,0,0,0,0,1,0,1,1,0,1,0,0,1,1,2,1,0,1,0,0,1,0,0,0,0,0,0,0,0,0,0,0,0
pratyakSalakSaNa-of-the-tarkarahasya,40,0,0,14,13,3,7,8,1,0,0,0,3,1,1,0,5,2,7,3,1,3,0,5,1,0,1,8,8,0,1,11,8,0,4,1,0,0,0,0,0,0,0,0,0,0,0
pravAraNAvastu,73,0,0,48,8,0,10,54,0,0,0,0,47,47,60,14,39,13,12,0,7,14,0,53,10,3,4,12,103,0,2,56,14,0,51,7,0,14,0,0,0,0,0,0,2,0,0
pravrajyAvastu,140,0,0,49,82,2,94,110,2,0,0,0,103,97,72,5,64,14,50,0,12,19,0,93,6,4,54,82,146,3,21,155,75,0,61,60,0,45,0,0,0,0,0,0,9,0,0
praznopaniSad-comm,64,2,0,43,18,8,16,15,2,0,1,0,59,28,104,2,32,2,17,0,31,30,0,72,2,11,34,47,152,7,6,111,74,0,91,30,0,39,0,0,0,0,0,0,2,0,0
pudgalavastu,81,0,0,2,62,0,22,116,0,0,0,0,78,78,28,0,48,16,0,0,0,20,0,7,2,0,26,15,87,0,0,26,21,0,16,4,0,8,0,0,0,0,0,0,2,0,0
purUravas-kAdambarIsvIkaraNasUtramaJjarI,29,1,0,10,23,0,12,4,0,0,1,0,3,3,6,0,4,0,0,0,0,6,0,14,0,3,4,11,13,1,6,15,13,0,8,4,0,1,0,0,0,0,0,0,0,0,0
puruSottamadeva-ekAkSarakoza,1,0,0,0,1,0,1,2,0,0,0,0,0,0,1,0,0,0,0,0,0,0,0,2,1,0,0,0,0,0,0,2,0,0,0,0,0,1,0,0,0,0,0,0,0,0,0
rASTrapAlaparipRcchA,8,0,0,3,1,0,0,1,0,0,0,0,41,24,63,0,37,10,27,1,31,28,0,39,0,5,46,58,62,0,23,87,62,0,72,25,0,23,0,0,0,0,0,0,1,0,0
rASTrapAlasUtra,45,0,0,12,12,0,13,12,0,0,0,0,22,18,15,0,10,4,9,0,6,8,0,20,0,0,9,9,23,0,24,20,6,0,14,4,0,5,0,0,0,0,0,0,0,0,0
rAdhAkRSNadAsagosvAmin-sAdhanadIpikA,324,5,1,94,93,0,97,134,14,3,0,0,63,48,79,3,42,5,44,1,13,19,2,84,2,15,58,52,104,3,25,162,79,1,79,33,1,48,1,1,0,1,1,2,1,1,1
rAhulabhadra-prajJApAramitAstotra,7,0,0,6,2,0,1,1,1,0,0,0,2,2,0,0,0,0,0,0,0,1,0,0,0,0,0,3,1,0,0,0,1,0,0,0,0,0,0,0,0,0,0,0,0,0,0
rAjazekhara-kAvyamImAMsA-1,8,0,0,1,4,0,2,3,0,0,0,0,1,0,2,0,2,1,1,1,0,1,0,2,0,0,1,1,0,0,0,4,1,0,2,1,0,2,0,0,0,0,0,0,0,0,0
rAmAnuja-bhagavadgItAbhASya,611,15,2,291,295,4,220,352,29,2,12,0,194,142,227,4,144,36,68,6,63,122,0,235,1,32,184,169,320,20,46,296,221,0,218,164,0,95,0,0,0,0,0,0,1,0,0
rAmAnuja-vedArthasaMgraha,104,4,1,96,96,1,35,40,7,1,0,0,76,45,65,1,35,6,18,3,14,35,0,43,2,6,32,52,77,1,6,80,58,0,64,28,0,28,0,0,0,0,0,0,0,0,0
"rAmAnuja-zrIbhASya-1,1,3",13,0,0,11,10,0,6,4,4,0,0,0,8,3,12,0,7,1,0,0,1,4,0,6,0,1,0,5,3,0,0,10,5,0,4,3,0,6,0,0,0,0,0,0,0,0,0
rAmodanta,58,6,0,3,16,1,13,62,0,0,1,0,12,5,43,1,27,3,7,0,13,11,0,30,2,6,17,22,57,0,52,55,42,0,23,9,0,11,0,0,0,0,0,0,0,0,0
rAva-mithyAgrahaNa,20,0,2,12,16,0,14,10,2,0,0,0,12,8,14,0,8,2,6,0,8,4,0,20,0,2,20,20,20,0,0,19,16,0,20,10,0,14,0,0,0,0,0,0,0,0,0
rUpagosvAmin-haMsadUta,2,0,0,0,0,0,0,0,0,0,0,0,19,11,10,1,25,7,17,1,11,8,0,53,0,4,28,30,34,1,8,141,21,0,39,19,0,11,0,0,0,0,0,0,0,0,0
rUpagosvAmin-haribhaktirasAmRtasindhu,650,4,3,106,129,0,156,139,30,6,2,0,37,27,40,0,31,7,22,3,21,14,1,75,1,10,44,39,65,1,16,247,50,0,65,18,0,10,0,0,0,0,0,0,0,0,0
rUpagosvAmin-laghubhAgavatAmRta,174,3,0,57,56,2,50,74,12,3,2,0,25,15,16,0,22,2,10,1,5,8,0,16,0,1,18,16,36,2,5,50,35,0,21,17,0,10,0,0,0,0,0,0,1,0,0
rUpagosvAmin-nATakacandrikA,166,0,0,34,51,2,63,44,8,0,1,0,23,8,14,1,14,4,6,0,10,8,0,31,2,7,19,11,31,0,7,51,36,0,18,6,0,5,2,1,0,0,0,3,0,0,0
rUpagosvAmin-padyAvalI,304,0,0,67,92,0,72,76,12,2,0,0,51,31,60,2,85,23,49,7,31,29,0,140,3,6,95,122,140,0,29,431,117,1,137,41,0,37,0,0,0,0,0,0,0,0,0
rUpagosvAmin-ujjvalanIlamaNi,533,0,2,68,180,0,136,127,20,4,3,0,25,14,38,0,41,11,15,0,16,7,0,78,0,6,47,32,67,3,17,241,50,0,49,27,0,18,1,0,0,0,0,0,0,0,0
raghunAthadAsagosvAmin-muktAcarita,251,0,0,136,93,0,72,158,8,1,1,0,55,43,43,1,53,6,38,0,9,14,2,98,2,24,79,68,85,2,24,137,91,0,90,29,0,33,0,0,0,0,0,0,0,0,0
rasAdhyaya1-302-com,41,0,0,9,4,1,17,13,0,0,0,0,64,44,126,6,108,22,48,2,24,64,0,139,7,19,75,48,98,6,43,109,102,2,61,31,0,34,5,5,0,0,0,0,5,1,0
rasArNava1-12,75,2,0,26,16,3,20,12,7,4,0,0,151,121,239,3,251,53,84,5,76,67,0,216,16,42,169,121,244,4,144,300,450,0,250,57,0,102,0,0,0,0,0,0,6,4,0
ratnAkarazAnti-bhramaharanAma-hevajrasAdhana,20,0,0,2,4,0,6,13,0,0,0,0,8,8,13,0,11,3,5,1,1,2,1,7,0,1,12,6,12,0,5,8,7,0,9,7,0,6,0,0,0,0,0,0,0,0,0
ratnAkarazAnti-sAratama,1,0,0,1,1,0,0,0,0,0,0,0,0,0,0,0,2,1,0,0,0,0,0,1,0,0,1,0,1,0,0,2,2,0,1,1,0,0,0,0,0,0,0,0,0,0,0
ratnagotravibhAga,0,0,0,0,0,0,0,0,0,0,0,0,68,32,60,0,82,29,14,0,15,23,0,46,6,9,43,79,127,1,13,131,106,0,82,42,0,43,0,0,0,0,0,0,3,0,0
ratnaguNasaMcayagAthA,8,0,0,1,6,0,1,2,0,0,0,0,21,9,42,0,25,6,9,0,4,10,0,27,0,16,10,38,40,1,35,53,26,0,27,7,0,17,0,0,0,0,0,0,0,0,0
ratnakIrti-kSaNabhaGgasiddhi-vyatirekAtmikA,44,0,0,15,30,0,9,10,2,0,0,0,5,2,13,0,3,1,0,0,4,2,0,17,0,0,3,15,8,0,0,13,10,0,11,0,0,6,0,0,0,0,0,0,0,0,0
ratnakIrti-nibandhAvalI,6,0,0,0,3,0,0,0,0,0,0,0,120,72,152,0,69,13,45,12,48,52,0,189,3,9,29,171,225,4,12,273,207,0,213,69,0,63,0,0,0,0,0,0,2,0,0
ratnakIrti-vAdarahasya,6,0,0,0,0,2,2,0,0,0,0,0,59,42,30,0,31,12,22,4,18,28,0,61,3,9,26,75,92,0,9,80,101,0,79,34,0,28,1,1,2,0,0,0,1,0,0
ratnamAlAvadAna,2220,49,6,682,747,0,633,1555,37,15,3,0,916,692,895,27,1372,387,529,23,231,325,0,1527,90,101,1383,956,1848,13,211,3536,1757,0,1045,615,0,1194,0,0,0,0,0,0,1,0,0
ravideva-rAkSasakAvyawithTIkA,19,0,0,1,12,0,9,10,1,0,0,0,5,2,4,0,5,3,5,3,3,2,0,11,5,0,8,4,11,0,5,7,8,0,14,5,0,8,0,0,0,0,0,0,0,0,0
revAkhANDa-of-the-vAyupurANa-rkv,292,1,3,36,79,2,91,99,11,2,0,0,20,14,30,2,39,3,14,0,10,19,0,47,0,7,26,22,72,4,12,65,56,0,51,27,0,30,0,0,0,0,0,0,0,0,0
rudrabhaTTaH-zRGgAratilaka,79,1,0,23,34,0,22,24,0,0,0,0,4,1,10,0,8,1,5,0,9,5,0,33,1,1,17,18,17,0,11,35,29,0,22,9,0,5,0,0,0,0,0,0,0,0,0
ruyyaka-alaMkArasarvasva-1-34-comm,5,0,0,1,2,0,0,0,0,0,0,0,4,4,3,0,2,1,1,1,2,1,0,1,1,1,1,4,3,0,2,4,3,0,1,1,0,2,0,0,0,0,0,0,0,0,0
ruyyaka-alaMkArasarvasva-1-34,3,0,0,0,0,0,0,0,0,0,0,0,0,0,0,0,0,0,0,0,0,0,0,0,0,0,0,0,0,0,0,1,0,0,0,0,0,0,0,0,0,0,0,0,0,0,0
ruyyaka-alaMkArasarvasva,30,2,0,8,22,0,16,16,0,1,0,0,21,18,30,1,33,9,17,4,19,8,0,34,3,17,18,33,32,3,14,37,38,0,40,24,0,18,0,0,0,0,0,1,2,0,0
ruyyaka-sahRdayalIlA,4,0,0,2,0,0,1,0,0,0,0,0,0,0,2,1,0,0,2,0,1,2,0,0,0,1,1,0,2,0,2,8,1,0,3,3,0,2,0,0,0,0,0,0,0,0,0
ruyyaka-vyaktivivekavyAkhyA-2,78,1,0,53,62,0,44,44,0,1,1,0,34,23,48,2,34,9,18,2,16,9,0,31,1,7,20,38,60,1,10,43,44,0,47,35,0,22,0,0,0,0,0,0,2,0,0
sAMkhyaparibhASA,2,0,0,0,2,0,0,2,2,0,0,0,34,19,59,0,19,5,14,0,9,23,0,27,1,8,22,34,25,1,2,60,29,0,38,20,0,16,0,0,0,0,0,0,1,0,0
sAMkhyasUtravivaraNa,0,0,0,0,2,0,0,0,0,0,0,0,3,1,8,0,1,0,2,0,0,3,0,5,0,0,4,6,13,0,2,22,10,0,6,6,0,0,0,0,0,0,0,0,0,0,0
sAgaranAgarAjaparipRcchAmahAyAnasUtra,2,0,0,0,0,0,0,0,0,0,0,0,2,0,0,0,1,1,0,0,0,0,0,0,0,0,0,0,2,0,0,1,0,0,0,0,0,0,0,0,0,0,0,0,0,0,0
sAmavedasaMhitA,0,0,0,0,0,0,0,0,0,0,0,0,68,32,66,0,134,39,91,13,93,69,0,50,0,1,117,141,156,1,74,187,104,0,187,93,0,55,0,0,0,0,0,0,0,0,0
sArdhatrizatikAlottarAgama,13,0,0,3,16,0,1,4,2,0,0,0,2,1,5,0,2,1,1,0,2,2,0,5,0,0,2,2,7,0,0,8,4,0,5,1,0,1,0,0,0,0,0,0,1,0,0
sAtvatatantra,144,0,2,29,21,0,40,53,10,0,1,0,71,50,73,1,60,18,22,0,25,25,0,80,2,23,55,78,126,2,3,142,91,0,81,45,0,46,0,0,0,0,0,0,2,0,0
sUryasiddhAnta,122,0,0,37,23,0,37,34,2,4,7,0,58,46,46,4,39,4,44,1,10,26,0,73,3,13,39,22,98,8,11,85,92,0,53,48,0,22,0,0,0,0,0,0,7,0,0
saGghabhedavastu,979,0,8,584,632,12,558,666,30,10,35,0,777,685,563,45,529,162,434,39,108,253,0,694,62,104,606,572,882,10,228,737,509,2,626,329,0,375,0,0,0,0,0,0,20,0,0
saMghATasUtra-alt,258,0,2,222,66,0,133,156,1,0,6,0,253,201,169,6,181,79,73,6,27,87,0,238,6,52,178,172,330,5,34,306,175,0,175,60,0,130,0,0,0,0,0,0,0,0,0
saMghATasUtra,20,0,0,0,6,0,0,10,0,0,2,0,154,126,96,0,113,50,54,3,17,53,0,141,4,30,104,104,201,4,24,199,111,0,110,50,0,78,0,0,0,0,0,0,2,0,0
saMyuktAgama-966-972-according-to-the-chinese-canon,8,0,0,4,7,0,5,6,0,0,0,0,8,8,7,0,6,2,5,0,0,2,0,5,3,1,5,5,8,0,3,6,8,0,5,4,0,2,0,0,0,0,0,0,0,0,0
sabhikasaugatazAsanapravrajyAvratacaraNaparivarta,55,0,0,5,24,0,15,33,0,1,0,0,1,1,2,0,7,2,2,0,1,4,0,16,0,0,6,3,5,0,0,23,14,0,6,6,0,0,0,0,0,0,0,0,0,0,0
saddharmalaGkAvatArasUtra,2,0,0,1,0,0,0,0,0,0,0,0,1,1,1,0,1,0,0,0,1,0,0,1,0,0,2,2,3,0,0,0,3,0,1,0,0,0,0,0,0,0,0,0,0,0,0
saddharmapuNDarIkasUtra,1,0,0,1,0,0,1,3,0,0,0,0,3,3,5,0,2,2,2,1,1,2,0,3,0,3,2,3,4,0,1,3,3,0,3,3,0,2,0,0,0,0,0,0,0,0,0
samAdhirAjasUtra,7,0,0,2,9,0,1,7,0,0,0,0,235,125,307,9,228,110,114,8,40,129,0,231,9,44,129,266,397,3,35,508,201,0,274,123,0,139,0,0,1,0,0,0,2,0,0
samAdhirAjasUtratransliteration-1-111315-22,68,0,0,31,23,1,32,18,1,0,0,0,40,24,37,0,22,8,21,1,3,33,0,45,1,6,24,41,51,0,3,63,32,0,42,24,0,27,0,0,0,0,0,1,2,0,0
sarvadurgatiparizodhanatantra,124,2,0,38,25,0,63,76,7,0,0,0,64,37,41,0,50,14,15,0,18,13,0,61,0,9,33,34,68,5,7,79,45,0,76,17,0,22,0,0,0,0,0,0,0,0,0
sarvajJatAkAradhAraNI,29,0,0,10,12,0,8,12,0,0,0,0,25,10,12,0,20,5,1,0,2,4,0,17,2,8,9,7,26,2,4,34,12,0,8,1,0,5,0,0,0,0,0,0,0,0,0
sarvamatasaMgraha,8,0,0,0,2,0,0,0,0,0,0,0,21,13,31,0,13,5,7,5,7,16,0,16,0,3,17,14,27,1,3,26,24,0,29,7,0,12,0,0,0,0,0,0,3,0,0
sarvatathAgatAdhiSThAnavyUhasUtra,6,1,0,0,5,0,2,3,0,0,0,0,9,8,8,0,8,6,2,0,1,2,0,8,0,1,6,8,8,0,1,8,10,0,6,5,0,7,0,0,0,0,0,0,0,0,0
sarvatathAgatatattvasaMgraha,1,0,0,0,1,0,0,0,0,0,0,0,0,0,0,0,0,0,0,0,0,0,0,1,0,0,0,0,0,0,0,2,0,0,1,0,0,0,0,0,0,0,0,0,0,0,0
sarvopakAriNI,4,0,0,0,0,0,0,0,0,0,0,0,13,8,10,0,5,2,1,0,0,7,0,6,0,2,4,4,19,0,0,12,11,0,10,2,0,2,0,0,0,0,0,0,0,0,0
satyasUtra,2,0,0,0,0,0,0,2,0,0,0,0,2,2,2,0,0,0,0,0,0,2,0,0,0,0,0,2,2,0,0,2,2,0,0,0,0,0,0,0,0,0,0,0,0,0,0
siMhabhUpAla-rasArNavasudhAkara,579,1,4,100,207,6,173,202,11,3,2,0,97,69,101,4,70,16,42,3,32,25,0,132,7,20,82,120,153,4,51,190,115,0,130,40,0,38,1,0,0,0,0,1,3,0,0
siddhasenamahAmati-nyAyAvatAra-comm,135,3,0,70,92,0,66,79,5,0,1,0,51,38,69,1,45,8,31,9,24,28,0,47,1,25,25,76,116,2,3,89,92,0,96,45,0,34,0,0,0,0,0,1,0,0,0
sitAtapatrA,2,0,0,2,0,0,2,0,0,2,1,0,3,3,6,1,4,2,4,0,4,3,0,4,0,2,6,7,6,3,1,7,3,0,5,2,0,1,0,0,0,0,0,0,3,0,0
skandapurANa-revAkhaNDa-rks,523,1,0,207,202,10,232,271,18,7,3,0,35,20,101,0,111,16,42,7,26,30,0,101,1,33,89,66,148,6,34,135,168,0,132,63,0,61,0,0,0,0,0,0,0,0,0
"skandapurANa1-31,14",77,0,0,10,17,0,16,23,6,2,0,0,120,61,277,2,250,20,93,3,48,57,0,156,2,37,213,110,282,11,25,345,334,0,225,100,0,121,0,0,0,0,0,0,3,0,0
smaller-sukhAvatIvyUha,29,0,0,8,16,0,4,10,0,0,0,0,9,5,10,0,15,1,1,0,0,0,0,20,0,9,14,20,13,0,2,24,10,0,9,4,0,18,0,0,0,0,0,0,0,0,0
somAnanda-zAktavijJAna,7,0,0,0,0,0,4,1,0,0,0,0,6,2,13,0,3,1,0,0,0,3,0,4,0,1,1,1,6,0,0,6,9,0,6,1,0,5,0,0,0,0,0,0,1,0,0
somadeva-kathAsaritsAgaravetAlapaJcaviMzatikA,408,4,0,168,148,0,156,164,11,5,0,0,44,29,61,2,49,5,19,0,21,14,0,71,2,0,47,50,86,1,25,94,125,0,71,19,0,19,0,0,0,0,0,0,0,0,0
somadeva-rasendracUDAmaNi-3-57-16,30,0,0,4,7,0,13,7,1,1,0,0,2,2,15,0,7,0,5,1,5,2,0,11,1,1,5,2,9,0,5,12,5,0,6,2,0,7,1,1,0,0,0,0,2,0,0
srinivasamakhi-vedantadesika-dazavidhAhetunirUpaNa,245,2,5,127,87,1,103,95,6,4,5,0,54,35,19,1,34,12,20,0,18,19,0,45,0,10,37,52,91,4,11,98,65,0,99,27,0,41,0,0,0,0,0,0,1,0,0
stUpalakSaNakArikAvivecana,8,0,0,1,18,0,10,7,0,0,0,0,7,5,5,0,0,0,2,2,2,0,0,13,2,1,1,2,7,0,1,8,3,0,9,7,0,3,0,0,0,0,0,0,0,0,0
suSeNa-Ayurvedamahodadhau-annapAnavidhi,123,2,1,26,32,1,43,28,2,0,0,0,24,12,49,4,15,3,13,4,12,14,0,34,3,5,33,25,41,4,12,56,39,0,30,6,0,19,0,0,0,0,0,0,1,0,0
subandhu-vAsavadattA,96,0,0,24,59,0,44,52,2,0,2,0,32,24,31,2,36,4,11,0,5,15,0,46,2,8,35,34,32,0,15,41,28,0,42,11,0,14,0,0,2,0,0,0,0,0,0
subhASitaratnakaraNDakathA,51,0,0,19,19,1,18,23,1,1,1,0,6,4,7,1,10,5,1,0,4,0,0,6,0,0,1,10,17,2,0,33,11,0,5,9,0,2,0,0,0,0,0,0,0,0,0
sucaritamizra-mImAMsAzlokavArttika,1317,13,13,831,1176,1,612,632,24,2,7,0,497,406,469,2,338,85,209,25,417,242,0,366,13,131,162,531,741,33,49,615,703,0,643,228,0,281,3,0,0,0,0,0,5,0,0
sukhAvatIvyUha,12,0,2,12,10,0,8,10,0,0,0,0,12,12,10,2,12,8,8,0,2,8,0,10,4,10,10,10,12,0,6,12,12,0,12,6,0,10,0,0,0,0,0,0,0,0,0
sukhAvatIvyUhavistaramAtRkA,0,0,0,1,0,0,0,0,0,0,0,0,1,1,1,0,1,0,0,0,0,0,0,1,0,1,1,0,1,0,1,1,1,0,1,1,0,1,0,0,0,0,0,0,0,0,0
sumAgadhAvadAna,190,0,0,28,58,0,44,152,2,2,6,0,107,99,54,4,83,16,34,2,13,14,0,86,5,11,38,61,147,0,28,80,81,0,60,10,0,35,0,0,0,0,0,0,4,0,0
suvarNaprabhAsasUtra,2,0,0,2,0,0,0,0,0,0,0,0,110,78,151,3,118,40,41,0,32,45,0,166,8,18,92,61,189,2,39,226,93,0,95,48,0,73,0,0,0,0,0,0,1,0,0
suvarNavarNAvadAna,273,0,0,136,175,0,177,203,34,8,0,0,109,91,54,4,156,25,79,6,51,44,0,208,22,32,141,117,249,2,74,218,143,0,144,94,0,83,0,0,0,0,0,0,2,0,0
suvikrAntavikrAmiparipRcchA,0,0,0,1,0,0,0,0,0,0,0,0,1,0,1,0,1,1,0,0,1,0,0,1,0,0,0,1,1,0,0,1,0,0,1,0,0,1,0,0,0,0,0,0,0,0,0
svAgatasUtra,2,0,0,0,0,0,2,2,0,0,0,0,4,3,2,0,2,2,0,0,0,0,0,0,0,0,0,0,0,0,0,6,0,0,4,1,0,1,0,0,0,0,0,0,0,0,0
svAtmArAma-haThayogapradIpikA,69,0,1,25,14,0,19,38,2,7,0,0,10,4,7,0,5,0,6,2,2,6,0,13,0,0,6,8,8,0,2,32,6,0,16,5,0,3,0,0,0,0,0,0,1,0,0
svacchandatantra,197,20,2,20,10,2,37,44,3,8,2,0,257,178,517,8,361,74,121,6,100,123,0,364,17,51,222,267,646,5,88,655,861,0,474,188,0,251,2,0,0,0,0,0,9,0,0
svayaMbhupurANa,0,0,0,0,0,0,0,0,0,0,0,0,125,73,93,0,160,92,48,0,27,67,0,167,13,20,184,117,245,1,23,490,182,0,132,104,0,106,1,1,0,0,0,0,0,0,0
tArAbhaTTArikAnAmASTottarazatakastotra,5,0,0,0,0,0,5,3,0,0,0,0,0,0,1,0,1,0,1,0,1,0,0,0,0,0,0,0,1,0,0,0,2,0,1,0,0,0,0,0,0,0,0,0,0,0,0
tArAsragdharAstotra,22,0,0,5,0,0,8,8,0,0,0,0,4,4,2,0,12,4,4,0,1,3,0,13,0,0,7,4,13,0,0,37,17,0,11,3,0,3,0,0,0,0,0,0,0,0,0
taittirIyopaniSad-zaMkarabhASya,55,0,0,41,49,2,40,34,4,1,3,0,47,23,41,2,26,5,13,0,26,22,0,34,0,15,34,27,47,7,4,48,43,0,46,27,0,32,0,0,0,0,0,0,0,0,0
tantrAkhyAyika-1-2,122,2,1,60,58,0,72,82,6,0,0,0,64,46,70,4,54,13,51,4,17,34,0,80,2,13,53,42,84,2,15,73,59,0,55,26,0,37,0,0,0,0,0,0,2,2,0
tarkabhASA,2,0,0,4,3,0,0,0,0,0,0,0,41,27,80,1,36,5,20,7,15,35,0,58,1,6,15,63,93,3,13,90,86,0,73,21,0,26,0,0,0,0,0,0,0,0,0
tarkarahasya,21,0,0,12,4,0,8,9,1,1,0,0,45,31,60,1,38,6,30,3,29,28,0,70,1,10,40,79,139,3,9,127,91,0,96,29,0,14,0,0,0,0,0,0,0,0,0
tarkazAstra,0,0,0,0,0,0,0,0,0,0,0,0,26,26,10,0,11,1,6,4,16,4,0,21,15,1,12,43,48,2,1,37,46,0,44,8,0,13,0,0,0,0,0,0,0,0,0
tathAgatabimbakArApaNasUtra,2,0,0,0,2,0,1,0,0,1,0,0,2,1,1,0,1,1,1,0,0,1,0,1,1,1,1,1,1,0,0,2,1,0,1,1,0,1,0,0,0,0,0,0,0,0,0
tattvamImAMsA,0,0,0,0,0,0,0,2,0,0,0,0,2,2,4,0,5,1,4,0,2,1,0,5,0,4,3,6,5,0,2,6,5,0,6,4,0,5,0,0,0,0,0,0,1,0,0
tattvaratnAvaloka,4,0,0,0,1,0,0,0,0,0,0,0,2,1,6,0,2,0,3,0,0,1,0,2,0,1,0,1,11,3,1,14,4,0,3,0,0,0,0,0,0,0,0,0,0,0,0
tattvasamAsa-4versions,3,0,0,0,0,0,0,0,0,0,0,0,0,0,2,0,4,0,0,0,0,2,0,0,0,0,0,0,5,0,0,0,0,0,0,2,0,0,0,0,0,0,0,0,0,0,0
tattvasamAsasUtravRtti,4,0,0,0,2,0,2,0,0,0,0,0,8,3,19,0,12,3,6,2,3,5,0,16,0,6,9,10,32,0,7,29,19,0,11,9,0,7,0,0,0,0,0,0,0,0,0
timirodghATana,26,0,0,20,22,0,16,20,0,0,0,0,15,8,6,2,25,3,15,0,4,16,0,23,0,6,9,23,29,0,7,34,37,0,23,23,0,9,0,0,0,0,0,0,0,0,0
toDalatantra,18,0,0,0,11,0,9,9,0,1,1,0,47,28,105,1,50,9,15,1,16,31,0,74,0,6,76,48,110,1,6,103,94,0,70,18,0,37,1,0,0,0,4,0,4,0,0
triskandhasUtra,0,0,0,0,0,0,0,0,0,0,0,0,2,2,1,0,2,0,1,0,0,2,0,2,0,0,0,1,3,0,0,3,2,0,2,0,0,1,0,0,0,0,0,0,0,0,0
uDDAmarezvaratantra,104,2,4,68,21,2,77,88,6,0,0,0,101,83,148,22,135,19,59,20,146,98,0,208,15,48,140,105,199,47,42,202,143,0,104,57,0,73,0,0,0,0,0,0,1,2,1
udAnavarga,0,0,0,0,0,0,1,0,0,0,0,0,0,0,0,0,0,0,0,0,0,0,0,0,0,0,0,0,0,0,0,0,0,0,0,0,0,0,0,0,0,0,0,0,0,0,0
udIcyazyAmilaka-pADatADitaka,69,1,1,46,57,0,50,45,7,1,0,0,50,18,33,1,19,6,17,2,17,9,0,44,6,7,33,31,55,0,12,42,31,1,49,15,0,19,1,1,0,0,0,0,0,0,0
udayana-nyAyakusumAJjali,7,0,0,2,1,0,2,1,0,0,0,0,6,5,5,0,4,0,1,0,5,3,1,8,0,3,1,6,8,0,1,8,9,0,8,3,0,5,0,0,0,0,0,0,0,0,0
udayana-nyAyavArttikatAtparyaparizuddhi-1,59,2,0,12,29,0,21,20,0,0,0,0,24,21,30,1,22,2,6,1,4,18,0,36,1,9,9,26,49,1,9,54,40,0,47,11,0,10,0,0,0,0,0,0,1,1,0
udbhaTa-kAvyAlaMkArasArasaMgraha,1,0,0,0,0,0,2,0,0,0,0,0,1,1,0,0,0,0,0,0,0,0,0,1,0,0,0,1,0,0,0,1,0,0,1,0,0,0,0,0,0,0,0,0,0,0,0
uddaNDa-kokilasaMdesa,4,0,0,0,2,3,2,5,0,0,0,0,38,28,22,0,31,9,5,0,19,13,0,47,1,8,43,27,59,2,8,58,47,0,41,20,0,20,0,0,0,0,0,0,1,0,0
upAyahRdaya,2,0,0,2,0,0,0,0,0,0,0,0,19,15,10,0,26,3,7,1,12,12,0,17,0,2,6,34,42,0,0,39,37,0,32,8,0,6,0,0,0,0,0,0,2,0,0
upasaMpadAjJapti,88,0,0,68,10,0,33,51,0,0,0,0,37,37,32,0,50,20,14,0,0,4,0,63,0,2,29,20,83,2,7,71,31,0,40,19,0,31,0,0,0,0,0,0,0,0,0
utpaladeva-IzvarapratyabhijJAkArikA-with-vRtti,98,6,0,50,44,0,22,52,5,2,0,0,11,9,21,0,3,0,3,1,2,6,0,19,0,0,3,8,19,0,5,24,24,0,21,6,0,2,0,0,0,0,0,0,0,0,0
utpaladeva-ajaDapramAtRsiddhi,17,1,0,7,7,0,3,7,2,0,0,0,6,5,1,0,0,0,2,0,0,1,0,2,0,0,3,3,3,0,0,7,1,0,7,1,0,1,0,0,0,0,0,0,0,0,0
utpaladeva-zivastotrAvali,135,0,0,46,38,0,29,31,13,0,0,0,26,23,4,0,7,2,1,1,4,10,0,19,0,3,17,22,29,0,2,37,40,0,20,14,0,9,0,0,0,0,0,0,0,0,0
vAcaspatimizra-bhAmati,9,0,0,2,26,0,8,8,0,0,0,0,486,314,449,8,253,30,134,16,171,180,0,351,23,69,166,402,655,27,65,550,551,1,547,215,0,242,0,0,0,0,0,0,8,0,0
vAgIzvarakIrti-mRtyuvaJcanopadeza,46,0,0,19,17,0,10,35,1,1,0,0,4,3,8,1,8,2,2,1,0,3,0,4,0,3,20,8,4,0,1,12,8,0,5,7,0,5,0,0,0,0,0,0,2,0,0
vAgbhaTa-aSTAGgahRdayasUtra,1219,6,38,266,167,12,323,486,31,30,2,0,109,56,226,5,131,21,89,30,67,52,0,181,7,37,140,99,288,7,70,315,208,0,249,71,0,133,0,0,0,0,0,0,5,0,0
"vAgbhaTa-rasaratnasamuccaya-1-18,29",149,0,4,52,89,0,57,64,4,11,0,0,48,36,86,3,63,16,39,6,12,25,0,87,6,31,42,50,90,2,30,105,92,0,79,34,0,25,1,0,0,0,0,0,3,1,0
vAgbhaTa-rasaratnasamuccaya,35,0,3,8,12,0,12,9,3,2,0,0,3,1,13,2,4,1,1,1,4,2,0,6,0,1,4,3,11,0,7,11,12,0,7,4,0,2,0,0,0,0,0,0,0,0,0
vAhaTa-aSTAGganighaNTu,37,4,2,1,2,0,4,4,0,2,0,0,20,12,56,2,17,4,13,3,15,13,0,47,1,5,32,15,44,5,18,32,59,0,37,4,0,28,0,0,0,0,0,0,0,1,0
vAlmIki-rAmAyaNa-rev-2-3,1318,7,1,256,685,4,460,632,21,13,18,0,159,102,172,4,211,38,99,11,75,61,0,239,2,46,212,197,350,8,204,281,319,0,386,86,0,127,0,0,0,0,0,0,1,0,0
vAlmIki-rAmAyaNa-southern-2,878,6,1,171,436,1,283,386,15,10,11,0,84,59,96,3,119,24,49,3,37,31,0,128,1,16,118,118,205,3,109,152,164,0,201,48,0,66,0,0,0,0,0,0,0,0,0
vAmadeva-janmamaraNavicAra,1,0,0,1,1,0,1,1,0,0,0,0,1,1,1,0,1,1,1,0,1,1,0,1,0,1,1,1,1,0,1,1,1,0,1,1,0,1,0,0,0,0,0,0,0,0,0
vAmana-kAvyAlaMkArasUtra,4,0,0,0,22,1,1,1,0,0,0,0,1,0,1,0,2,0,1,0,1,0,0,1,0,0,4,2,9,1,0,6,2,0,4,1,0,2,0,0,0,0,0,0,0,0,0
vAmanadatta-dvayasaMpattivArttika,5,0,0,2,4,0,0,1,0,0,0,0,1,0,2,0,3,3,0,0,0,2,0,1,0,0,0,0,1,0,0,4,0,0,0,1,0,1,0,0,0,0,0,0,0,0,0
vAmanadatta-svabodhodayamaJjarI,5,0,0,2,3,0,1,9,0,0,0,0,1,1,0,0,1,0,0,0,0,0,0,2,0,0,0,0,1,0,0,3,0,0,2,1,0,1,0,0,0,0,0,0,0,0,0
vAmanapurANa1-69,3,0,0,0,0,0,1,4,0,0,0,0,419,230,566,12,596,77,276,34,249,196,0,542,16,66,598,450,865,13,161,928,724,1,714,246,0,422,1,0,0,0,0,0,9,0,0
vAmanapurANasaromAhAtmya,4,1,0,0,0,0,0,0,0,0,0,0,0,0,0,0,0,0,0,0,0,0,0,0,0,0,0,0,0,0,0,0,0,0,1,0,0,0,0,0,0,0,0,0,0,0,0
vArAhagRhyasUtra,110,2,2,17,46,0,58,45,0,4,2,0,48,20,47,0,38,8,30,0,18,25,0,51,0,7,32,38,87,0,10,80,43,0,83,22,0,15,0,0,0,0,0,0,0,0,0
vAsiSThadharmasUtra,137,2,0,23,39,0,61,69,0,1,3,0,0,0,0,0,4,0,0,0,0,0,0,0,0,0,0,0,0,0,0,0,0,0,2,0,0,0,0,0,0,0,0,0,0,0,0
vAtUlanAtha-vAtUlanAthasUtra-comm,15,0,0,4,4,0,10,6,1,0,0,0,6,4,4,0,3,1,2,1,1,3,0,7,0,0,3,5,8,0,1,7,7,0,6,3,0,4,0,0,0,0,0,0,0,0,0
vAtsyAyana-kAmasUtra-ednirnaya,397,0,3,87,137,5,122,136,8,7,3,0,33,19,151,3,54,8,27,1,6,14,0,64,7,16,42,44,105,2,22,101,53,0,113,19,0,29,0,0,0,0,0,0,1,0,0
vAtsyAyana-kAmasUtra,142,2,6,96,104,4,99,104,10,12,10,0,74,46,130,4,95,28,60,2,20,36,0,109,10,36,83,85,124,4,50,115,96,0,113,54,0,60,0,0,0,0,0,0,12,0,0
vINAzikhatantra,68,0,0,68,36,0,21,60,2,0,0,0,54,19,79,1,72,17,30,2,21,25,0,77,2,4,45,45,97,2,14,101,113,0,72,37,0,36,0,0,0,0,0,0,0,0,0
vaikhAnasadharmasUtra,6,2,2,4,4,2,6,4,0,0,4,0,4,4,6,0,4,4,6,0,4,4,0,6,4,0,6,6,4,2,6,6,6,0,6,4,0,6,0,0,0,0,0,0,2,0,0
vaikhAnasamantraprazna5-8,184,1,0,41,45,4,42,220,40,11,0,0,100,56,50,1,87,20,30,2,48,68,0,59,4,13,73,103,149,3,70,145,91,1,159,66,0,45,0,0,0,0,0,0,2,0,0
vaitAnazrautasUtra-vaitAnasUtra,150,9,1,17,52,2,76,67,3,7,2,0,12,5,22,0,23,4,9,1,8,11,0,5,0,3,19,26,37,0,8,29,28,0,35,14,0,9,0,0,0,0,0,0,1,0,0
vajracchedikA-prajJApAramitA-frag,14,0,0,11,6,0,18,8,0,0,0,0,18,13,8,0,13,8,0,0,1,1,0,6,0,1,11,2,15,0,0,12,6,0,6,2,0,2,0,0,0,0,0,0,0,0,0
vajracchedikA-prajJApAramitA-gilgit,14,0,0,10,3,0,7,4,0,0,0,0,6,4,6,0,9,3,1,1,0,2,0,1,0,0,4,2,6,0,2,8,0,0,4,1,0,1,0,0,0,0,0,0,0,0,0
vajravidAraNAdhAraNI,0,0,0,0,2,0,0,0,0,0,0,0,4,1,3,0,2,0,1,0,0,0,0,1,0,0,4,0,5,2,2,6,4,0,5,2,0,2,0,0,0,0,0,0,0,0,0
vajravidAraNIdhAraNI,4,0,0,2,2,0,0,0,0,0,0,0,3,2,5,1,1,1,0,0,4,0,0,1,0,0,6,4,7,4,2,5,1,0,4,0,0,2,0,0,0,0,0,0,0,0,0
vallabhadeva-subhASitAvali-1-1040,1,0,0,0,0,0,0,0,0,0,0,0,0,0,0,0,0,0,0,0,0,0,0,0,0,0,0,0,0,0,0,0,1,0,0,0,0,0,0,0,0,0,0,0,0,0,0
varAhamihira-bRhatsaMhitA,535,4,5,120,116,3,175,159,10,14,3,0,45,39,89,2,63,11,20,2,13,21,0,67,1,9,28,43,69,4,13,151,50,0,89,39,0,47,1,0,0,0,0,0,4,0,0
varAhamihira-tikanikayAtra,18,0,0,1,6,0,5,5,0,0,0,0,2,2,3,0,2,1,1,0,2,0,0,0,0,1,1,2,2,0,0,3,3,0,6,1,0,0,0,0,0,0,0,0,0,0,0
varAhamihira-vivAhapaTala,18,1,0,7,4,0,7,7,0,0,0,0,1,0,1,0,1,1,0,0,1,1,0,4,0,1,0,1,8,1,0,4,2,0,4,1,0,1,0,0,0,0,0,0,0,0,0
varAhamihira-yogayAtrA-edjha,97,1,0,27,28,0,35,29,2,1,1,0,9,5,11,0,12,3,3,0,4,5,0,13,0,1,12,14,16,2,3,25,7,0,23,9,0,8,0,0,0,0,0,0,1,0,0
varAhamihira-yogayAtrA-edpingree,87,1,0,28,23,0,34,31,1,1,0,0,6,3,12,0,8,0,2,0,2,6,0,9,0,1,5,8,19,1,2,16,13,0,15,9,0,6,0,0,0,0,0,0,1,0,0
varSAvastu,102,0,0,20,11,0,59,33,0,0,0,0,105,104,60,4,58,5,26,2,0,31,0,79,2,0,9,43,64,0,4,55,27,0,59,14,0,32,0,0,0,0,0,0,0,0,0
varadarAja-laghusiddhAntakaumudI,5,0,2,1,3,1,3,2,0,0,0,0,1,0,0,0,0,0,0,0,0,0,0,1,0,0,1,2,2,0,0,2,0,0,2,0,0,0,0,0,0,0,0,0,0,0,0
vararuci-zatagAthA,0,0,0,0,0,0,0,0,0,0,0,0,7,6,15,0,8,2,2,0,7,5,0,13,0,2,6,22,9,0,2,16,12,0,19,9,0,4,0,0,0,0,0,0,0,0,0
vasubandhu-abhidharmakoza,12,0,0,0,0,0,1,3,0,1,0,0,0,0,0,0,1,0,0,0,0,1,0,6,0,0,0,3,3,0,0,0,3,0,1,0,0,0,0,0,0,0,0,0,1,0,0
vasubandhu-abhidharmakozabhASya,25,0,1,6,11,2,5,5,0,0,0,0,7,5,10,0,7,0,2,1,1,2,0,7,0,0,4,4,9,0,2,11,4,0,9,2,0,3,0,0,0,0,0,0,0,0,0
vasubandhu-bodhicittotpAdasUtrazAstra,2,0,0,0,0,0,0,0,0,0,0,0,1,0,1,0,2,2,0,0,1,0,0,2,1,0,0,1,1,0,1,0,2,0,1,2,0,0,0,0,0,0,0,0,0,0,0
vasubandhu-madhyAntavibhAgakArikAbhASya,81,1,2,25,23,0,15,26,0,0,0,0,14,9,26,0,19,5,7,0,1,5,0,21,4,5,13,22,35,3,3,38,20,0,33,21,0,12,0,0,0,0,0,0,2,0,0
vasubandhu-paJcaskandhaprakaraNa,2,0,0,0,0,0,0,0,0,0,0,0,0,0,0,0,0,0,0,0,0,0,0,1,0,0,0,0,0,0,1,0,0,0,0,0,0,0,0,0,0,0,0,0,0,0,0
vasubandhu-triMzikAvijJaptikArikA-comm,83,0,0,42,41,0,27,44,1,1,0,0,17,11,21,0,16,4,6,1,7,5,0,29,0,3,22,24,38,3,5,31,30,0,48,15,0,3,0,0,0,0,0,0,1,0,0
vasubandhu-viMzatikA-vijJaptimAtratAsiddhi,26,0,1,11,15,0,7,4,0,0,0,0,14,13,8,0,7,1,2,0,1,3,0,5,1,2,4,16,13,1,4,19,11,0,11,5,0,0,0,0,0,0,0,0,0,0,0
vasudhArAdhAraNI-alt,0,0,0,0,0,0,2,0,0,0,0,0,4,4,6,0,9,6,5,0,2,0,0,7,0,0,9,3,9,0,1,10,4,0,13,3,0,2,0,0,0,0,0,0,0,0,0
vasudhArAdhAraNI-gilgit,8,0,0,14,2,0,8,8,0,0,0,0,6,4,2,0,6,6,11,0,0,2,0,7,0,0,4,0,12,0,2,10,5,0,10,2,0,4,0,0,0,0,0,0,0,0,0
vasudhArAdhAraNI,13,0,0,14,8,0,10,6,0,0,0,0,12,10,7,0,8,6,10,0,2,2,0,10,2,2,10,10,13,4,2,13,11,0,11,8,0,4,0,0,0,0,0,0,0,0,0
vasugupta-spandakArikA-comm,63,0,0,37,35,0,28,26,3,1,0,0,25,20,24,0,11,2,12,2,8,14,0,23,0,7,11,28,36,0,2,39,35,0,23,18,0,20,0,0,0,0,0,0,0,0,0
vasugupta-spandakArikA,7,0,0,9,4,0,3,3,0,0,0,0,2,0,4,0,0,0,2,0,2,4,0,8,0,1,1,2,1,0,0,14,9,0,1,4,0,1,0,0,0,0,0,0,0,0,0
veGkaTanAtha-nyAyaparizuddhibhUmikA-13-5,5,0,0,1,3,0,0,0,0,0,0,0,3,2,3,0,1,0,2,2,0,2,0,4,0,1,0,1,5,0,0,4,4,0,5,0,0,4,1,0,0,0,0,0,0,0,0
viMzatikAkArikA,0,0,0,0,0,0,0,0,0,0,0,0,0,0,1,0,1,0,0,0,0,1,0,2,0,0,1,6,4,1,0,5,2,0,5,3,0,0,0,0,0,0,0,0,0,0,0
viMzikAvRtti,2,0,0,0,0,0,0,0,0,0,0,0,0,0,1,0,1,0,0,0,0,2,0,3,0,0,1,6,4,1,0,5,2,0,5,4,0,0,0,0,0,0,0,0,0,0,0
viSNudharma,2,2,0,2,2,2,2,2,2,2,2,0,2,2,2,2,2,2,2,2,2,2,0,2,2,2,2,2,2,2,2,2,2,0,2,2,0,2,0,0,0,2,0,2,0,0,0
"viSNudharmottarapurANa-2,127",7,0,0,4,8,0,4,4,0,0,0,0,3,3,0,0,0,0,2,0,2,1,0,0,0,0,1,0,4,0,0,1,2,0,1,0,0,1,0,0,0,0,0,0,0,0,0
"viSNudharmottarapurANa3,343-353",50,0,0,20,16,2,22,29,0,1,0,0,9,6,7,0,13,5,5,1,6,6,0,8,0,0,13,10,14,0,1,11,19,0,19,3,0,10,0,0,0,0,0,0,0,0,0
viSNupurANa-crit,2380,8,6,637,584,8,551,958,55,37,35,0,663,407,955,11,703,111,332,19,218,350,0,734,10,50,734,707,1134,16,180,1122,1295,0,926,601,0,379,0,0,0,0,0,0,5,0,0
viSNupurANa,69,2,0,17,17,0,7,12,0,0,0,0,438,266,622,7,468,75,234,14,174,236,0,493,6,34,534,452,775,10,127,764,910,0,624,436,0,247,1,0,0,0,0,0,6,0,0
viSNusmRti,453,4,1,125,96,2,138,212,4,2,11,0,121,60,282,7,232,35,94,8,50,62,0,230,8,25,106,143,294,3,40,245,180,0,198,80,0,104,0,0,0,0,0,0,4,2,0
viSNuzarman-paJcatantra,791,0,0,376,240,0,320,455,7,14,4,0,212,136,321,3,208,21,211,7,41,65,0,336,9,39,250,255,324,1,65,328,286,0,290,128,0,109,0,0,0,0,0,0,3,0,0
viSvaksenasaMhitA,1,0,0,0,0,0,0,0,0,0,0,0,289,168,709,9,405,71,158,17,143,85,4,584,16,101,353,311,845,13,118,826,1172,0,787,141,0,276,0,0,0,0,0,0,24,0,0
vidyAkara-subhASitaratnakoza,884,4,1,150,308,0,244,205,22,6,0,0,99,60,113,6,129,37,69,9,45,74,2,244,8,38,148,157,186,5,41,183,179,0,201,78,0,61,1,1,0,0,0,0,0,0,0
vidyAkarazAnti-tarkasopAna,58,0,0,26,39,0,25,12,0,0,0,0,15,12,19,0,15,1,5,0,11,11,0,20,0,2,4,20,38,1,7,37,35,0,28,8,0,8,0,0,0,0,0,0,0,0,0
vidyAnAtha-pratAparudrIya,2,0,0,0,2,0,1,1,0,0,0,0,1,0,1,0,0,0,1,0,0,0,0,2,0,1,1,1,2,0,0,0,0,0,1,0,0,0,0,0,0,0,0,0,0,0,0
vidyAsthAnopamasUtra,10,0,0,2,2,0,0,2,0,0,0,0,2,2,3,0,6,1,0,0,0,2,0,2,0,0,4,4,1,0,0,7,7,0,3,2,0,3,0,0,0,0,0,0,0,0,0
vijJAnabhairava,26,0,0,17,17,0,11,8,2,0,0,0,2,2,10,1,27,14,1,0,6,14,0,15,0,1,15,17,3,0,8,28,26,0,33,6,0,8,0,0,0,0,0,0,0,0,0
vijJAnezvara-mitAkSarA,3221,27,33,1181,1373,20,1142,1563,28,51,125,0,1055,712,2111,30,1697,295,731,61,295,392,0,1707,31,223,844,1192,2393,43,302,1929,2021,0,1968,768,0,714,0,0,0,0,0,0,92,1,0
vimalakIrtinirdeza,370,0,0,299,97,1,160,222,6,0,6,0,293,188,150,2,178,72,82,2,34,24,0,191,4,66,147,137,260,0,27,249,171,0,160,65,0,103,0,0,0,0,0,0,1,0,0
vimalakIrtinirdezasUtra,50,0,0,14,8,0,14,23,1,0,1,0,87,47,43,3,99,39,37,0,48,15,0,88,3,40,30,29,100,0,25,108,90,0,52,31,0,62,0,0,0,0,0,0,2,0,0
vimalamitra-abhidharmadIpa-comm,5,0,1,2,0,0,0,0,0,0,0,0,0,0,1,0,3,0,0,0,1,1,0,1,1,0,0,1,1,0,2,4,3,0,2,0,0,3,0,0,0,0,0,0,0,0,0
vinItadeva-saMtAnAntarasiddhiTIkA,1,0,0,1,2,0,3,4,0,0,0,0,3,3,3,0,0,0,1,0,0,3,0,2,0,3,0,2,5,1,0,6,3,0,2,6,0,1,0,0,0,0,0,0,0,0,0
vinayasUtra-1pravrajyAvastu,3,0,0,2,7,0,0,5,0,0,0,0,9,9,9,2,9,7,6,1,3,3,0,9,1,3,7,8,10,0,5,9,10,0,9,7,0,7,0,0,0,0,0,0,1,0,0
vinayasUtra,881,2,2,132,128,0,269,227,4,5,3,0,191,151,194,21,176,47,101,5,16,29,0,241,10,30,105,142,446,6,42,338,155,0,206,53,0,81,0,0,0,0,0,0,7,0,0
vizvanAthakavirAja-sAhityadarpaNa-comm,151,1,3,22,69,2,37,36,1,1,0,0,62,34,65,3,80,15,26,3,23,21,0,73,1,14,47,69,125,1,27,112,90,0,110,43,0,34,1,0,0,0,0,0,1,0,0
vizvanAthakavirAja-sAhityadarpaNa,120,0,3,36,31,1,50,31,3,1,0,0,10,6,14,0,7,1,0,0,3,1,0,13,1,1,11,6,21,1,3,22,17,0,28,7,0,4,0,0,0,0,0,0,1,0,0
vizvantarAvadAna,75,0,0,21,31,0,65,27,0,0,0,0,31,12,23,0,30,4,21,0,3,6,0,26,0,4,34,19,43,0,10,36,30,0,35,16,0,16,0,0,0,0,0,0,0,0,0
vizvezvarakavicandra-camatkAracandrikA,3,0,0,1,2,0,0,7,0,0,0,0,0,0,2,0,0,0,2,0,0,1,0,1,0,0,0,0,0,0,0,1,0,0,1,0,0,2,0,0,0,0,0,0,0,0,0
vyAsatIrtha-tarkatANDava-comm,17,0,0,2,8,0,4,3,0,0,0,0,3,2,12,1,3,1,2,1,2,6,0,4,0,2,2,7,8,0,2,10,8,0,9,3,0,3,0,0,0,0,0,0,0,0,0
yAjJavalkyasmRti,288,2,2,111,39,4,67,112,6,4,13,0,77,50,185,7,174,34,68,7,45,32,0,120,0,18,77,83,205,4,30,192,144,0,185,63,0,77,0,0,0,0,0,0,2,0,0
yAmuna-Atmasiddhi,9,0,0,4,52,0,2,2,0,0,0,0,65,55,95,0,57,16,41,23,53,74,0,70,0,11,46,84,100,4,20,103,90,0,91,43,0,52,0,0,0,0,0,0,0,0,0
yAmuna-Izvarasiddhi-alt,3,0,0,0,2,0,0,0,0,0,0,0,12,11,25,1,9,2,10,10,9,16,0,13,0,1,10,19,23,2,5,24,18,0,20,12,0,9,0,0,0,0,0,0,0,0,0
yAmuna-Izvarasiddhi,42,2,0,18,30,0,22,10,4,0,0,0,4,2,19,0,7,2,6,6,6,9,0,14,0,0,6,15,18,0,4,18,13,0,15,7,0,10,0,0,0,0,0,0,0,0,0
yAmuna-catuHzlokI,0,0,0,0,2,0,0,2,0,0,0,0,1,0,0,0,1,0,0,0,1,0,0,0,0,0,2,3,1,0,1,4,2,0,3,1,0,0,0,0,0,0,0,0,0,0,0
yAmuna-gItArthasaMgraha,8,0,0,0,2,0,4,4,0,0,0,0,5,4,3,0,0,0,2,0,0,0,0,7,0,0,1,0,6,0,0,3,3,0,0,0,0,4,0,0,0,0,0,0,1,0,0
yAmuna-saMvitsiddhi-alt,64,1,0,23,20,0,10,7,0,0,0,0,22,13,9,0,6,1,4,2,1,13,0,11,0,0,13,29,33,0,0,33,31,0,35,12,0,3,0,0,0,0,0,0,0,0,0
yAmuna-saMvitsiddhi-comm,2,0,0,0,2,0,0,0,0,0,0,0,2,1,3,0,0,0,2,1,1,1,0,1,0,0,1,2,2,0,0,3,1,0,1,0,0,1,0,0,0,0,0,0,0,0,0
yAmuna-saMvitsiddhi,60,1,0,24,20,0,10,9,0,0,0,0,21,12,12,0,6,1,5,3,1,13,0,12,0,0,12,27,33,0,0,30,29,0,34,12,0,3,0,0,0,0,0,0,0,0,0
yAmuna-stotraratna,46,1,0,12,16,0,9,9,0,0,0,0,13,12,6,0,10,5,4,0,4,2,0,11,0,2,17,18,18,0,0,13,26,0,12,7,0,7,0,0,0,0,0,0,0,0,0
yamasmRti-182v,22,0,0,21,10,0,19,13,0,0,2,0,28,20,56,1,20,3,10,2,8,8,0,25,0,1,12,15,47,0,5,36,37,0,26,25,0,12,0,0,0,0,0,0,0,0,0
yamasmRti-78v,11,0,0,4,2,0,8,0,0,0,0,0,7,5,6,0,9,4,2,0,2,0,0,8,0,0,1,8,12,0,4,19,9,0,12,6,0,7,0,0,0,0,0,0,0,0,0
yamasmRti-99v,21,0,0,10,2,0,7,15,0,0,0,0,7,4,19,0,20,6,10,1,2,1,0,16,0,0,10,12,24,0,4,29,23,0,24,4,0,7,0,0,0,0,0,0,0,0,0
yamasmRti-s,42,0,0,16,9,0,15,47,2,0,0,0,16,11,14,2,38,3,16,4,3,3,0,28,3,1,11,18,33,0,11,46,38,0,40,7,0,11,0,0,0,0,0,0,0,0,0
yazodhara-rasaprakAzasudhAkara,33,0,0,9,4,0,11,10,0,3,0,0,7,6,15,1,7,0,8,0,4,2,0,14,4,1,9,3,14,0,6,23,18,0,5,2,0,6,0,0,0,0,0,0,1,0,0
yazomitra-sphuTArthA-abhidharmakozavyAkhyA,1135,9,18,608,1153,3,528,447,13,10,8,0,528,471,687,11,517,166,199,17,233,137,0,605,13,126,243,518,756,57,158,747,656,0,613,346,0,203,0,0,0,0,0,0,35,0,0
yogazataka,60,0,0,20,16,0,23,11,0,2,0,0,6,4,39,4,10,1,20,5,7,15,0,27,1,5,14,17,48,0,3,69,15,0,26,10,0,13,0,0,0,0,0,0,0,0,0
yuktidIpikA,12,0,0,8,4,0,4,2,2,0,0,0,127,100,165,3,115,34,83,18,63,45,0,164,8,55,69,118,230,4,36,207,172,0,165,85,0,79,0,0,0,0,0,0,4,0,0
zAkyabuddhi-pramANavArttikaTIkA,154,2,0,74,117,0,35,40,2,0,0,0,42,35,27,0,29,7,11,2,16,15,0,54,0,2,3,56,64,3,9,86,87,0,57,29,0,16,0,0,0,0,0,0,0,0,0
zAlikanAthamizra-prakaraNapaJcikA-comm,1,0,0,0,4,0,0,0,0,0,0,0,1,1,1,0,1,0,1,1,2,1,0,2,0,1,1,2,1,0,0,2,1,0,2,1,0,2,0,0,0,0,0,0,0,0,0
zAlinAtha-rasamaJjarI,48,0,2,15,8,0,8,14,2,2,0,0,108,71,249,7,129,17,99,5,63,50,0,212,26,52,174,111,208,2,79,254,229,0,196,54,0,118,0,0,0,0,0,0,5,16,0
zAlistambasUtra,0,0,0,0,0,0,0,0,0,0,0,0,14,10,5,0,11,6,0,0,2,4,0,9,0,0,4,11,12,2,1,14,7,0,9,6,0,4,0,0,0,0,0,0,4,0,0
zAntarakSita-tattvasaMgraha,0,0,0,2,19,3,0,1,0,0,0,0,0,0,0,0,0,0,0,0,0,0,0,0,0,0,0,0,0,0,0,0,0,0,1,0,0,0,0,0,0,0,0,0,0,0,0
zAntideva-bodhicaryAvatAra-alt,0,0,0,0,0,0,1,0,0,0,0,0,0,0,0,0,0,0,0,0,0,0,0,0,0,0,0,0,1,0,0,0,0,0,0,0,0,0,0,0,0,0,0,0,0,0,0
zAntideva-bodhicaryAvatAra,48,0,0,11,13,0,4,11,1,0,0,0,3,2,7,0,11,1,2,0,3,4,0,13,0,2,7,11,8,0,0,25,8,0,6,6,0,3,0,0,0,0,0,0,0,0,0
zAntideva-zikSAsamuccaya-alt,796,2,1,259,173,0,366,305,7,3,1,0,153,96,167,4,126,31,47,2,13,38,0,138,8,19,85,108,203,0,20,250,105,0,122,67,0,56,0,0,0,0,0,0,3,0,0
zAntideva-zikSAsamuccaya,508,2,1,200,156,0,268,230,7,3,1,0,228,156,247,8,169,56,85,2,51,70,1,216,11,45,145,185,287,1,36,285,161,0,205,107,0,100,0,0,0,0,0,0,4,0,0
zArdUlakarNAvadAna,403,0,2,133,126,2,139,244,5,5,1,0,305,225,437,18,240,50,145,10,78,71,0,204,11,36,209,212,391,14,69,313,339,0,412,92,0,161,0,0,0,0,0,0,18,0,0
zaGkhAyana-AraNyaka,146,2,4,153,101,6,118,129,4,0,12,0,92,46,56,8,70,12,26,2,96,29,0,52,0,14,86,55,156,2,30,132,75,0,158,42,0,72,0,0,0,0,0,0,4,0,0
zaMkara-kaThopaniSadbhASya,142,2,0,64,68,1,45,88,8,0,2,0,56,26,46,0,46,14,25,1,26,23,0,47,0,11,50,48,88,3,6,71,70,0,77,45,0,44,0,0,0,0,0,0,0,0,0
zaMkara-saundaryalaharI,135,0,2,7,38,0,32,39,8,2,0,0,32,22,25,0,42,7,9,1,19,13,0,44,0,8,26,32,37,2,11,51,69,0,48,8,0,33,0,0,0,0,0,0,2,0,0
zaMkara-upadezasAhasrI,275,2,0,105,167,0,55,96,13,1,4,0,91,50,135,1,82,7,36,1,54,61,0,83,3,10,59,141,166,5,10,238,196,0,141,77,0,69,0,0,0,0,0,0,0,0,0
zaMkara-vivekacuDAmaNi,25,0,0,42,22,0,4,53,2,0,0,0,89,44,29,1,31,4,5,1,10,29,0,68,2,6,53,93,102,4,3,364,66,0,91,33,0,22,0,0,0,0,0,0,0,0,0
"zabara-mImAMsAsUtrabhASya-1,1,1-5",59,0,0,21,24,0,31,14,0,0,1,0,22,14,12,0,16,9,2,1,10,8,0,13,0,3,9,16,30,0,2,18,14,0,24,6,0,10,0,0,0,0,3,0,0,0,0
zayanAsanavastu,73,0,2,46,46,0,50,51,0,2,0,0,58,58,46,4,32,12,39,2,5,17,0,46,2,14,31,41,64,0,16,54,40,0,52,22,0,47,0,0,4,0,0,0,0,0,0
zikSAsamuccayakArikA,0,0,0,0,0,0,0,0,0,0,0,0,3,2,6,0,2,0,1,0,0,1,0,2,0,1,1,3,1,0,2,2,5,0,2,1,0,0,0,0,0,0,0,0,0,0,0
zira-upaniSad,14,0,0,10,6,6,6,14,4,4,2,0,12,7,11,2,9,6,4,0,8,7,0,7,0,0,5,10,15,1,2,16,22,0,7,14,0,11,0,0,0,0,0,0,0,0,0
zivamahimnastava,64,0,0,7,24,0,7,8,4,0,7,0,7,6,3,0,17,6,8,0,4,7,0,21,0,3,10,13,20,0,4,16,28,0,23,12,0,7,0,0,0,0,0,0,0,0,0
zivapurANabooks-1-and-7,2,0,0,0,0,0,0,0,1,0,0,0,2,2,2,0,2,1,1,0,2,2,0,2,0,1,2,2,2,1,1,2,2,0,3,2,0,2,0,0,0,0,0,0,0,0,0
zivasUtra-with-vArttika,77,0,0,31,50,0,20,51,9,0,0,0,37,26,48,0,30,13,7,2,4,18,0,27,0,6,31,27,53,0,13,68,75,0,39,40,0,18,0,0,0,0,0,0,0,0,0
zivasaMkalpopaniSad,52,0,0,2,3,2,4,6,0,0,0,0,2,2,10,0,2,2,4,0,0,11,0,0,0,0,4,5,15,0,0,15,42,0,2,14,0,6,0,0,0,0,0,0,0,0,0
zivopaniSad,177,6,1,37,33,4,73,125,10,0,0,0,65,49,122,1,82,14,38,2,26,23,0,101,1,31,78,68,183,23,15,174,109,0,123,60,0,148,0,0,0,0,0,0,0,0,0
zrAvakabhUmi,801,0,15,253,180,0,597,405,4,11,8,0,307,249,521,14,356,184,94,5,37,94,0,438,14,72,139,238,648,8,92,469,207,0,541,179,0,150,0,0,0,0,0,0,12,0,0
zrIghanAcArasaMgraha,0,0,0,0,0,0,0,0,0,0,0,0,7,6,19,0,11,1,15,1,8,11,0,19,1,3,18,37,22,0,2,41,25,0,30,24,0,14,0,0,0,0,0,0,0,0,0
zrIkaNTha-ratnatrayaparIkSA,27,0,1,2,4,0,1,6,0,0,0,0,0,0,4,0,1,0,0,0,0,0,0,2,0,0,3,0,1,0,0,2,1,0,2,0,0,0,0,0,0,0,0,0,0,0,0
zrImahAdevIvyAkaraNa,0,0,0,0,0,0,0,0,0,0,0,0,1,0,1,0,2,1,0,0,0,0,0,1,0,2,2,2,3,0,0,4,1,0,3,0,0,2,0,0,0,0,0,0,0,0,0
zukasaptati,3,0,0,6,4,0,0,0,0,0,0,0,106,83,112,4,120,26,94,5,36,94,0,169,5,14,125,138,197,7,44,134,125,1,148,103,0,120,0,0,0,0,0,3,1,0,0
zvetAzvataropaniSad-alt,59,0,0,44,16,0,2,18,19,2,1,0,31,17,22,0,17,2,3,0,11,21,0,27,2,2,20,24,48,0,0,37,33,0,29,22,0,16,0,0,0,0,0,0,2,0,0
zvetAzvataropaniSad,55,0,0,44,17,0,2,21,20,2,0,0,30,17,21,0,17,2,4,0,11,21,0,22,2,2,20,23,52,0,0,71,30,0,29,22,0,14,0,0,0,0,0,0,2,0,0
